Time,l_hip_yaw_pos_rad,l_hip_yaw_vel_rad_s,l_hip_roll_pos_rad,l_hip_roll_vel_rad_s,l_hip_pitch_pos_rad,l_hip_pitch_vel_rad_s,l_knee_pos_rad,l_knee_vel_rad_s,l_ankle_pos_rad,l_ankle_vel_rad_s,r_hip_yaw_pos_rad,r_hip_yaw_vel_rad_s,r_hip_roll_pos_rad,r_hip_roll_vel_rad_s,r_hip_pitch_pos_rad,r_hip_pitch_vel_rad_s,r_knee_pos_rad,r_knee_vel_rad_s,r_ankle_pos_rad,r_ankle_vel_rad_s,l_shoulder_pitch_pos_rad,l_shoulder_pitch_vel_rad_s,l_shoulder_roll_pos_rad,l_shoulder_roll_vel_rad_s,l_shoulder_yaw_pos_rad,l_shoulder_yaw_vel_rad_s,l_elbow_pos_rad,l_elbow_vel_rad_s,r_shoulder_pitch_pos_rad,r_shoulder_pitch_vel_rad_s,r_shoulder_roll_pos_rad,r_shoulder_roll_vel_rad_s,r_shoulder_yaw_pos_rad,r_shoulder_yaw_vel_rad_s,r_elbow_pos_rad,r_elbow_vel_rad_s,missed_ticks
4198.37,-0.000195198,0.028576,0.00202723,-0.0106117,-0.00202964,0.00195674,0,0,0,0,0,0,0,0,0,0,0,0,0,0,0,0,0,0,0,0,0,0,0,0,0,0,0,0,0,0,0
4198.41,-0.000195198,0.028576,0.00202723,-0.0106117,-0.00202964,0.00195674,0,0,0,0,0.00174082,0.010276,0.00497643,-0.00735602,0.00107248,-0.00248311,0,0,0,0,0,0,0,0,0,0,0,0,0,0,0,0,0,0,0,0,0
4198.42,-0.000195198,0.028576,0.00202723,-0.0106117,-0.00202964,0.00195674,0,0,0,0,0.00171625,-0.00415187,0.0049651,-0.00747305,0.00107362,-0.00529191,0,0,0,0,0,0,0,0,0,0,0,0,0,0,0,0,0,0,0,0,0
4198.42,-0.000195198,0.028576,0.00202723,-0.0106117,-0.00202964,0.00195674,0,0,0,0,0.00170652,-0.0163983,0.00500742,0.0138387,0.00110635,0.00556411,0,0,0,0,0,0,0,0,0,0,0,0,0,0,0,0,0,0,0,0,0
4198.43,-0.000195198,0.028576,0.00202723,-0.0106117,-0.00202964,0.00195674,0,0,0,0,0.00176809,0.01771,0.00495741,-0.0181442,0.00107294,-0.00378686,0,0,0,0,0,0,0,0,0,0,0,0,0,0,0,0,0,0,0,0,0
4198.45,-0.000195198,0.028576,0.00202723,-0.0106117,-0.00202964,0.00195674,0,0,0,0,0.0016839,-0.0114079,0.00489089,-0.00182736,0.0010509,-0.0058958,0,0,0,0,0,0,0,0,0,0,0,0,0,0,0,0,0,0,0,0,0
4198.46,-0.000195198,0.028576,0.00202723,-0.0106117,-0.00202964,0.00195674,0,0,0,0,0.00175131,0.0131691,0.00489943,-0.00434592,0.00103763,-0.00291379,0,0,0,0,0,0,0,0,0,0,0,0,0,0,0,0,0,0,0,0,0
4198.46,-0.000195198,0.028576,0.00202723,-0.0106117,-0.00202964,0.00195674,0,0,0,0,0.00169214,0.00047797,0.00490711,0.0144497,0.00103248,0.00154752,0,0,0,0,0,0,0,0,0,0,0,0,0,0,0,0,0,0,0,0,0
4198.47,-0.000195198,0.028576,0.00202723,-0.0106117,-0.00202964,0.00195674,0,0,0,0,0.00176535,0.0200881,0.00491374,0.00898887,0.00104205,0.00822077,0,0,0,0,0,0,0,0,0,0,0,0,0,0,0,0,0,0,0,0,0
4198.5,-0.000195198,0.028576,0.00202723,-0.0106117,-0.00202964,0.00195674,0,0,0,0,0.00169004,-0.00588397,0.00491104,0.0015947,0.00103405,0.00739218,0,0,0,0,0,0,0,0,0,0,0,0,0,0,0,0,0,0,0,0,0
4198.51,-0.000195198,0.028576,0.00202723,-0.0106117,-0.00202964,0.00195674,0,0,0,0,0.0016818,-0.00258363,0.00489782,0.000347119,0.00102053,-0.000584822,0,0,0,0,0,0,0,0,0,0,0,0,0,0,0,0,0,0,0,0,0
4198.51,-0.000195198,0.028576,0.00202723,-0.0106117,-0.00202964,0.00195674,0,0,0,0,0.00171292,0.00201345,0.00490724,0.0101967,0.000998099,-0.00979067,0,0,0,0,0,0,0,0,0,0,0,0,0,0,0,0,0,0,0,0,0
4198.52,-0.000195198,0.028576,0.00202723,-0.0106117,-0.00202964,0.00195674,0,0,0,0,0.00172314,0.00896523,0.00488498,0.000555438,0.00103377,0.0128764,0,0,0,0,0,0,0,0,0,0,0,0,0,0,0,0,0,0,0,0,0
4198.52,-0.000195198,0.028576,0.00202723,-0.0106117,-0.00202964,0.00195674,0,0,0,0,0.00173112,-0.00648318,0.00490215,0.000897176,0.0010228,0.00540729,0,0,0,0,0,0,0,0,0,0,0,0,0,0,0,0,0,0,0,0,0
4198.53,-0.000195198,0.028576,0.00202723,-0.0106117,-0.00202964,0.00195674,0,0,0,0,0.00176015,0.0232059,0.00493671,0.0151612,0.00100175,-0.000149456,0,0,0,0,0,0,0,0,0,0,0,0,0,0,0,0,0,0,0,0,0
4198.53,-0.000195198,0.028576,0.00202723,-0.0106117,-0.00202964,0.00195674,0,0,0,0,0.00172105,0.00334763,0.00492419,-0.00433422,0.00100673,-0.00862268,0,0,0,0,0,0,0,0,0,0,0,0,0,0,0,0,0,0,0,0,0
4198.54,-0.000195198,0.028576,0.00202723,-0.0106117,-0.00202964,0.00195674,0,0,0,0,0.00172985,0.00224283,0.00488625,-0.00804886,0.00100566,0.00792351,0,0,0,0,0,0,0,0,0,0,0,0,0,0,0,0,0,0,0,0,0
4198.54,-0.000195198,0.028576,0.00202723,-0.0106117,-0.00202964,0.00195674,0,0,0,0,0.00170431,-0.00459661,0.00490057,-0.00437401,0.000995814,-0.000870381,0,0,0,0,0,0,0,0,0,0,0,0,0,0,0,0,0,0,0,0,0
4198.55,-0.000195198,0.028576,0.00202723,-0.0106117,-0.00202964,0.00195674,0,0,0,0,0.00173011,0.0135014,0.00486391,-0.00472277,0.000998979,0.00966263,0,0,0,0,0,0,0,0,0,0,0,0,0,0,0,0,0,0,0,0,0
4198.55,-0.000195198,0.028576,0.00202723,-0.0106117,-0.00202964,0.00195674,0,0,0,0,0.00171633,-0.00868809,0.00489265,0.00623858,0.000979242,-0.0135264,0,0,0,0,0,0,0,0,0,0,0,0,0,0,0,0,0,0,0,0,0
4198.56,-0.000195198,0.028576,0.00202723,-0.0106117,-0.00202964,0.00195674,0,0,0,0,0.00172573,0.00590364,0.00484447,-0.0224814,0.000989279,-0.00423392,0,0,0,0,0,0,0,0,0,0,0,0,0,0,0,0,0,0,0,0,0
4198.57,-0.000195198,0.028576,0.00202723,-0.0106117,-0.00202964,0.00195674,0,0,0,0,0.00170551,0.00220538,0.00485728,-0.00337923,0.000993586,-0.000430338,0,0,0,0,0,0,0,0,0,0,0,0,0,0,0,0,0,0,0,0,0
4198.58,-0.000195198,0.028576,0.00202723,-0.0106117,-0.00202964,0.00195674,0,0,0,0,0.00175704,0.0175134,0.00488419,0.0103628,0.00103102,0.0137518,0,0,0,0,0,0,0,0,0,0,0,0,0,0,0,0,0,0,0,0,0
4198.58,-0.000195198,0.028576,0.00202723,-0.0106117,-0.00202964,0.00195674,0,0,0,0,0.00170891,-0.0144602,0.00485088,-0.0106353,0.00097928,-0.0110991,0,0,0,0,0,0,0,0,0,0,0,0,0,0,0,0,0,0,0,0,0
4198.59,-0.000195198,0.028576,0.00202723,-0.0106117,-0.00202964,0.00195674,0,0,0,0,0.00167569,-0.0118714,0.00485835,-0.00424996,0.00100096,0.00572562,0,0,0,0,0,0,0,0,0,0,0,0,0,0,0,0,0,0,0,0,0
4198.59,-0.000195198,0.028576,0.00202723,-0.0106117,-0.00202964,0.00195674,0,0,0,0,0.00173472,0.00435411,0.00489557,0.00681204,0.00097061,-0.0101862,0,0,0,0,0,0,0,0,0,0,0,0,0,0,0,0,0,0,0,0,0
4198.66,-0.000195198,0.028576,0.00202723,-0.0106117,-0.00202964,0.00195674,0,0,0,0,0.00170831,-0.000963881,0.00485296,0.00304591,0.00100289,0.00176053,0,0,0,0,0,0,0,0,0,0,0,0,0,0,0,0,0,0,0,0,0
4198.66,-0.000195198,0.028576,0.00202723,-0.0106117,-0.00202964,0.00195674,0,0,0,0,0.00166584,-0.0257562,0.00489063,0.0133191,0.00100169,0.0148074,0,0,0,0,0,0,0,0,0,0,0,0,0,0,0,0,0,0,0,0,0
4198.67,-0.000195198,0.028576,0.00202723,-0.0106117,-0.00202964,0.00195674,0,0,0,0,0.00169277,-0.0142074,0.00489599,0.0167973,0.000993885,-0.000299264,0,0,0,0,0,0,0,0,0,0,0,0,0,0,0,0,0,0,0,0,0
4198.67,-0.000195198,0.028576,0.00202723,-0.0106117,-0.00202964,0.00195674,0,0,0,0,0.00175003,0.0129069,0.00481618,-0.0172898,0.00100669,-0.00122851,0,0,0,0,0,0,0,0,0,0,0,0,0,0,0,0,0,0,0,0,0
4198.68,-0.000195198,0.028576,0.00202723,-0.0106117,-0.00202964,0.00195674,0,0,0,0,0.00173944,0.0100373,0.00485704,-0.0118033,0.00101456,0.0023176,0,0,0,0,0,0,0,0,0,0,0,0,0,0,0,0,0,0,0,0,0
4198.68,-0.000195198,0.028576,0.00202723,-0.0106117,-0.00202964,0.00195674,0,0,0,0,0.00176228,0.0044103,0.0048641,0.00106804,0.000930781,-0.0123467,0,0,0,0,0,0,0,0,0,0,0,0,0,0,0,0,0,0,0,0,0
4198.69,-0.000195198,0.028576,0.00202723,-0.0106117,-0.00202964,0.00195674,0,0,0,0,0.0017346,0.000534147,0.00484408,-0.0134464,0.00096312,-0.0132993,0,0,0,0,0,0,0,0,0,0,0,0,0,0,0,0,0,0,0,0,0
4198.7,-0.000195198,0.028576,0.00202723,-0.0106117,-0.00202964,0.00195674,0,0,0,0,0.00172416,0.00397493,0.00485007,0.00609346,0.000970217,-0.00428542,0,0,0,0,0,0,0,0,0,0,0,0,0,0,0,0,0,0,0,0,0
4198.72,-0.000195198,0.028576,0.00202723,-0.0106117,-0.00202964,0.00195674,0,0,0,0,0.00171468,0.010791,0.00487232,0.00934699,0.000992987,-0.00127532,0,0,0,0,0,0,0,0,0,0,0,0,0,0,0,0,0,0,0,0,0
4198.73,-0.000289199,-0.0126309,0.00204845,-0.011218,-0.00200882,0.00786926,0,0,0,0,0.00171329,0.0095504,0.00486751,0.00348361,0.000985328,-0.00120744,0,0,0,0,0,0,0,0,0,0,0,0,0,0,0,0,0,0,0,0,0
4198.73,-0.00017533,0.0218688,0.00204967,-0.00358388,-0.00200204,0.0148632,0,0,0,0,0.00171329,0.0095504,0.00486751,0.00348361,0.000985328,-0.00120744,0,0,0,0,0,0,0,0,0,0,0,0,0,0,0,0,0,0,0,0,0
4198.74,-0.000267318,-0.021299,0.0020569,0.000374193,-0.00204054,-0.00135298,0,0,0,0,0.00171329,0.0095504,0.00486751,0.00348361,0.000985328,-0.00120744,0,0,0,0,0,0,0,0,0,0,0,0,0,0,0,0,0,0,0,0,0
4198.74,-0.000215608,-0.00731348,0.00206378,-0.00112032,-0.00202732,0.00575798,0,0,0,0,0.00171329,0.0095504,0.00486751,0.00348361,0.000985328,-0.00120744,0,0,0,0,0,0,0,0,0,0,0,0,0,0,0,0,0,0,0,0,0
4198.75,-0.000250213,0.00387316,0.00207875,-0.00159314,-0.00204368,-0.00356725,0,0,0,0,0.00171329,0.0095504,0.00486751,0.00348361,0.000985328,-0.00120744,0,0,0,0,0,0,0,0,0,0,0,0,0,0,0,0,0,0,0,0,0
4198.76,-0.000186327,0.0386479,0.0020449,-0.0175038,-0.00207091,-0.0152097,0,0,0,0,0.00171329,0.0095504,0.00486751,0.00348361,0.000985328,-0.00120744,0,0,0,0,0,0,0,0,0,0,0,0,0,0,0,0,0,0,0,0,0
4198.77,-0.000285777,0.00161149,0.00206412,0.00770517,-0.0020481,-0.00933933,0,0,0,0,0.00171329,0.0095504,0.00486751,0.00348361,0.000985328,-0.00120744,0,0,0,0,0,0,0,0,0,0,0,0,0,0,0,0,0,0,0,0,0
4198.77,-0.000294297,0.00401945,0.00208112,0.0110242,-0.00202268,0.00987288,0,0,0,0,0.00172408,0.00581937,0.00482783,0.0045018,0.00103188,0.00856251,0,0,0,0,0,0,0,0,0,0,0,0,0,0,0,0,0,0,0,0,0
4198.78,-0.000294297,0.00401945,0.00208112,0.0110242,-0.00202268,0.00987288,0,0,0,0,0.001727,0.00320718,0.00486715,0.0079777,0.000975572,-0.0112723,0,0,0,0,0,0,0,0,0,0,0,0,0,0,0,0,0,0,0,0,0
4198.78,-0.000294297,0.00401945,0.00208112,0.0110242,-0.00202268,0.00987288,0,0,0,0,0.00170034,-0.000973251,0.00479131,-0.0145115,0.000944114,-0.0199351,0,0,0,0,0,0,0,0,0,0,0,0,0,0,0,0,0,0,0,0,0
4198.79,-0.000294297,0.00401945,0.00208112,0.0110242,-0.00202268,0.00987288,0,0,0,0,0.00173738,0.00764041,0.00480101,-0.00736305,0.000945162,-0.00377984,0,0,0,0,0,0,0,0,0,0,0,0,0,0,0,0,0,0,0,0,0
4198.79,-0.000294297,0.00401945,0.00208112,0.0110242,-0.00202268,0.00987288,0,0,0,0,0.00171168,-0.00747095,0.00482661,0.00505186,0.00102003,0.0107744,0,0,0,0,0,0,0,0,0,0,0,0,0,0,0,0,0,0,0,0,0
4198.8,-0.000294297,0.00401945,0.00208112,0.0110242,-0.00202268,0.00987288,0,0,0,0,0.00171846,0.00343657,0.00483839,-0.0027098,0.00100149,0.00879891,0,0,0,0,0,0,0,0,0,0,0,0,0,0,0,0,0,0,0,0,0
4198.81,-0.000294297,0.00401945,0.00208112,0.0110242,-0.00202268,0.00987288,0,0,0,0,0.00167225,-0.016623,0.00483311,0.00561596,0.000964299,-0.0148442,0,0,0,0,0,0,0,0,0,0,0,0,0,0,0,0,0,0,0,0,0
4198.84,-0.000275984,-0.00299261,0.00207983,0.0175617,-0.00202211,0.0107389,0,0,0,0,0.00167225,-0.016623,0.00483311,0.00561596,0.000964299,-0.0148442,0,0,0,0,0,0,0,0,0,0,0,0,0,0,0,0,0,0,0,0,0
4198.85,-0.000271349,0.000386146,0.00206659,0.00292903,-0.00201975,-0.00187259,0,0,0,0,0.00167225,-0.016623,0.00483311,0.00561596,0.000964299,-0.0148442,0,0,0,0,0,0,0,0,0,0,0,0,0,0,0,0,0,0,0,0,0
4198.85,-0.000235701,0.00346881,0.00207113,-0.00709137,-0.00202043,0.00764925,0,0,0,0,0.00167225,-0.016623,0.00483311,0.00561596,0.000964299,-0.0148442,0,0,0,0,0,0,0,0,0,0,0,0,0,0,0,0,0,0,0,0,0
4198.86,-0.00020802,0.026494,0.00204936,0.00583029,-0.00204713,-0.0109263,0,0,0,0,0.00170727,-0.00166609,0.00482949,0.0103113,0.000991695,-0.000252452,0,0,0,0,0,0,0,0,0,0,0,0,0,0,0,0,0,0,0,0,0
4198.86,-0.000261748,-0.00993796,0.00207438,0.0014392,-0.00199852,-0.00066949,0,0,0,0,0.00170727,-0.00166609,0.00482949,0.0103113,0.000991695,-0.000252452,0,0,0,0,0,0,0,0,0,0,0,0,0,0,0,0,0,0,0,0,0
4198.87,-0.000290229,-0.0155913,0.00208453,0.0157992,-0.00204181,0.00112346,0,0,0,0,0.00170727,-0.00166609,0.00482949,0.0103113,0.000991695,-0.000252452,0,0,0,0,0,0,0,0,0,0,0,0,0,0,0,0,0,0,0,0,0
4198.87,-0.000332221,-0.0117011,0.00207669,0.00320641,-0.00202339,0.00355776,0,0,0,0,0.00170727,-0.00166609,0.00482949,0.0103113,0.000991695,-0.000252452,0,0,0,0,0,0,0,0,0,0,0,0,0,0,0,0,0,0,0,0,0
4198.88,-0.000282795,-0.0216758,0.00204633,-0.0023047,-0.00203915,-0.00171811,0,0,0,0,0.00169491,-0.00526604,0.00482193,0.0060841,0.000925575,-0.0150736,0,0,0,0,0,0,0,0,0,0,0,0,0,0,0,0,0,0,0,0,0
4198.88,-0.000283961,-0.00815612,0.00207412,9.09758e-05,-0.00206735,-0.0110527,0,0,0,0,0.00169981,-0.00033191,0.00477496,-0.0177111,0.00096649,-0.00279442,0,0,0,0,0,0,0,0,0,0,0,0,0,0,0,0,0,0,0,0,0
4198.89,-0.000271475,-0.013848,0.00204233,-0.0104268,-0.00203833,-0.00469544,0,0,0,0,0.00169981,-0.00033191,0.00477496,-0.0177111,0.00096649,-0.00279442,0,0,0,0,0,0,0,0,0,0,0,0,0,0,0,0,0,0,0,0,0
4198.9,-0.000186158,0.0162366,0.00203054,0.000560278,-0.00199384,0.00848721,0,0,0,0,0.00169981,-0.00033191,0.00477496,-0.0177111,0.00096649,-0.00279442,0,0,0,0,0,0,0,0,0,0,0,0,0,0,0,0,0,0,0,0,0
4198.91,-0.000151568,0.0194907,0.00198679,-0.00865845,-0.00202282,-0.00770086,0,0,0,0,0.00169981,-0.00033191,0.00477496,-0.0177111,0.00096649,-0.00279442,0,0,0,0,0,0,0,0,0,0,0,0,0,0,0,0,0,0,0,0,0
4198.93,-0.000198774,-0.000302592,0.00198617,-0.00155803,-0.00201563,-0.00450819,0,0,0,0,0.00172371,-0.0120072,0.0048268,0.0158985,0.000965011,0.00143986,0,0,0,0,0,0,0,0,0,0,0,0,0,0,0,0,0,0,0,0,0
4198.93,-0.000198774,-0.000302592,0.00198617,-0.00155803,-0.00201563,-0.00450819,0,0,0,0,0.00174584,0.00244881,0.00482927,0.00967,0.000951866,-0.00574834,0,0,0,0,0,0,0,0,0,0,0,0,0,0,0,0,0,0,0,0,0
4198.95,-0.000198774,-0.000302592,0.00198617,-0.00155803,-0.00201563,-0.00450819,0,0,0,0,0.00178554,0.0190769,0.00471579,-0.00827357,0.000978025,0.00229186,0,0,0,0,0,0,0,0,0,0,0,0,0,0,0,0,0,0,0,0,0
4198.95,-0.000198774,-0.000302592,0.00198617,-0.00155803,-0.00201563,-0.00450819,0,0,0,0,0.00178104,0.0160575,0.00458786,-0.0238203,0.000970273,0.00772221,0,0,0,0,0,0,0,0,0,0,0,0,0,0,0,0,0,0,0,0,0
4198.96,-0.000198774,-0.000302592,0.00198617,-0.00155803,-0.00201563,-0.00450819,0,0,0,0,0.00174532,0.00146104,0.00453968,-0.0103053,0.000990496,0.0214971,0,0,0,0,0,0,0,0,0,0,0,0,0,0,0,0,0,0,0,0,0
4198.96,-5.06848e-05,0.00126975,0.001709,-0.00747875,-0.00203897,-0.00687695,0,0,0,0,0.00174333,-0.00949328,0.00451071,-0.0112977,0.000968232,-0.00198454,0,0,0,0,0,0,0,0,0,0,0,0,0,0,0,0,0,0,0,0,0
4198.97,-5.06848e-05,0.00126975,0.001709,-0.00747875,-0.00203897,-0.00687695,0,0,0,0,0.00175988,-0.0148487,0.00443903,-0.00263022,0.000984879,0.0122608,0,0,0,0,0,0,0,0,0,0,0,0,0,0,0,0,0,0,0,0,0
4198.98,-1.3281e-05,0.00435358,0.00119104,-0.0539797,-0.00201155,0.00393695,0,0,0,0,0.00175988,-0.0148487,0.00443903,-0.00263022,0.000984879,0.0122608,0,0,0,0,0,0,0,0,0,0,0,0,0,0,0,0,0,0,0,0,0
4198.99,0.000136433,0.0180003,-0.000207711,-0.0630111,-0.00204769,-0.0132904,0,0,0,0,0.00185235,0.026745,0.00433284,0.023281,0.000959019,0.0154441,0,0,0,0,0,0,0,0,0,0,0,0,0,0,0,0,0,0,0,0,0
4199,0.000136433,0.0180003,-0.000207711,-0.0630111,-0.00204769,-0.0132904,0,0,0,0,0.00177333,-0.0112301,0.00433314,0.0136725,0.000939713,-0.00805858,0,0,0,0,0,0,0,0,0,0,0,0,0,0,0,0,0,0,0,0,0
4199,0.000136433,0.0180003,-0.000207711,-0.0630111,-0.00204769,-0.0132904,0,0,0,0,0.00185104,0.022396,0.00424152,-0.0114897,0.000931006,0.00402396,0,0,0,0,0,0,0,0,0,0,0,0,0,0,0,0,0,0,0,0,0
4199.01,0.000136433,0.0180003,-0.000207711,-0.0630111,-0.00204769,-0.0132904,0,0,0,0,0.00176183,-0.0196799,0.0042635,0.00875479,0.000875391,-0.0162158,0,0,0,0,0,0,0,0,0,0,0,0,0,0,0,0,0,0,0,0,0
4199.02,0.000290154,0.0224066,-0.0017611,-0.0716061,-0.002025,-0.00930188,0,0,0,0,0.00183475,0.0080945,0.00404998,-0.00827825,0.000863969,-0.025204,0,0,0,0,0,0,0,0,0,0,0,0,0,0,0,0,0,0,0,0,0
4199.03,0.000273264,-0.0152911,-0.00203824,-0.091737,-0.00203571,-0.00681141,0,0,0,0,0.00183475,0.0080945,0.00404998,-0.00827825,0.000863969,-0.025204,0,0,0,0,0,0,0,0,0,0,0,0,0,0,0,0,0,0,0,0,0
4199.03,0.000344841,0.00677501,-0.00238905,-0.0447527,-0.00201387,3.27105e-05,0,0,0,0,0.00185216,0.0115259,0.00394753,-0.00508558,0.000888218,-0.0038126,0,0,0,0,0,0,0,0,0,0,0,0,0,0,0,0,0,0,0,0,0
4199.04,0.000366788,0.000340513,-0.00242698,-0.0300803,-0.0020132,0.00227039,0,0,0,0,0.00185299,0.00619856,0.00394131,0.00716782,0.00090097,-0.0100505,0,0,0,0,0,0,0,0,0,0,0,0,0,0,0,0,0,0,0,0,0
4199.04,0.000501633,0.0328858,-0.0026814,-0.0133035,-0.00200863,0.0142733,0,0,0,0,0.00185546,-0.0041472,0.00382271,-0.0182238,0.000852153,-0.00385005,0,0,0,0,0,0,0,0,0,0,0,0,0,0,0,0,0,0,0,0,0
4199.05,0.000476223,0.0022663,-0.00276633,-0.0369326,-0.00203518,-0.00132488,0,0,0,0,0.00191388,0.0097002,0.00379194,0.00164384,0.000844513,0.00503279,0,0,0,0,0,0,0,0,0,0,0,0,0,0,0,0,0,0,0,0,0
4199.07,0.00073357,0.0278843,-0.00290013,-0.00996689,-0.00204919,0.000753636,0,0,0,0,0.00191388,0.0097002,0.00379194,0.00164384,0.000844513,0.00503279,0,0,0,0,0,0,0,0,0,0,0,0,0,0,0,0,0,0,0,0,0
4199.07,0.000889983,0.00755797,-0.00294534,-0.00218534,-0.00203428,-0.00629646,0,0,0,0,0.00191388,0.0097002,0.00379194,0.00164384,0.000844513,0.00503279,0,0,0,0,0,0,0,0,0,0,0,0,0,0,0,0,0,0,0,0,0
4199.08,0.000889983,0.00755797,-0.00294534,-0.00218534,-0.00203428,-0.00629646,0,0,0,0,0.00195702,0.0184683,0.00350097,-0.0241129,0.000728023,-0.00396943,0,0,0,0,0,0,0,0,0,0,0,0,0,0,0,0,0,0,0,0,0
4199.09,0.000889983,0.00755797,-0.00294534,-0.00218534,-0.00203428,-0.00629646,0,0,0,0,0.00194583,-0.0110849,0.00336908,-0.0279726,0.000688943,-0.010858,0,0,0,0,0,0,0,0,0,0,0,0,0,0,0,0,0,0,0,0,0
4199.09,0.00206796,0.0929064,-0.00315347,0.00556696,-0.00205353,-0.00316932,0,0,0,0,0.00200084,0.0206124,0.00328763,-0.0127747,0.000680517,0.00036549,0,0,0,0,0,0,0,0,0,0,0,0,0,0,0,0,0,0,0,0,0
4199.1,0.00270455,0.0670531,-0.00346764,-0.0528877,-0.0020435,0.00396036,0,0,0,0,0.00200084,0.0206124,0.00328763,-0.0127747,0.000680517,0.00036549,0,0,0,0,0,0,0,0,0,0,0,0,0,0,0,0,0,0,0,0,0
4199.11,0.00273904,0.0473096,-0.00347572,-0.0205631,-0.00207518,-0.0138709,0,0,0,0,0.00200148,0.000543505,0.00268057,-0.0471451,0.000628722,-0.00418243,0,0,0,0,0,0,0,0,0,0,0,0,0,0,0,0,0,0,0,0,0
4199.12,0.00273904,0.0473096,-0.00347572,-0.0205631,-0.00207518,-0.0138709,0,0,0,0,0.00207297,0.0157953,0.00200356,-0.0578045,0.000625539,-0.000182225,0,0,0,0,0,0,0,0,0,0,0,0,0,0,0,0,0,0,0,0,0
4199.12,0.00273904,0.0473096,-0.00347572,-0.0205631,-0.00207518,-0.0138709,0,0,0,0,0.00203436,-0.000949843,0.00150014,-0.0862249,0.00059938,0.0134381,0,0,0,0,0,0,0,0,0,0,0,0,0,0,0,0,0,0,0,0,0
4199.14,0.0073549,0.184019,-0.00538256,-0.0331138,-0.00208282,-0.00653052,0,0,0,0,0.00203436,-0.000949843,0.00150014,-0.0862249,0.00059938,0.0134381,0,0,0,0,0,0,0,0,0,0,0,0,0,0,0,0,0,0,0,0,0
4199.15,0.0079114,0.116126,-0.00557946,-0.0491766,-0.00210128,-0.0185194,0,0,0,0,0.00218296,0.0256963,-0.00134113,-0.101245,0.000403063,-0.019694,0,0,0,0,0,0,0,0,0,0,0,0,0,0,0,0,0,0,0,0,0
4199.16,0.0079114,0.116126,-0.00557946,-0.0491766,-0.00210128,-0.0185194,0,0,0,0,0.00217952,0.00822557,-0.00212214,-0.092128,0.000447386,0.0140233,0,0,0,0,0,0,0,0,0,0,0,0,0,0,0,0,0,0,0,0,0
4199.16,0.0110718,0.219665,-0.00701249,-0.115894,-0.00213581,-0.0207009,0,0,0,0,0.00221581,0.0103837,-0.00250646,-0.0597168,0.000375837,-0.0022701,0,0,0,0,0,0,0,0,0,0,0,0,0,0,0,0,0,0,0,0,0
4199.17,0.0110718,0.219665,-0.00701249,-0.115894,-0.00213581,-0.0207009,0,0,0,0,0.00219165,-0.008763,-0.00305053,-0.08839,0.000314548,-0.0217187,0,0,0,0,0,0,0,0,0,0,0,0,0,0,0,0,0,0,0,0,0
4199.17,0.0110718,0.219665,-0.00701249,-0.115894,-0.00213581,-0.0207009,0,0,0,0,0.00226775,0.00615174,-0.00332386,-0.0707999,0.000266818,-0.011071,0,0,0,0,0,0,0,0,0,0,0,0,0,0,0,0,0,0,0,0,0
4199.18,0.0110718,0.219665,-0.00701249,-0.115894,-0.00213581,-0.0207009,0,0,0,0,0.00233003,0.0318242,-0.00366184,-0.0833341,0.000182872,-0.0396904,0,0,0,0,0,0,0,0,0,0,0,0,0,0,0,0,0,0,0,0,0
4199.19,0.0110718,0.219665,-0.00701249,-0.115894,-0.00213581,-0.0207009,0,0,0,0,0.00237321,-0.00910006,-0.00490891,-0.121061,0.00022579,0.00446634,0,0,0,0,0,0,0,0,0,0,0,0,0,0,0,0,0,0,0,0,0
4199.19,0.0110718,0.219665,-0.00701249,-0.115894,-0.00213581,-0.0207009,0,0,0,0,0.00240123,0.00697566,-0.00513593,-0.120364,0.000178097,-0.0113753,0,0,0,0,0,0,0,0,0,0,0,0,0,0,0,0,0,0,0,0,0
4199.2,0.0182934,0.0939702,-0.0114532,-0.13194,-0.00208323,0.00150733,0,0,0,0,0.00240123,0.00697566,-0.00513593,-0.120364,0.000178097,-0.0113753,0,0,0,0,0,0,0,0,0,0,0,0,0,0,0,0,0,0,0,0,0
4199.23,0.0185147,-0.0258908,-0.0150641,-0.0867573,-0.00211656,-0.00231731,0,0,0,0,0.00313114,0.0112216,-0.00993751,-0.078077,-0.000187104,-0.0211195,0,0,0,0,0,0,0,0,0,0,0,0,0,0,0,0,0,0,0,0,0
4199.24,0.0186633,0.0287077,-0.015543,-0.0748198,-0.00215656,-0.0119234,0,0,0,0,0.00325638,-0.0044234,-0.0103355,-0.0995597,-0.000264177,-0.0136294,0,0,0,0,0,0,0,0,0,0,0,0,0,0,0,0,0,0,0,0,0
4199.25,0.018703,0.0168814,-0.0165853,-0.0919992,-0.00219502,-0.00550531,0,0,0,0,0.00325638,-0.0044234,-0.0103355,-0.0995597,-0.000264177,-0.0136294,0,0,0,0,0,0,0,0,0,0,0,0,0,0,0,0,0,0,0,0,0
4199.25,0.018703,0.0168814,-0.0165853,-0.0919992,-0.00219502,-0.00550531,0,0,0,0,0.00359572,0.0132486,-0.0119196,-0.108213,-0.000347992,-0.00102254,0,0,0,0,0,0,0,0,0,0,0,0,0,0,0,0,0,0,0,0,0
4199.27,0.0186287,-0.00972379,-0.0179673,-0.0573456,-0.00223221,0.00233593,0,0,0,0,0.00359572,0.0132486,-0.0119196,-0.108213,-0.000347992,-0.00102254,0,0,0,0,0,0,0,0,0,0,0,0,0,0,0,0,0,0,0,0,0
4199.27,0.0186806,0.0193029,-0.0180916,-0.0617718,-0.00227573,-0.0126022,0,0,0,0,0.00359572,0.0132486,-0.0119196,-0.108213,-0.000347992,-0.00102254,0,0,0,0,0,0,0,0,0,0,0,0,0,0,0,0,0,0,0,0,0
4199.28,0.0186994,0.0113937,-0.0187075,-0.0639533,-0.0023167,4.20752e-05,0,0,0,0,0.00359572,0.0132486,-0.0119196,-0.108213,-0.000347992,-0.00102254,0,0,0,0,0,0,0,0,0,0,0,0,0,0,0,0,0,0,0,0,0
4199.29,0.0187675,0.0393226,-0.0195818,-0.0442449,-0.00234471,0.00907238,0,0,0,0,0.00359572,0.0132486,-0.0119196,-0.108213,-0.000347992,-0.00102254,0,0,0,0,0,0,0,0,0,0,0,0,0,0,0,0,0,0,0,0,0
4199.3,0.0187617,0.00406276,-0.0196051,-0.0313091,-0.00239572,-0.0105518,0,0,0,0,0.00359572,0.0132486,-0.0119196,-0.108213,-0.000347992,-0.00102254,0,0,0,0,0,0,0,0,0,0,0,0,0,0,0,0,0,0,0,0,0
4199.31,0.0188054,0.00795646,-0.0200943,-0.0101987,-0.00254403,0.00171331,0,0,0,0,0.00359572,0.0132486,-0.0119196,-0.108213,-0.000347992,-0.00102254,0,0,0,0,0,0,0,0,0,0,0,0,0,0,0,0,0,0,0,0,0
4199.32,0.0189353,0.0379006,-0.0201497,-0.0157495,-0.00256429,-0.0115723,0,0,0,0,0.00690037,0.0735302,-0.0143623,-0.00109708,-0.00110594,-0.0187508,0,0,0,0,0,0,0,0,0,0,0,0,0,0,0,0,0,0,0,0,0
4199.32,0.0188347,-0.0265988,-0.0202012,-0.0220577,-0.0026426,-0.0111978,0,0,0,0,0.00724379,0.0984303,-0.0143566,-0.0042289,-0.00113629,-0.0030753,0,0,0,0,0,0,0,0,0,0,0,0,0,0,0,0,0,0,0,0,0
4199.33,0.0188347,-0.0265988,-0.0202012,-0.0220577,-0.0026426,-0.0111978,0,0,0,0,0.00791966,0.105649,-0.0143847,-0.0229566,-0.00129548,-0.0226831,0,0,0,0,0,0,0,0,0,0,0,0,0,0,0,0,0,0,0,0,0
4199.33,0.0190594,0.00694061,-0.020355,-0.0202237,-0.00271585,-0.0229058,0,0,0,0,0.00833353,0.0497069,-0.0143904,0.00369661,-0.00134242,-0.00151876,0,0,0,0,0,0,0,0,0,0,0,0,0,0,0,0,0,0,0,0,0
4199.34,0.0190594,0.00694061,-0.020355,-0.0202237,-0.00271585,-0.0229058,0,0,0,0,0.00850427,0.067056,-0.0144255,-0.0170487,-0.00138642,-0.0162486,0,0,0,0,0,0,0,0,0,0,0,0,0,0,0,0,0,0,0,0,0
4199.36,0.0190594,0.00694061,-0.020355,-0.0202237,-0.00271585,-0.0229058,0,0,0,0,0.0105912,0.124744,-0.0147417,-0.00380291,-0.00180271,-0.00792049,0,0,0,0,0,0,0,0,0,0,0,0,0,0,0,0,0,0,0,0,0
4199.36,0.0190594,0.00694061,-0.020355,-0.0202237,-0.00271585,-0.0229058,0,0,0,0,0.0110433,0.0793538,-0.0148946,-0.0277339,-0.00190633,-0.0304588,0,0,0,0,0,0,0,0,0,0,0,0,0,0,0,0,0,0,0,0,0
4199.37,0.0202301,0.0253465,-0.0216133,-0.0509228,-0.00354475,-0.0361821,0,0,0,0,0.0112765,0.0596501,-0.0149995,-0.0211707,-0.00192077,-0.00786197,0,0,0,0,0,0,0,0,0,0,0,0,0,0,0,0,0,0,0,0,0
4199.37,0.0203181,0.0422578,-0.0217046,-0.0532529,-0.00360736,-0.0293286,0,0,0,0,0.0113775,0.0523472,-0.0150421,-0.0269989,-0.00192281,0.00565305,0,0,0,0,0,0,0,0,0,0,0,0,0,0,0,0,0,0,0,0,0
4199.38,0.0207122,0.0515198,-0.022105,-0.0622551,-0.00392457,-0.0336402,0,0,0,0,0.0113775,0.0523472,-0.0150421,-0.0269989,-0.00192281,0.00565305,0,0,0,0,0,0,0,0,0,0,0,0,0,0,0,0,0,0,0,0,0
4199.39,0.0207122,0.0515198,-0.0223858,-0.0361672,-0.0042065,-0.0415376,0,0,0,0,0.0113775,0.0523472,-0.0150421,-0.0269989,-0.00192281,0.00565305,0,0,0,0,0,0,0,0,0,0,0,0,0,0,0,0,0,0,0,0,0
4199.39,0.0212365,0.0690011,-0.0225602,-0.0601298,-0.00428938,-0.0433914,0,0,0,0,0.0113775,0.0523472,-0.0150421,-0.0269989,-0.00192281,0.00565305,0,0,0,0,0,0,0,0,0,0,0,0,0,0,0,0,0,0,0,0,0
4199.41,0.0238171,0.17493,-0.024298,-0.108451,-0.00491192,-0.0222551,0,0,0,0,0.0113775,0.0523472,-0.0150421,-0.0269989,-0.00192281,0.00565305,0,0,0,0,0,0,0,0,0,0,0,0,0,0,0,0,0,0,0,0,0
4199.41,0.0245773,0.105369,-0.0249518,-0.119554,-0.00498368,-0.0137304,0,0,0,0,0.0113775,0.0523472,-0.0150421,-0.0269989,-0.00192281,0.00565305,0,0,0,0,0,0,0,0,0,0,0,0,0,0,0,0,0,0,0,0,0
4199.42,0.0245773,0.105369,-0.0249518,-0.119554,-0.00498368,-0.0137304,0,0,0,0,0.0149586,0.088651,-0.019504,-0.126267,-0.00275193,-0.031257,0,0,0,0,0,0,0,0,0,0,0,0,0,0,0,0,0,0,0,0,0
4199.42,0.0245773,0.105369,-0.0249518,-0.119554,-0.00498368,-0.0137304,0,0,0,0,0.0153747,0.102391,-0.0198884,-0.109475,-0.00283755,-0.0295413,0,0,0,0,0,0,0,0,0,0,0,0,0,0,0,0,0,0,0,0,0
4199.44,0.0289176,0.253925,-0.0280273,-0.152806,-0.00534171,-0.0159073,0,0,0,0,0.0153747,0.102391,-0.0198884,-0.109475,-0.00283755,-0.0295413,0,0,0,0,0,0,0,0,0,0,0,0,0,0,0,0,0,0,0,0,0
4199.44,0.030212,0.210867,-0.0289213,-0.152493,-0.0055302,-0.0351522,0,0,0,0,0.0153747,0.102391,-0.0198884,-0.109475,-0.00283755,-0.0295413,0,0,0,0,0,0,0,0,0,0,0,0,0,0,0,0,0,0,0,0,0
4199.45,0.0305498,0.195073,-0.0292149,-0.152227,-0.00559484,-0.0343143,0,0,0,0,0.0153747,0.102391,-0.0198884,-0.109475,-0.00283755,-0.0295413,0,0,0,0,0,0,0,0,0,0,0,0,0,0,0,0,0,0,0,0,0
4199.45,0.0305498,0.195073,-0.0292149,-0.152227,-0.00559484,-0.0343143,0,0,0,0,0.0175128,0.116219,-0.0227699,-0.135332,-0.00415126,-0.086354,0,0,0,0,0,0,0,0,0,0,0,0,0,0,0,0,0,0,0,0,0
4199.46,0.0333412,0.198819,-0.0313981,-0.172086,-0.00622206,-0.0750887,0,0,0,0,0.0178701,0.0916096,-0.023211,-0.126374,-0.00460464,-0.103057,0,0,0,0,0,0,0,0,0,0,0,0,0,0,0,0,0,0,0,0,0
4199.47,0.0344597,0.130873,-0.0324948,-0.146178,-0.00668049,-0.0769051,0,0,0,0,0.0187007,0.0762267,-0.0248386,-0.18186,-0.00582735,-0.113578,0,0,0,0,0,0,0,0,0,0,0,0,0,0,0,0,0,0,0,0,0
4199.48,0.034883,0.0796863,-0.0332446,-0.117843,-0.00704073,-0.0682493,0,0,0,0,0.019127,0.0707495,-0.025618,-0.150041,-0.00659501,-0.151949,0,0,0,0,0,0,0,0,0,0,0,0,0,0,0,0,0,0,0,0,0
4199.48,0.035002,0.060501,-0.0333918,-0.105266,-0.0071478,-0.0594624,0,0,0,0,0.019127,0.0707495,-0.025618,-0.150041,-0.00659501,-0.151949,0,0,0,0,0,0,0,0,0,0,0,0,0,0,0,0,0,0,0,0,0
4199.49,0.0350435,0.00357714,-0.0341179,-0.0888335,-0.00774477,-0.0777665,0,0,0,0,0.019127,0.0707495,-0.025618,-0.150041,-0.00659501,-0.151949,0,0,0,0,0,0,0,0,0,0,0,0,0,0,0,0,0,0,0,0,0
4199.5,0.0348182,-0.0225412,-0.0350208,-0.0845606,-0.00873144,-0.091979,0,0,0,0,0.0215576,0.0882484,-0.0278043,-0.131215,-0.00994618,-0.200742,0,0,0,0,0,0,0,0,0,0,0,0,0,0,0,0,0,0,0,0,0
4199.5,0.0348182,-0.0225412,-0.0350208,-0.0845606,-0.00873144,-0.091979,0,0,0,0,0.0217629,0.103126,-0.0280008,-0.116469,-0.0103689,-0.213211,0,0,0,0,0,0,0,0,0,0,0,0,0,0,0,0,0,0,0,0,0
4199.51,0.0347855,-0.0063192,-0.0359876,-0.0531172,-0.0103023,-0.143305,0,0,0,0,0.0217629,0.103126,-0.0280008,-0.116469,-0.0103689,-0.213211,0,0,0,0,0,0,0,0,0,0,0,0,0,0,0,0,0,0,0,0,0
4199.52,0.0348642,0.0106343,-0.0364043,-0.0265927,-0.0117638,-0.145445,0,0,0,0,0.0217629,0.103126,-0.0280008,-0.116469,-0.0103689,-0.213211,0,0,0,0,0,0,0,0,0,0,0,0,0,0,0,0,0,0,0,0,0
4199.53,0.0348305,0.00105039,-0.0367156,-0.0357611,-0.0131752,-0.201059,0,0,0,0,0.0259743,0.0943435,-0.0320334,-0.1101,-0.0179534,-0.240042,0,0,0,0,0,0,0,0,0,0,0,0,0,0,0,0,0,0,0,0,0
4199.54,0.0348359,-0.00466669,-0.0367722,-0.0220237,-0.0148422,-0.200965,0,0,0,0,0.0261163,0.0803369,-0.0321047,-0.0774333,-0.0182881,-0.169307,0,0,0,0,0,0,0,0,0,0,0,0,0,0,0,0,0,0,0,0,0
4199.54,0.0349554,0.040376,-0.0368036,-0.0193472,-0.0152265,-0.195633,0,0,0,0,0.0265863,0.094629,-0.0325211,-0.052662,-0.019007,-0.125818,0,0,0,0,0,0,0,0,0,0,0,0,0,0,0,0,0,0,0,0,0
4199.55,0.034783,-0.0178774,-0.0368208,-0.0128097,-0.0166947,-0.222298,0,0,0,0,0.0273005,0.107208,-0.0326882,-0.0196937,-0.0198446,-0.0966787,0,0,0,0,0,0,0,0,0,0,0,0,0,0,0,0,0,0,0,0,0
4199.56,0.034783,-0.0178774,-0.0368208,-0.0128097,-0.0166947,-0.222298,0,0,0,0,0.0282716,0.0473475,-0.0328154,-0.0121661,-0.0202479,-0.00913531,0,0,0,0,0,0,0,0,0,0,0,0,0,0,0,0,0,0,0,0,0
4199.57,0.034783,-0.0178774,-0.0368208,-0.0128097,-0.0166947,-0.222298,0,0,0,0,0.028363,0.0488783,-0.0328707,-0.0272658,-0.0202167,0.00957599,0,0,0,0,0,0,0,0,0,0,0,0,0,0,0,0,0,0,0,0,0
4199.57,0.0348438,-0.00113579,-0.036818,-0.00685504,-0.0214941,-0.112605,0,0,0,0,0.0286716,0.0327605,-0.0329321,-0.0163746,-0.0202015,-0.00159133,0,0,0,0,0,0,0,0,0,0,0,0,0,0,0,0,0,0,0,0,0
4199.58,0.0348109,-0.0198342,-0.0368332,-0.00656831,-0.0216218,-0.0794143,0,0,0,0,0.0288355,0.0240157,-0.0328907,-0.00455895,-0.0201996,0.0081201,0,0,0,0,0,0,0,0,0,0,0,0,0,0,0,0,0,0,0,0,0
4199.58,0.0348109,-0.0198342,-0.0368332,-0.00656831,-0.0216218,-0.0794143,0,0,0,0,0.0290194,0.0325358,-0.0328971,0.00534208,-0.0202325,0.00186583,0,0,0,0,0,0,0,0,0,0,0,0,0,0,0,0,0,0,0,0,0
4199.59,0.0348109,-0.0198342,-0.0368332,-0.00656831,-0.0216218,-0.0794143,0,0,0,0,0.0292195,0.0362387,-0.0329137,-0.00973651,-0.0202253,0.0074296,0,0,0,0,0,0,0,0,0,0,0,0,0,0,0,0,0,0,0,0,0
4199.6,0.0348592,-0.00378777,-0.0368556,0.0093775,-0.0228652,-0.0154204,0,0,0,0,0.0292195,0.0362387,-0.0329137,-0.00973651,-0.0202253,0.0074296,0,0,0,0,0,0,0,0,0,0,0,0,0,0,0,0,0,0,0,0,0
4199.61,0.0349047,0.00186846,-0.0369511,-0.000379583,-0.0230936,-0.0370295,0,0,0,0,0.0292195,0.0362387,-0.0329137,-0.00973651,-0.0202253,0.0074296,0,0,0,0,0,0,0,0,0,0,0,0,0,0,0,0,0,0,0,0,0
4199.62,0.0349375,0.00281409,-0.0370414,-0.00911613,-0.0230132,0.0204574,0,0,0,0,0.0292195,0.0362387,-0.0329137,-0.00973651,-0.0202253,0.0074296,0,0,0,0,0,0,0,0,0,0,0,0,0,0,0,0,0,0,0,0,0
4199.62,0.0349028,-0.00584873,-0.0370705,-0.012798,-0.0230996,-0.0164128,0,0,0,0,0.0311358,0.05495,-0.03361,-0.0432432,-0.0204807,-0.00849397,0,0,0,0,0,0,0,0,0,0,0,0,0,0,0,0,0,0,0,0,0
4199.63,0.0349751,0.00999877,-0.0371407,-0.012812,-0.0231619,-0.01381,0,0,0,0,0.031268,0.0240298,-0.033941,-0.0595225,-0.0205715,-0.0127961,0,0,0,0,0,0,0,0,0,0,0,0,0,0,0,0,0,0,0,0,0
4199.63,0.0348772,-0.024615,-0.037185,0.0097403,-0.0232393,-0.0100088,0,0,0,0,0.031268,0.0240298,-0.033941,-0.0595225,-0.0205715,-0.0127961,0,0,0,0,0,0,0,0,0,0,0,0,0,0,0,0,0,0,0,0,0
4199.64,0.034924,0.00371173,-0.0372752,-0.0159614,-0.0233377,-0.0190999,0,0,0,0,0.031268,0.0240298,-0.033941,-0.0595225,-0.0205715,-0.0127961,0,0,0,0,0,0,0,0,0,0,0,0,0,0,0,0,0,0,0,0,0
4199.64,0.0349074,-0.00103631,-0.0373102,-0.0179861,-0.0234029,-0.0171244,0,0,0,0,0.031268,0.0240298,-0.033941,-0.0595225,-0.0205715,-0.0127961,0,0,0,0,0,0,0,0,0,0,0,0,0,0,0,0,0,0,0,0,0
4199.65,0.0349074,-0.00103631,-0.0373102,-0.0179861,-0.0234029,-0.0171244,0,0,0,0,0.0322025,0.0683059,-0.035607,-0.0787675,-0.0213508,-0.0578119,0,0,0,0,0,0,0,0,0,0,0,0,0,0,0,0,0,0,0,0,0
4199.65,0.0349074,-0.00103631,-0.0373102,-0.0179861,-0.0234029,-0.0171244,0,0,0,0,0.0323021,0.0563685,-0.035782,-0.0837555,-0.0214662,-0.0612854,0,0,0,0,0,0,0,0,0,0,0,0,0,0,0,0,0,0,0,0,0
4199.67,0.0349844,-0.0128508,-0.0376327,-0.00800198,-0.0247888,-0.0803038,0,0,0,0,0.0323021,0.0563685,-0.035782,-0.0837555,-0.0214662,-0.0612854,0,0,0,0,0,0,0,0,0,0,0,0,0,0,0,0,0,0,0,0,0
4199.67,0.0350235,0.00252267,-0.0376659,-0.0139929,-0.0249328,-0.0737265,0,0,0,0,0.0323021,0.0563685,-0.035782,-0.0837555,-0.0214662,-0.0612854,0,0,0,0,0,0,0,0,0,0,0,0,0,0,0,0,0,0,0,0,0
4199.68,0.0349495,-0.0225588,-0.0378272,-0.011609,-0.026089,-0.0675377,0,0,0,0,0.0323021,0.0563685,-0.035782,-0.0837555,-0.0214662,-0.0612854,0,0,0,0,0,0,0,0,0,0,0,0,0,0,0,0,0,0,0,0,0
4199.71,0.035093,0.0250048,-0.0385381,-0.043524,-0.0292911,-0.112446,0,0,0,0,0.0342055,0.0146062,-0.0377025,0.00819067,-0.0323622,-0.233404,0,0,0,0,0,0,0,0,0,0,0,0,0,0,0,0,0,0,0,0,0
4199.72,0.0351871,0.0436915,-0.03862,-0.0330179,-0.02989,-0.149639,0,0,0,0,0.034266,0.0269182,-0.0376216,0.0353541,-0.0327964,-0.231335,0,0,0,0,0,0,0,0,0,0,0,0,0,0,0,0,0,0,0,0,0
4199.72,0.0351871,0.0436915,-0.03862,-0.0330179,-0.02989,-0.149639,0,0,0,0,0.0344516,0.0181172,-0.0377399,-0.0189681,-0.0338142,-0.126075,0,0,0,0,0,0,0,0,0,0,0,0,0,0,0,0,0,0,0,0,0
4199.73,0.0351871,0.0436915,-0.03862,-0.0330179,-0.02989,-0.149639,0,0,0,0,0.0346092,0.0329945,-0.0376915,0.00489735,-0.0344436,-0.149276,0,0,0,0,0,0,0,0,0,0,0,0,0,0,0,0,0,0,0,0,0
4199.73,0.0351871,0.0436915,-0.03862,-0.0330179,-0.02989,-0.149639,0,0,0,0,0.0349044,0.0407656,-0.037744,-0.00382165,-0.0353343,-0.118519,0,0,0,0,0,0,0,0,0,0,0,0,0,0,0,0,0,0,0,0,0
4199.75,0.0351871,0.0436915,-0.03862,-0.0330179,-0.02989,-0.149639,0,0,0,0,0.0355117,0.0284209,-0.0376951,0.00597874,-0.0362462,-0.0542096,0,0,0,0,0,0,0,0,0,0,0,0,0,0,0,0,0,0,0,0,0
4199.77,0.0352596,-0.0068049,-0.0418759,-0.106769,-0.0375895,-0.0706181,0,0,0,0,0.036534,0.0447634,-0.0377179,-0.0123838,-0.0368809,-0.0272849,0,0,0,0,0,0,0,0,0,0,0,0,0,0,0,0,0,0,0,0,0
4199.77,0.0352596,-0.0068049,-0.0418759,-0.106769,-0.0375895,-0.0706181,0,0,0,0,0.0366079,0.041346,-0.0377382,-0.00994249,-0.0369101,-0.0188632,0,0,0,0,0,0,0,0,0,0,0,0,0,0,0,0,0,0,0,0,0
4199.79,0.0352596,-0.0068049,-0.0418759,-0.106769,-0.0375895,-0.0706181,0,0,0,0,0.0377285,0.0554603,-0.0377077,0.0156246,-0.0369709,-0.00123791,0,0,0,0,0,0,0,0,0,0,0,0,0,0,0,0,0,0,0,0,0
4199.79,0.0352596,-0.0068049,-0.0418759,-0.106769,-0.0375895,-0.0706181,0,0,0,0,0.0378722,0.0606332,-0.0377056,0.00634154,-0.0369721,-0.00395543,0,0,0,0,0,0,0,0,0,0,0,0,0,0,0,0,0,0,0,0,0
4199.81,0.0352596,-0.0068049,-0.0418759,-0.106769,-0.0375895,-0.0706181,0,0,0,0,0.0386423,0.0459384,-0.0378051,-0.00377015,-0.0371611,0.00191965,0,0,0,0,0,0,0,0,0,0,0,0,0,0,0,0,0,0,0,0,0
4199.81,0.0352596,-0.0068049,-0.0418759,-0.106769,-0.0375895,-0.0706181,0,0,0,0,0.0386351,0.0208933,-0.037748,0.0219913,-0.0371322,0.00663375,0,0,0,0,0,0,0,0,0,0,0,0,0,0,0,0,0,0,0,0,0
4199.83,0.0352596,-0.0068049,-0.0418759,-0.106769,-0.0375895,-0.0706181,0,0,0,0,0.0391556,0.0280604,-0.0377995,-0.00237745,-0.037574,-0.0282071,0,0,0,0,0,0,0,0,0,0,0,0,0,0,0,0,0,0,0,0,0
4199.83,0.0375984,0.0951886,-0.0490178,-0.0720989,-0.0386194,-0.0278447,0,0,0,0,0.0391908,0.00168575,-0.0377906,0.00146593,-0.0376995,-0.022428,0,0,0,0,0,0,0,0,0,0,0,0,0,0,0,0,0,0,0,0,0
4199.84,0.0391511,0.142685,-0.0496901,-0.0438517,-0.0390883,-0.037727,0,0,0,0,0.0391908,0.00168575,-0.0377906,0.00146593,-0.0376995,-0.022428,0,0,0,0,0,0,0,0,0,0,0,0,0,0,0,0,0,0,0,0,0
4199.85,0.03941,0.135888,-0.0496976,-0.0166449,-0.0392004,-0.0527073,0,0,0,0,0.0391908,0.00168575,-0.0377906,0.00146593,-0.0376995,-0.022428,0,0,0,0,0,0,0,0,0,0,0,0,0,0,0,0,0,0,0,0,0
4199.87,0.0435557,0.263864,-0.0496339,-0.00038898,-0.0408794,-0.0643591,0,0,0,0,0.0391908,0.00168575,-0.0377906,0.00146593,-0.0376995,-0.022428,0,0,0,0,0,0,0,0,0,0,0,0,0,0,0,0,0,0,0,0,0
4199.87,0.0446753,0.225221,-0.0496436,0.0126895,-0.0411225,-0.0677297,0,0,0,0,0.0401349,0.00553381,-0.0384072,-0.00508327,-0.0408349,-0.118835,0,0,0,0,0,0,0,0,0,0,0,0,0,0,0,0,0,0,0,0,0
4199.88,0.0446753,0.225221,-0.0496436,0.0126895,-0.0411225,-0.0677297,0,0,0,0,0.0402076,0.000389019,-0.038572,-0.0347653,-0.0416379,-0.206391,0,0,0,0,0,0,0,0,0,0,0,0,0,0,0,0,0,0,0,0,0
4199.89,0.0446753,0.225221,-0.0496436,0.0126895,-0.0411225,-0.0677297,0,0,0,0,0.0404817,0.0383594,-0.0392445,-0.0767686,-0.0438033,-0.189585,0,0,0,0,0,0,0,0,0,0,0,0,0,0,0,0,0,0,0,0,0
4199.9,0.0498573,0.167829,-0.0496774,-0.00634598,-0.04358,-0.0901486,0,0,0,0,0.0404795,0.012626,-0.0394827,-0.0698519,-0.0450793,-0.315431,0,0,0,0,0,0,0,0,0,0,0,0,0,0,0,0,0,0,0,0,0
4199.91,0.0498573,0.167829,-0.0496774,-0.00634598,-0.04358,-0.0901486,0,0,0,0,0.0406051,-0.00968522,-0.0403917,-0.0632442,-0.0481833,-0.266646,0,0,0,0,0,0,0,0,0,0,0,0,0,0,0,0,0,0,0,0,0
4199.91,0.0498573,0.167829,-0.0496774,-0.00634598,-0.04358,-0.0901486,0,0,0,0,0.0406203,0.00573511,-0.0404688,-0.0568846,-0.0484582,-0.192805,0,0,0,0,0,0,0,0,0,0,0,0,0,0,0,0,0,0,0,0,0
4199.92,0.0522027,0.0429472,-0.0496775,0.00964195,-0.0462258,-0.118845,0,0,0,0,0.0406203,0.00573511,-0.0404688,-0.0568846,-0.0484582,-0.192805,0,0,0,0,0,0,0,0,0,0,0,0,0,0,0,0,0,0,0,0,0
4199.93,0.0520321,-0.0135518,-0.0496923,0.00163453,-0.0487359,-0.132225,0,0,0,0,0.0406203,0.00573511,-0.0404688,-0.0568846,-0.0484582,-0.192805,0,0,0,0,0,0,0,0,0,0,0,0,0,0,0,0,0,0,0,0,0
4199.94,0.0519547,-0.00742046,-0.049676,0.00481901,-0.0502982,-0.214443,0,0,0,0,0.0406203,0.00573511,-0.0404688,-0.0568846,-0.0484582,-0.192805,0,0,0,0,0,0,0,0,0,0,0,0,0,0,0,0,0,0,0,0,0
4199.96,0.0519877,-0.00590136,-0.0496795,0.0030518,-0.0535529,-0.131752,0,0,0,0,0.040724,-0.00304239,-0.0458419,-0.0484371,-0.0565006,-0.138818,0,0,0,0,0,0,0,0,0,0,0,0,0,0,0,0,0,0,0,0,0
4199.97,0.0519877,-0.00590136,-0.0496795,0.0030518,-0.0535529,-0.131752,0,0,0,0,0.0407604,0.00536997,-0.0462495,-0.0942557,-0.0570897,-0.171142,0,0,0,0,0,0,0,0,0,0,0,0,0,0,0,0,0,0,0,0,0
4199.97,0.0519877,-0.00590136,-0.0496795,0.0030518,-0.0535529,-0.131752,0,0,0,0,0.0408428,0.00559468,-0.0466677,-0.106472,-0.057726,-0.135904,0,0,0,0,0,0,0,0,0,0,0,0,0,0,0,0,0,0,0,0,0
4199.98,0.0519877,-0.00590136,-0.0496795,0.0030518,-0.0535529,-0.131752,0,0,0,0,0.0408373,-0.0145585,-0.0477514,-0.113931,-0.0586472,-0.148988,0,0,0,0,0,0,0,0,0,0,0,0,0,0,0,0,0,0,0,0,0
4199.98,0.0520216,0.0189355,-0.0496641,0.0159196,-0.0561618,-0.0759548,0,0,0,0,0.0408373,-0.0145585,-0.0477514,-0.113931,-0.0586472,-0.148988,0,0,0,0,0,0,0,0,0,0,0,0,0,0,0,0,0,0,0,0,0
4199.99,0.0520216,0.0189355,-0.0496641,0.0159196,-0.0561618,-0.0759548,0,0,0,0,0.0409129,0.011348,-0.048175,-0.062961,-0.0595516,-0.232182,0,0,0,0,0,0,0,0,0,0,0,0,0,0,0,0,0,0,0,0,0
4200,0.0520216,0.0189355,-0.0496641,0.0159196,-0.0561618,-0.0759548,0,0,0,0,0.0410114,0.0064654,-0.0495681,-0.0816863,-0.0621041,-0.194392,0,0,0,0,0,0,0,0,0,0,0,0,0,0,0,0,0,0,0,0,0
4200,0.051987,-0.00806648,-0.049657,0.00934703,-0.057939,-0.0711939,0,0,0,0,0.0410186,-0.000729811,-0.0497429,-0.0294005,-0.0627198,-0.162737,0,0,0,0,0,0,0,0,0,0,0,0,0,0,0,0,0,0,0,0,0
4200.01,0.0520412,0.00694892,-0.0497077,-0.0203338,-0.0583176,-0.0562183,0,0,0,0,0.0410583,0.012935,-0.0499072,-0.042953,-0.0630252,-0.0763805,0,0,0,0,0,0,0,0,0,0,0,0,0,0,0,0,0,0,0,0,0
4200.01,0.0520696,0.0161665,-0.0497163,-0.0212116,-0.0584113,-0.0485222,0,0,0,0,0.0410583,0.012935,-0.0499072,-0.042953,-0.0630252,-0.0763805,0,0,0,0,0,0,0,0,0,0,0,0,0,0,0,0,0,0,0,0,0
4200.02,0.0520119,0.00367315,-0.0496673,0.0108895,-0.0589134,-0.0760906,0,0,0,0,0.0410583,0.012935,-0.0499072,-0.042953,-0.0630252,-0.0763805,0,0,0,0,0,0,0,0,0,0,0,0,0,0,0,0,0,0,0,0,0
4200.03,0.0520119,0.00367315,-0.0496673,0.0108895,-0.0589134,-0.0760906,0,0,0,0,0.0411103,-0.0223342,-0.049812,-0.0187036,-0.0662623,-0.106191,0,0,0,0,0,0,0,0,0,0,0,0,0,0,0,0,0,0,0,0,0
4200.04,0.0520285,-0.00183562,-0.0496889,0.00365101,-0.0615065,-0.0950453,0,0,0,0,0.0411697,-0.00173162,-0.049762,0.0176376,-0.0668813,-0.0295344,0,0,0,0,0,0,0,0,0,0,0,0,0,0,0,0,0,0,0,0,0
4200.05,0.0520285,-0.00183562,-0.0496889,0.00365101,-0.0615065,-0.0950453,0,0,0,0,0.0411782,-0.00651594,-0.0497957,0.00996488,-0.0670663,-0.01443,0,0,0,0,0,0,0,0,0,0,0,0,0,0,0,0,0,0,0,0,0
4200.05,0.0520285,-0.00183562,-0.0496889,0.00365101,-0.0615065,-0.0950453,0,0,0,0,0.0412076,0.000932066,-0.0497577,0.0230282,-0.0670909,-0.033022,0,0,0,0,0,0,0,0,0,0,0,0,0,0,0,0,0,0,0,0,0
4200.07,0.0520294,0.00926735,-0.0496478,0.0268927,-0.0654913,-0.208512,0,0,0,0,0.0412076,0.000932066,-0.0497577,0.0230282,-0.0670909,-0.033022,0,0,0,0,0,0,0,0,0,0,0,0,0,0,0,0,0,0,0,0,0
4200.07,0.0520665,0.0197898,-0.0496855,-0.00695573,-0.0662148,-0.119449,0,0,0,0,0.0412076,0.000932066,-0.0497577,0.0230282,-0.0670909,-0.033022,0,0,0,0,0,0,0,0,0,0,0,0,0,0,0,0,0,0,0,0,0
4200.08,0.0519623,-0.0125933,-0.0496697,0.00200201,-0.0668733,-0.180611,0,0,0,0,0.0412076,0.000932066,-0.0497577,0.0230282,-0.0670909,-0.033022,0,0,0,0,0,0,0,0,0,0,0,0,0,0,0,0,0,0,0,0,0
4200.08,0.0521045,0.0363782,-0.0497267,-0.019016,-0.0673778,-0.225126,0,0,0,0,0.0412076,0.000932066,-0.0497577,0.0230282,-0.0670909,-0.033022,0,0,0,0,0,0,0,0,0,0,0,0,0,0,0,0,0,0,0,0,0
4200.09,0.0520202,-0.00071443,-0.0496746,0.00325661,-0.0693422,-0.162026,0,0,0,0,0.0418108,0.0267824,-0.0497749,0.0134618,-0.06731,-0.0149122,0,0,0,0,0,0,0,0,0,0,0,0,0,0,0,0,0,0,0,0,0
4200.1,0.0520202,-0.00071443,-0.0496746,0.00325661,-0.0693422,-0.162026,0,0,0,0,0.0419556,0.0320676,-0.0498078,-0.0123885,-0.0674089,-0.00615107,0,0,0,0,0,0,0,0,0,0,0,0,0,0,0,0,0,0,0,0,0
4200.1,0.0520202,-0.00071443,-0.0496746,0.00325661,-0.0693422,-0.162026,0,0,0,0,0.0420959,0.0283226,-0.0498232,-0.0119134,-0.0674948,-0.0161715,0,0,0,0,0,0,0,0,0,0,0,0,0,0,0,0,0,0,0,0,0
4200.11,0.0520431,0.00585349,-0.0497115,-0.00419491,-0.0709733,-0.0703793,0,0,0,0,0.0420959,0.0283226,-0.0498232,-0.0119134,-0.0674948,-0.0161715,0,0,0,0,0,0,0,0,0,0,0,0,0,0,0,0,0,0,0,0,0
4200.12,0.0520431,0.00585349,-0.0497115,-0.00419491,-0.0709733,-0.0703793,0,0,0,0,0.0428885,0.0653566,-0.0497896,0.00458602,-0.0678935,-0.0146079,0,0,0,0,0,0,0,0,0,0,0,0,0,0,0,0,0,0,0,0,0
4200.12,0.0520431,0.00585349,-0.0497115,-0.00419491,-0.0709733,-0.0703793,0,0,0,0,0.0430016,0.0405175,-0.0497841,0.00412022,-0.068292,-0.0713247,0,0,0,0,0,0,0,0,0,0,0,0,0,0,0,0,0,0,0,0,0
4200.13,0.0520431,0.00585349,-0.0497115,-0.00419491,-0.0709733,-0.0703793,0,0,0,0,0.0431519,0.0310424,-0.0498026,-0.000708577,-0.068658,-0.103373,0,0,0,0,0,0,0,0,0,0,0,0,0,0,0,0,0,0,0,0,0
4200.13,0.0520431,0.00585349,-0.0497115,-0.00419491,-0.0709733,-0.0703793,0,0,0,0,0.0433585,0.0462708,-0.0498125,-0.0124821,-0.0695847,-0.150552,0,0,0,0,0,0,0,0,0,0,0,0,0,0,0,0,0,0,0,0,0
4200.14,0.0520431,0.00585349,-0.0497115,-0.00419491,-0.0709733,-0.0703793,0,0,0,0,0.0433882,0.0285801,-0.0497585,0.0115261,-0.0698296,-0.14102,0,0,0,0,0,0,0,0,0,0,0,0,0,0,0,0,0,0,0,0,0
4200.15,0.0520431,0.00585349,-0.0497115,-0.00419491,-0.0709733,-0.0703793,0,0,0,0,0.0436098,0.0334346,-0.0497907,-0.000142133,-0.0713293,-0.13937,0,0,0,0,0,0,0,0,0,0,0,0,0,0,0,0,0,0,0,0,0
4200.16,0.0519816,-0.0156807,-0.0496478,0.0211335,-0.0766638,-0.0976575,0,0,0,0,0.0436098,0.0334346,-0.0497907,-0.000142133,-0.0713293,-0.13937,0,0,0,0,0,0,0,0,0,0,0,0,0,0,0,0,0,0,0,0,0
4200.17,0.0520086,0.000949792,-0.0496682,0.0151706,-0.0778034,-0.11929,0,0,0,0,0.0436098,0.0334346,-0.0497907,-0.000142133,-0.0713293,-0.13937,0,0,0,0,0,0,0,0,0,0,0,0,0,0,0,0,0,0,0,0,0
4200.18,0.0520623,0.0218485,-0.0496793,0.0190713,-0.0784925,-0.0550573,0,0,0,0,0.0436098,0.0334346,-0.0497907,-0.000142133,-0.0713293,-0.13937,0,0,0,0,0,0,0,0,0,0,0,0,0,0,0,0,0,0,0,0,0
4200.19,0.0520408,0.000735623,-0.0496832,-0.00382976,-0.0786165,-0.0629032,0,0,0,0,0.0436098,0.0334346,-0.0497907,-0.000142133,-0.0713293,-0.13937,0,0,0,0,0,0,0,0,0,0,0,0,0,0,0,0,0,0,0,0,0
4200.19,0.0520408,0.000735623,-0.0496832,-0.00382976,-0.0786165,-0.0629032,0,0,0,0,0.0437424,-0.00817781,-0.0497336,0.0237538,-0.0775909,-0.158099,0,0,0,0,0,0,0,0,0,0,0,0,0,0,0,0,0,0,0,0,0
4200.2,0.0520408,0.000735623,-0.0496832,-0.00382976,-0.0786165,-0.0629032,0,0,0,0,0.0437496,0.000524794,-0.049733,0.0213101,-0.0779206,-0.0869135,0,0,0,0,0,0,0,0,0,0,0,0,0,0,0,0,0,0,0,0,0
4200.2,0.0520579,0.0211182,-0.0496755,0.00787124,-0.0804177,-0.110143,0,0,0,0,0.0437479,-0.00631932,-0.0498079,-0.0108015,-0.0789995,-0.1972,0,0,0,0,0,0,0,0,0,0,0,0,0,0,0,0,0,0,0,0,0
4200.21,0.0520344,0.0104787,-0.0496862,0.00169655,-0.0809398,-0.0738342,0,0,0,0,0.0437479,-0.00631932,-0.0498079,-0.0108015,-0.0789995,-0.1972,0,0,0,0,0,0,0,0,0,0,0,0,0,0,0,0,0,0,0,0,0
4200.21,0.051992,-0.0130486,-0.0497597,-0.0226487,-0.0811513,-0.0960331,0,0,0,0,0.0437472,-0.00888002,-0.0498214,-0.0114522,-0.0803966,-0.109111,0,0,0,0,0,0,0,0,0,0,0,0,0,0,0,0,0,0,0,0,0
4200.22,0.051992,-0.0130486,-0.0497597,-0.0226487,-0.0811513,-0.0960331,0,0,0,0,0.0437933,-0.00160522,-0.0497583,0.0040781,-0.0811274,-0.188396,0,0,0,0,0,0,0,0,0,0,0,0,0,0,0,0,0,0,0,0,0
4200.23,0.051992,-0.0130486,-0.0497597,-0.0226487,-0.0811513,-0.0960331,0,0,0,0,0.0438059,-0.000359979,-0.0497454,0.00796127,-0.0841891,-0.209534,0,0,0,0,0,0,0,0,0,0,0,0,0,0,0,0,0,0,0,0,0
4200.24,0.0519699,-0.000949665,-0.0497276,-0.00288063,-0.0853454,-0.171932,0,0,0,0,0.0438612,0.0205001,-0.0497888,-0.00747545,-0.0845979,-0.214925,0,0,0,0,0,0,0,0,0,0,0,0,0,0,0,0,0,0,0,0,0
4200.26,0.0519699,-0.000949665,-0.0497276,-0.00288063,-0.0853454,-0.171932,0,0,0,0,0.0439017,0.0202051,-0.0497475,0.0189882,-0.0874813,-0.0651348,0,0,0,0,0,0,0,0,0,0,0,0,0,0,0,0,0,0,0,0,0
4200.27,0.0519651,-0.00458941,-0.0496798,0.00561366,-0.0884858,-0.0689749,0,0,0,0,0.0438774,0.00483162,-0.0498138,-0.0211684,-0.087718,-0.0608561,0,0,0,0,0,0,0,0,0,0,0,0,0,0,0,0,0,0,0,0,0
4200.27,0.0519651,-0.00458941,-0.0496798,0.00561366,-0.0884858,-0.0689749,0,0,0,0,0.0439499,0.0172419,-0.0498269,-0.0170909,-0.0881121,-0.101085,0,0,0,0,0,0,0,0,0,0,0,0,0,0,0,0,0,0,0,0,0
4200.28,0.0519896,-0.00109713,-0.0497507,-0.00137441,-0.0893321,-0.0820686,0,0,0,0,0.0439499,0.0172419,-0.0498269,-0.0170909,-0.0881121,-0.101085,0,0,0,0,0,0,0,0,0,0,0,0,0,0,0,0,0,0,0,0,0
4200.29,0.0519841,-0.00246759,-0.0497056,0.0055013,-0.0904534,-0.0440562,0,0,0,0,0.0439499,0.0172419,-0.0498269,-0.0170909,-0.0881121,-0.101085,0,0,0,0,0,0,0,0,0,0,0,0,0,0,0,0,0,0,0,0,0
4200.3,0.0520355,0.0149926,-0.0496844,-0.012873,-0.0908602,-0.0359856,0,0,0,0,0.0439499,0.0172419,-0.0498269,-0.0170909,-0.0881121,-0.101085,0,0,0,0,0,0,0,0,0,0,0,0,0,0,0,0,0,0,0,0,0
4200.31,0.0520355,0.0149926,-0.0496844,-0.012873,-0.0908602,-0.0359856,0,0,0,0,0.0439397,-0.00136179,-0.0497631,-0.00580889,-0.0901708,-0.0388456,0,0,0,0,0,0,0,0,0,0,0,0,0,0,0,0,0,0,0,0,0
4200.31,0.0520355,0.0149926,-0.0496844,-0.012873,-0.0908602,-0.0359856,0,0,0,0,0.04392,-0.00714324,-0.0497685,-0.00349162,-0.090209,-0.0279872,0,0,0,0,0,0,0,0,0,0,0,0,0,0,0,0,0,0,0,0,0
4200.31,0.0520097,0.0102305,-0.0496979,0.00694315,-0.0911311,-0.0451329,0,0,0,0,0.04392,-0.00714324,-0.0497685,-0.00349162,-0.090209,-0.0279872,0,0,0,0,0,0,0,0,0,0,0,0,0,0,0,0,0,0,0,0,0
4200.32,0.0520097,0.0102305,-0.0496979,0.00694315,-0.0911311,-0.0451329,0,0,0,0,0.0439189,-0.0142542,-0.0497012,0.0197138,-0.0907084,-0.0733845,0,0,0,0,0,0,0,0,0,0,0,0,0,0,0,0,0,0,0,0,0
4200.32,0.0520097,0.0102305,-0.0496979,0.00694315,-0.0911311,-0.0451329,0,0,0,0,0.0439683,0.00379237,-0.0497558,-0.0066094,-0.0913439,-0.104531,0,0,0,0,0,0,0,0,0,0,0,0,0,0,0,0,0,0,0,0,0
4200.33,0.052015,0.00256368,-0.0497373,-0.0146425,-0.0923111,-0.0487843,0,0,0,0,0.0439533,0.0118724,-0.0497704,0.00247474,-0.0920061,-0.0835383,0,0,0,0,0,0,0,0,0,0,0,0,0,0,0,0,0,0,0,0,0
4200.34,0.051973,-0.0100993,-0.04968,0.00927914,-0.0926736,-0.0202375,0,0,0,0,0.0439533,0.0118724,-0.0497704,0.00247474,-0.0920061,-0.0835383,0,0,0,0,0,0,0,0,0,0,0,0,0,0,0,0,0,0,0,0,0
4200.35,0.0519673,-0.0111175,-0.0496678,0.0193113,-0.0927924,-0.0363413,0,0,0,0,0.0439533,0.0118724,-0.0497704,0.00247474,-0.0920061,-0.0835383,0,0,0,0,0,0,0,0,0,0,0,0,0,0,0,0,0,0,0,0,0
4200.35,0.0520039,0.0134548,-0.0496341,0.0225226,-0.0927736,-0.00567858,0,0,0,0,0.0439533,0.0118724,-0.0497704,0.00247474,-0.0920061,-0.0835383,0,0,0,0,0,0,0,0,0,0,0,0,0,0,0,0,0,0,0,0,0
4200.36,0.0520039,0.0134548,-0.0496341,0.0225226,-0.0927736,-0.00567858,0,0,0,0,0.0439527,-0.0133881,-0.0497939,-0.0142189,-0.0948082,-0.0332093,0,0,0,0,0,0,0,0,0,0,0,0,0,0,0,0,0,0,0,0,0
4200.37,0.0520039,0.0134548,-0.0496341,0.0225226,-0.0927736,-0.00567858,0,0,0,0,0.0440066,0.00413879,-0.0497432,0.0159078,-0.0949375,-0.0286427,0,0,0,0,0,0,0,0,0,0,0,0,0,0,0,0,0,0,0,0,0
4200.37,0.0520039,0.0134548,-0.0496341,0.0225226,-0.0927736,-0.00567858,0,0,0,0,0.0440002,0.00652627,-0.0497828,-0.0102398,-0.0951575,-0.0334024,0,0,0,0,0,0,0,0,0,0,0,0,0,0,0,0,0,0,0,0,0
4200.38,0.0519961,-0.00789911,-0.0496986,-0.00205789,-0.0937755,-0.0694056,0,0,0,0,0.0440002,0.00652627,-0.0497828,-0.0102398,-0.0951575,-0.0334024,0,0,0,0,0,0,0,0,0,0,0,0,0,0,0,0,0,0,0,0,0
4200.38,0.0519961,-0.00789911,-0.0496986,-0.00205789,-0.0937755,-0.0694056,0,0,0,0,0.0440244,0.00894652,-0.0497768,-0.00602657,-0.0962595,-0.102522,0,0,0,0,0,0,0,0,0,0,0,0,0,0,0,0,0,0,0,0,0
4200.39,0.0519961,-0.00789911,-0.0496986,-0.00205789,-0.0937755,-0.0694056,0,0,0,0,0.0440197,-0.0129247,-0.0497817,-0.00782655,-0.0968758,-0.0775217,0,0,0,0,0,0,0,0,0,0,0,0,0,0,0,0,0,0,0,0,0
4200.4,0.0519961,-0.00789911,-0.0496986,-0.00205789,-0.0937755,-0.0694056,0,0,0,0,0.0440442,0.0170218,-0.0497167,0.00861665,-0.0975558,-0.0769857,0,0,0,0,0,0,0,0,0,0,0,0,0,0,0,0,0,0,0,0,0
4200.4,0.0519961,-0.00789911,-0.0496986,-0.00205789,-0.0937755,-0.0694056,0,0,0,0,0.0440198,-0.000697032,-0.049748,-0.00439279,-0.0977518,-0.0865789,0,0,0,0,0,0,0,0,0,0,0,0,0,0,0,0,0,0,0,0,0
4200.42,0.0519616,-0.00492529,-0.0497497,-0.0225411,-0.0970746,-0.147228,0,0,0,0,0.0440198,-0.000697032,-0.049748,-0.00439279,-0.0977518,-0.0865789,0,0,0,0,0,0,0,0,0,0,0,0,0,0,0,0,0,0,0,0,0
4200.43,0.0519616,-0.00492529,-0.0497497,-0.0225411,-0.0970746,-0.147228,0,0,0,0,0.0440216,-0.0103968,-0.0497843,-0.0115763,-0.102056,-0.133381,0,0,0,0,0,0,0,0,0,0,0,0,0,0,0,0,0,0,0,0,0
4200.44,0.0519616,-0.00492529,-0.0497497,-0.0225411,-0.0970746,-0.147228,0,0,0,0,0.0440852,0.0126448,-0.0496781,0.0071514,-0.103849,-0.184813,0,0,0,0,0,0,0,0,0,0,0,0,0,0,0,0,0,0,0,0,0
4200.45,0.0519531,0.00869038,-0.0496108,0.024188,-0.0999381,-0.183953,0,0,0,0,0.0440852,0.0126448,-0.0496781,0.0071514,-0.103849,-0.184813,0,0,0,0,0,0,0,0,0,0,0,0,0,0,0,0,0,0,0,0,0
4200.45,0.0519531,0.00869038,-0.0496108,0.024188,-0.0999381,-0.183953,0,0,0,0,0.0440535,-0.00212953,-0.049727,-0.009781,-0.10461,-0.0990136,0,0,0,0,0,0,0,0,0,0,0,0,0,0,0,0,0,0,0,0,0
4200.45,0.0519531,0.00869038,-0.0496108,0.024188,-0.0999381,-0.183953,0,0,0,0,0.043999,-0.0109773,-0.0496946,-0.000205328,-0.105012,-0.0756058,0,0,0,0,0,0,0,0,0,0,0,0,0,0,0,0,0,0,0,0,0
4200.47,0.0519531,0.00869038,-0.0496108,0.024188,-0.0999381,-0.183953,0,0,0,0,0.0440364,0.00481758,-0.0497099,0.00801276,-0.10631,-0.0767024,0,0,0,0,0,0,0,0,0,0,0,0,0,0,0,0,0,0,0,0,0
4200.47,0.0519531,0.00869038,-0.0496108,0.024188,-0.0999381,-0.183953,0,0,0,0,0.0440066,0.00159214,-0.0496656,0.0168535,-0.106585,-0.0480514,0,0,0,0,0,0,0,0,0,0,0,0,0,0,0,0,0,0,0,0,0
4200.48,0.0519133,-0.00643386,-0.0496371,0.00222788,-0.105362,-0.128199,0,0,0,0,0.0440066,0.00159214,-0.0496656,0.0168535,-0.106585,-0.0480514,0,0,0,0,0,0,0,0,0,0,0,0,0,0,0,0,0,0,0,0,0
4200.48,0.0519133,-0.00643386,-0.0496371,0.00222788,-0.105362,-0.128199,0,0,0,0,0.0440153,-0.00728836,-0.0496506,0.0206383,-0.106772,-0.0201038,0,0,0,0,0,0,0,0,0,0,0,0,0,0,0,0,0,0,0,0,0
4200.49,0.0519305,0.0117005,-0.0496279,-0.00628747,-0.105719,-0.099399,0,0,0,0,0.0440057,-0.00147414,-0.0496841,0.000709875,-0.10674,0.00548084,0,0,0,0,0,0,0,0,0,0,0,0,0,0,0,0,0,0,0,0,0
4200.49,0.0518597,-0.0221152,-0.0496092,0.00338534,-0.105982,-0.124519,0,0,0,0,0.0440057,-0.00147414,-0.0496841,0.000709875,-0.10674,0.00548084,0,0,0,0,0,0,0,0,0,0,0,0,0,0,0,0,0,0,0,0,0
4200.49,0.0518597,-0.0221152,-0.0496092,0.00338534,-0.105982,-0.124519,0,0,0,0,0.0440472,-0.000500421,-0.0495906,0.0282081,-0.106804,-0.0038163,0,0,0,0,0,0,0,0,0,0,0,0,0,0,0,0,0,0,0,0,0
4200.5,0.0518356,-0.0281143,-0.0495978,0.0206127,-0.107117,-0.161539,0,0,0,0,0.0440348,-0.00350116,-0.0496768,-0.00625362,-0.106919,-0.0186058,0,0,0,0,0,0,0,0,0,0,0,0,0,0,0,0,0,0,0,0,0
4200.5,0.0518871,0.000325995,-0.0495948,-0.00689019,-0.107555,-0.113017,0,0,0,0,0.0440348,-0.00350116,-0.0496768,-0.00625362,-0.106919,-0.0186058,0,0,0,0,0,0,0,0,0,0,0,0,0,0,0,0,0,0,0,0,0
4200.52,0.0519164,0.0305195,-0.049584,-0.00936779,-0.108475,-0.0549777,0,0,0,0,0.0440348,-0.00350116,-0.0496768,-0.00625362,-0.106919,-0.0186058,0,0,0,0,0,0,0,0,0,0,0,0,0,0,0,0,0,0,0,0,0
4200.53,0.0519164,0.0305195,-0.049584,-0.00936779,-0.108475,-0.0549777,0,0,0,0,0.0440249,-0.00080003,-0.0496098,0.0104307,-0.1072,-0.0149591,0,0,0,0,0,0,0,0,0,0,0,0,0,0,0,0,0,0,0,0,0
4200.53,0.0519164,0.0305195,-0.049584,-0.00936779,-0.108475,-0.0549777,0,0,0,0,0.044036,0.00219603,-0.0495615,0.0347058,-0.107263,-0.0274933,0,0,0,0,0,0,0,0,0,0,0,0,0,0,0,0,0,0,0,0,0
4200.54,0.0517898,0.000149272,-0.0496073,-0.0211636,-0.109784,-0.0108608,0,0,0,0,0.044036,0.00219603,-0.0495615,0.0347058,-0.107263,-0.0274933,0,0,0,0,0,0,0,0,0,0,0,0,0,0,0,0,0,0,0,0,0
4200.55,0.0517729,0.000197256,-0.049574,0.00130098,-0.109929,-0.054299,0,0,0,0,0.044036,0.00219603,-0.0495615,0.0347058,-0.107263,-0.0274933,0,0,0,0,0,0,0,0,0,0,0,0,0,0,0,0,0,0,0,0,0
4200.57,0.0517729,0.000197256,-0.049574,0.00130098,-0.109929,-0.054299,0,0,0,0,0.0440361,-0.00185333,-0.0495316,0.00760783,-0.109567,-0.0813311,0,0,0,0,0,0,0,0,0,0,0,0,0,0,0,0,0,0,0,0,0
4200.57,0.0517729,0.000197256,-0.049574,0.00130098,-0.109929,-0.054299,0,0,0,0,0.0440207,0.00091802,-0.0495812,-0.0203772,-0.109826,-0.0702796,0,0,0,0,0,0,0,0,0,0,0,0,0,0,0,0,0,0,0,0,0
4200.61,0.0515714,-0.0232012,-0.0495267,0.00025821,-0.113138,-0.0655997,0,0,0,0,0.0440207,0.00091802,-0.0495812,-0.0203772,-0.109826,-0.0702796,0,0,0,0,0,0,0,0,0,0,0,0,0,0,0,0,0,0,0,0,0
4200.62,0.0516128,0.015854,-0.0494805,-0.00365422,-0.114895,-0.0950125,0,0,0,0,0.0440207,0.00091802,-0.0495812,-0.0203772,-0.109826,-0.0702796,0,0,0,0,0,0,0,0,0,0,0,0,0,0,0,0,0,0,0,0,0
4200.63,0.0516095,-0.00138387,-0.0494526,0.00724745,-0.115008,-0.079096,0,0,0,0,0.0440207,0.00091802,-0.0495812,-0.0203772,-0.109826,-0.0702796,0,0,0,0,0,0,0,0,0,0,0,0,0,0,0,0,0,0,0,0,0
4200.63,0.0516876,0.029795,-0.049401,0.00254622,-0.115744,-0.0728136,0,0,0,0,0.0440207,0.00091802,-0.0495812,-0.0203772,-0.109826,-0.0702796,0,0,0,0,0,0,0,0,0,0,0,0,0,0,0,0,0,0,0,0,0
4200.64,0.0516876,0.029795,-0.049401,0.00254622,-0.115744,-0.0728136,0,0,0,0,0.044033,0.0182202,-0.0493888,0.00544973,-0.11955,-0.112084,0,0,0,0,0,0,0,0,0,0,0,0,0,0,0,0,0,0,0,0,0
4200.64,0.0515754,-0.00885646,-0.0493769,0.0106847,-0.117064,-0.192941,0,0,0,0,0.044033,0.0182202,-0.0493888,0.00544973,-0.11955,-0.112084,0,0,0,0,0,0,0,0,0,0,0,0,0,0,0,0,0,0,0,0,0
4200.66,0.0515754,-0.00885646,-0.0493769,0.0106847,-0.117064,-0.192941,0,0,0,0,0.0439682,-0.00670788,-0.0493473,0.00202533,-0.122082,-0.0795921,0,0,0,0,0,0,0,0,0,0,0,0,0,0,0,0,0,0,0,0,0
4200.67,0.0515754,-0.00885646,-0.0493769,0.0106847,-0.117064,-0.192941,0,0,0,0,0.0439795,-0.00400675,-0.0492612,0.0160366,-0.122521,-0.0431069,0,0,0,0,0,0,0,0,0,0,0,0,0,0,0,0,0,0,0,0,0
4200.67,0.0515754,-0.00885646,-0.0493769,0.0106847,-0.117064,-0.192941,0,0,0,0,0.0440002,0.00781363,-0.0492217,0.00383935,-0.122775,-0.0268194,0,0,0,0,0,0,0,0,0,0,0,0,0,0,0,0,0,0,0,0,0
4200.68,0.05124,-0.0313994,-0.0492872,-0.00138493,-0.122946,-0.102582,0,0,0,0,0.0440002,0.00781363,-0.0492217,0.00383935,-0.122775,-0.0268194,0,0,0,0,0,0,0,0,0,0,0,0,0,0,0,0,0,0,0,0,0
4200.69,0.0512492,-0.00525066,-0.0492745,0.00614266,-0.123059,-0.0741338,0,0,0,0,0.0440002,0.00781363,-0.0492217,0.00383935,-0.122775,-0.0268194,0,0,0,0,0,0,0,0,0,0,0,0,0,0,0,0,0,0,0,0,0
4200.72,0.0512492,-0.00525066,-0.0492745,0.00614266,-0.123059,-0.0741338,0,0,0,0,0.0439342,-0.00797184,-0.0490459,0.0286013,-0.123374,-0.0103645,0,0,0,0,0,0,0,0,0,0,0,0,0,0,0,0,0,0,0,0,0
4200.72,0.0512492,-0.00525066,-0.0492745,0.00614266,-0.123059,-0.0741338,0,0,0,0,0.0439336,-0.01079,-0.0490789,-0.00480475,-0.123382,0.00385623,0,0,0,0,0,0,0,0,0,0,0,0,0,0,0,0,0,0,0,0,0
4200.73,0.0512492,-0.00525066,-0.0492745,0.00614266,-0.123059,-0.0741338,0,0,0,0,0.0439245,-0.0154573,-0.0491207,-0.0136923,-0.123371,0.00776983,0,0,0,0,0,0,0,0,0,0,0,0,0,0,0,0,0,0,0,0,0
4200.73,0.0512492,-0.00525066,-0.0492745,0.00614266,-0.123059,-0.0741338,0,0,0,0,0.0439424,0.000295403,-0.0490539,0.00690796,-0.123408,0.00466493,0,0,0,0,0,0,0,0,0,0,0,0,0,0,0,0,0,0,0,0,0
4200.73,0.0507967,-0.0328694,-0.0490745,0.0129166,-0.124985,0.00204563,0,0,0,0,0.0439424,0.000295403,-0.0490539,0.00690796,-0.123408,0.00466493,0,0,0,0,0,0,0,0,0,0,0,0,0,0,0,0,0,0,0,0,0
4200.74,0.0507828,0.0186745,-0.0491734,-0.0173003,-0.125009,-0.0155843,0,0,0,0,0.0439424,0.000295403,-0.0490539,0.00690796,-0.123408,0.00466493,0,0,0,0,0,0,0,0,0,0,0,0,0,0,0,0,0,0,0,0,0
4200.75,0.0507828,0.0186745,-0.0491734,-0.0173003,-0.125009,-0.0155843,0,0,0,0,0.0438933,-0.0114782,-0.0488966,-0.00183209,-0.123664,-0.00673296,0,0,0,0,0,0,0,0,0,0,0,0,0,0,0,0,0,0,0,0,0
4200.77,0.0495836,-0.0756135,-0.0489595,0.0197185,-0.125149,-0.00751835,0,0,0,0,0.0438933,-0.0114782,-0.0488966,-0.00183209,-0.123664,-0.00673296,0,0,0,0,0,0,0,0,0,0,0,0,0,0,0,0,0,0,0,0,0
4200.77,0.0495836,-0.0756135,-0.0489595,0.0197185,-0.125149,-0.00751835,0,0,0,0,0.0438788,-0.0172596,-0.0487533,0.0101592,-0.123864,-0.00664519,0,0,0,0,0,0,0,0,0,0,0,0,0,0,0,0,0,0,0,0,0
4200.78,0.0493886,-0.0466946,-0.0489168,0.00585594,-0.125233,-0.0112587,0,0,0,0,0.0438788,-0.0172596,-0.0487533,0.0101592,-0.123864,-0.00664519,0,0,0,0,0,0,0,0,0,0,0,0,0,0,0,0,0,0,0,0,0
4200.78,0.0491682,-0.0360703,-0.048938,-0.00557121,-0.125323,-0.0177611,0,0,0,0,0.0438788,-0.0172596,-0.0487533,0.0101592,-0.123864,-0.00664519,0,0,0,0,0,0,0,0,0,0,0,0,0,0,0,0,0,0,0,0,0
4200.78,0.0491682,-0.0360703,-0.048938,-0.00557121,-0.125323,-0.0177611,0,0,0,0,0.0438759,-0.00375396,-0.0486144,0.0232716,-0.123981,-0.00396512,0,0,0,0,0,0,0,0,0,0,0,0,0,0,0,0,0,0,0,0,0
4200.79,0.0491703,-0.0116325,-0.0488873,0.0121453,-0.125404,-0.0293662,0,0,0,0,0.0438759,-0.00375396,-0.0486144,0.0232716,-0.123981,-0.00396512,0,0,0,0,0,0,0,0,0,0,0,0,0,0,0,0,0,0,0,0,0
4200.79,0.0491703,-0.0116325,-0.0488873,0.0121453,-0.125404,-0.0293662,0,0,0,0,0.0438948,0.00210708,-0.0486661,0.000428997,-0.124094,-0.0383004,0,0,0,0,0,0,0,0,0,0,0,0,0,0,0,0,0,0,0,0,0
4200.79,0.0491703,-0.0116325,-0.0488873,0.0121453,-0.125404,-0.0293662,0,0,0,0,0.0439097,0.0160107,-0.0486092,-0.00142716,-0.124164,-0.0328537,0,0,0,0,0,0,0,0,0,0,0,0,0,0,0,0,0,0,0,0,0
4200.8,0.048771,-0.0357812,-0.048844,0.00548143,-0.125692,-0.0360605,0,0,0,0,0.0439097,0.0160107,-0.0486092,-0.00142716,-0.124164,-0.0328537,0,0,0,0,0,0,0,0,0,0,0,0,0,0,0,0,0,0,0,0,0
4200.8,0.048771,-0.0357812,-0.048844,0.00548143,-0.125692,-0.0360605,0,0,0,0,0.0439162,0.0203034,-0.0485146,0.0195616,-0.124284,-0.0357116,0,0,0,0,0,0,0,0,0,0,0,0,0,0,0,0,0,0,0,0,0
4200.8,0.048771,-0.0357812,-0.048844,0.00548143,-0.125692,-0.0360605,0,0,0,0,0.0439125,0.00523889,-0.048458,0.0250786,-0.124297,-0.00775818,0,0,0,0,0,0,0,0,0,0,0,0,0,0,0,0,0,0,0,0,0
4200.81,0.048771,-0.0357812,-0.048844,0.00548143,-0.125692,-0.0360605,0,0,0,0,0.043872,-0.00675938,-0.0484604,0.0148148,-0.124386,-0.027964,0,0,0,0,0,0,0,0,0,0,0,0,0,0,0,0,0,0,0,0,0
4200.81,0.0480169,-0.0724173,-0.0487045,0.0191264,-0.126608,-0.063671,0,0,0,0,0.0439121,0.0113106,-0.0484051,-0.00722733,-0.124616,-0.0406165,0,0,0,0,0,0,0,0,0,0,0,0,0,0,0,0,0,0,0,0,0
4200.82,0.0478776,-0.0627281,-0.0486685,0.0205331,-0.126755,-0.0638114,0,0,0,0,0.0439121,0.0113106,-0.0484051,-0.00722733,-0.124616,-0.0406165,0,0,0,0,0,0,0,0,0,0,0,0,0,0,0,0,0,0,0,0,0
4200.82,0.0478776,-0.0627281,-0.0486685,0.0205331,-0.126755,-0.0638114,0,0,0,0,0.0438566,0.00379236,-0.0483222,0.0100491,-0.124737,-0.0262939,0,0,0,0,0,0,0,0,0,0,0,0,0,0,0,0,0,0,0,0,0
4200.83,0.0471462,-0.0282758,-0.0485742,0.00760794,-0.127218,-0.0418138,0,0,0,0,0.0438566,0.00379236,-0.0483222,0.0100491,-0.124737,-0.0262939,0,0,0,0,0,0,0,0,0,0,0,0,0,0,0,0,0,0,0,0,0
4200.83,0.0471462,-0.0282758,-0.0485742,0.00760794,-0.127218,-0.0418138,0,0,0,0,0.0438261,0.000894608,-0.04821,0.00976125,-0.125346,-0.049552,0,0,0,0,0,0,0,0,0,0,0,0,0,0,0,0,0,0,0,0,0
4200.83,0.0469354,-0.0712142,-0.0485301,0.0276008,-0.12737,-0.045367,0,0,0,0,0.043813,-0.0145351,-0.0481397,0.0162285,-0.125612,-0.0597561,0,0,0,0,0,0,0,0,0,0,0,0,0,0,0,0,0,0,0,0,0
4200.84,0.0469354,-0.0712142,-0.0485301,0.0276008,-0.12737,-0.045367,0,0,0,0,0.0438161,-0.000645551,-0.0481673,0.0036404,-0.125818,-0.0735848,0,0,0,0,0,0,0,0,0,0,0,0,0,0,0,0,0,0,0,0,0
4200.84,0.0469354,-0.0712142,-0.0485301,0.0276008,-0.12737,-0.045367,0,0,0,0,0.0437837,-0.0145585,-0.0480954,0.0134221,-0.126492,-0.0907489,0,0,0,0,0,0,0,0,0,0,0,0,0,0,0,0,0,0,0,0,0
4200.85,0.0469354,-0.0712142,-0.0485301,0.0276008,-0.12737,-0.045367,0,0,0,0,0.0438225,0.00117081,-0.0480322,0.00735036,-0.127429,-0.122316,0,0,0,0,0,0,0,0,0,0,0,0,0,0,0,0,0,0,0,0,0
4200.87,0.0466595,-0.0249802,-0.0482686,-0.00594102,-0.129413,-0.0959301,0,0,0,0,0.0438225,0.00117081,-0.0480322,0.00735036,-0.127429,-0.122316,0,0,0,0,0,0,0,0,0,0,0,0,0,0,0,0,0,0,0,0,0
4200.87,0.0466793,0.000819853,-0.0482962,-0.00546469,-0.129632,-0.104375,0,0,0,0,0.0438225,0.00117081,-0.0480322,0.00735036,-0.127429,-0.122316,0,0,0,0,0,0,0,0,0,0,0,0,0,0,0,0,0,0,0,0,0
4200.87,0.0466793,0.000819853,-0.0482962,-0.00546469,-0.129632,-0.104375,0,0,0,0,0.0437852,0.00822559,-0.0477353,0.00839196,-0.131175,-0.189282,0,0,0,0,0,0,0,0,0,0,0,0,0,0,0,0,0,0,0,0,0
4200.88,0.0466793,0.000819853,-0.0482962,-0.00546469,-0.129632,-0.104375,0,0,0,0,0.0437573,-0.00689982,-0.0476798,0.00994616,-0.132397,-0.213606,0,0,0,0,0,0,0,0,0,0,0,0,0,0,0,0,0,0,0,0,0
4200.89,0.0466141,-0.0154829,-0.0479296,0.0186114,-0.131427,-0.126331,0,0,0,0,0.0437573,-0.00689982,-0.0476798,0.00994616,-0.132397,-0.213606,0,0,0,0,0,0,0,0,0,0,0,0,0,0,0,0,0,0,0,0,0
4200.9,0.0466074,-0.012481,-0.0477021,0.01619,-0.132485,-0.099736,0,0,0,0,0.0437573,-0.00689982,-0.0476798,0.00994616,-0.132397,-0.213606,0,0,0,0,0,0,0,0,0,0,0,0,0,0,0,0,0,0,0,0,0
4200.9,0.0466357,0.0115881,-0.0474676,0.0404019,-0.133031,-0.0934958,0,0,0,0,0.0437573,-0.00689982,-0.0476798,0.00994616,-0.132397,-0.213606,0,0,0,0,0,0,0,0,0,0,0,0,0,0,0,0,0,0,0,0,0
4200.9,0.0466357,0.0115881,-0.0474676,0.0404019,-0.133031,-0.0934958,0,0,0,0,0.0436212,-0.0218567,-0.0473155,0.00987829,-0.137283,-0.153847,0,0,0,0,0,0,0,0,0,0,0,0,0,0,0,0,0,0,0,0,0
4200.91,0.0466357,0.0115881,-0.0474676,0.0404019,-0.133031,-0.0934958,0,0,0,0,0.0436361,-0.0022887,-0.0472722,0.0165492,-0.137756,-0.106703,0,0,0,0,0,0,0,0,0,0,0,0,0,0,0,0,0,0,0,0,0
4200.92,0.0466357,0.0115881,-0.0474676,0.0404019,-0.133031,-0.0934958,0,0,0,0,0.043613,-0.00599632,-0.0470235,0.0226771,-0.138771,-0.0945972,0,0,0,0,0,0,0,0,0,0,0,0,0,0,0,0,0,0,0,0,0
4200.93,0.0463853,-0.0110485,-0.0464062,0.0215232,-0.136562,-0.181322,0,0,0,0,0.043613,-0.00599632,-0.0470235,0.0226771,-0.138771,-0.0945972,0,0,0,0,0,0,0,0,0,0,0,0,0,0,0,0,0,0,0,0,0
4200.93,0.0463853,-0.0110485,-0.0464062,0.0215232,-0.136562,-0.181322,0,0,0,0,0.0434858,-0.0172269,-0.0466904,0.00469136,-0.139695,-0.0218386,0,0,0,0,0,0,0,0,0,0,0,0,0,0,0,0,0,0,0,0,0
4200.94,0.0463853,-0.0110485,-0.0464062,0.0215232,-0.136562,-0.181322,0,0,0,0,0.0434547,-0.00170353,-0.0465351,0.00856985,-0.13991,-0.0221523,0,0,0,0,0,0,0,0,0,0,0,0,0,0,0,0,0,0,0,0,0
4200.94,0.0460529,-0.0492634,-0.0459335,0.0247335,-0.1381,-0.0639987,0,0,0,0,0.0434547,-0.00170353,-0.0465351,0.00856985,-0.13991,-0.0221523,0,0,0,0,0,0,0,0,0,0,0,0,0,0,0,0,0,0,0,0,0
4200.95,0.0458091,-0.0414901,-0.0456738,0.0304517,-0.138867,-0.103818,0,0,0,0,0.0434547,-0.00170353,-0.0465351,0.00856985,-0.13991,-0.0221523,0,0,0,0,0,0,0,0,0,0,0,0,0,0,0,0,0,0,0,0,0
4200.95,0.0458091,-0.0414901,-0.0456738,0.0304517,-0.138867,-0.103818,0,0,0,0,0.0432954,-0.0193522,-0.0459872,0.0386943,-0.140142,-0.0370425,0,0,0,0,0,0,0,0,0,0,0,0,0,0,0,0,0,0,0,0,0
4200.96,0.0456091,-0.0567126,-0.0452071,0.0632211,-0.139442,-0.04782,0,0,0,0,0.0432954,-0.0193522,-0.0459872,0.0386943,-0.140142,-0.0370425,0,0,0,0,0,0,0,0,0,0,0,0,0,0,0,0,0,0,0,0,0
4200.96,0.0456091,-0.0567126,-0.0452071,0.0632211,-0.139442,-0.04782,0,0,0,0,0.0432641,-0.0148487,-0.0457972,0.03626,-0.14017,-0.00876015,0,0,0,0,0,0,0,0,0,0,0,0,0,0,0,0,0,0,0,0,0
4200.96,0.0455502,-0.0550695,-0.0451255,0.0525418,-0.139572,-0.0598136,0,0,0,0,0.0432641,-0.0148487,-0.0457972,0.03626,-0.14017,-0.00876015,0,0,0,0,0,0,0,0,0,0,0,0,0,0,0,0,0,0,0,0,0
4200.96,0.0455502,-0.0550695,-0.0451255,0.0525418,-0.139572,-0.0598136,0,0,0,0,0.0432448,-0.0139312,-0.045769,0.0222698,-0.140204,-0.0147136,0,0,0,0,0,0,0,0,0,0,0,0,0,0,0,0,0,0,0,0,0
4200.98,0.0446472,-0.0505613,-0.0432821,0.0841303,-0.139959,-0.00543048,0,0,0,0,0.0432448,-0.0139312,-0.045769,0.0222698,-0.140204,-0.0147136,0,0,0,0,0,0,0,0,0,0,0,0,0,0,0,0,0,0,0,0,0
4200.99,0.0445761,-0.0322409,-0.0431182,0.0949687,-0.139938,0.00276186,0,0,0,0,0.0432448,-0.0139312,-0.045769,0.0222698,-0.140204,-0.0147136,0,0,0,0,0,0,0,0,0,0,0,0,0,0,0,0,0,0,0,0,0
4201,0.0440745,-0.0423667,-0.0416208,0.127296,-0.140046,-0.0194932,0,0,0,0,0.0432448,-0.0139312,-0.045769,0.0222698,-0.140204,-0.0147136,0,0,0,0,0,0,0,0,0,0,0,0,0,0,0,0,0,0,0,0,0
4201,0.0440745,-0.0423667,-0.0416208,0.127296,-0.140046,-0.0194932,0,0,0,0,0.0425325,-0.0476743,-0.0406665,0.120215,-0.140772,-0.0194137,0,0,0,0,0,0,0,0,0,0,0,0,0,0,0,0,0,0,0,0,0
4201,0.0438583,-0.0260943,-0.040958,0.128584,-0.140104,-0.0247082,0,0,0,0,0.0425325,-0.0476743,-0.0406665,0.120215,-0.140772,-0.0194137,0,0,0,0,0,0,0,0,0,0,0,0,0,0,0,0,0,0,0,0,0
4201.01,0.0438583,-0.0260943,-0.040958,0.128584,-0.140104,-0.0247082,0,0,0,0,0.0424264,-0.0249511,-0.0402436,0.109242,-0.140764,-0.0145533,0,0,0,0,0,0,0,0,0,0,0,0,0,0,0,0,0,0,0,0,0
4201.01,0.0435796,-0.061731,-0.0405461,0.120537,-0.1401,0.00244353,0,0,0,0,0.0424264,-0.0249511,-0.0402436,0.109242,-0.140764,-0.0145533,0,0,0,0,0,0,0,0,0,0,0,0,0,0,0,0,0,0,0,0,0
4201.01,0.0435796,-0.061731,-0.0405461,0.120537,-0.1401,0.00244353,0,0,0,0,0.0423106,0.000482646,-0.0393835,0.148401,-0.140898,-0.0304207,0,0,0,0,0,0,0,0,0,0,0,0,0,0,0,0,0,0,0,0,0
4201.01,0.0433168,-0.0470726,-0.0400172,0.131331,-0.140094,-0.00229399,0,0,0,0,0.0423106,0.000482646,-0.0393835,0.148401,-0.140898,-0.0304207,0,0,0,0,0,0,0,0,0,0,0,0,0,0,0,0,0,0,0,0,0
4201.02,0.0433168,-0.0470726,-0.0400172,0.131331,-0.140094,-0.00229399,0,0,0,0,0.0422303,-0.0218754,-0.0390659,0.163768,-0.140886,-0.0174066,0,0,0,0,0,0,0,0,0,0,0,0,0,0,0,0,0,0,0,0,0
4201.02,0.0427007,-0.110762,-0.0389357,0.129787,-0.140196,-0.0108187,0,0,0,0,0.0422303,-0.0218754,-0.0390659,0.163768,-0.140886,-0.0174066,0,0,0,0,0,0,0,0,0,0,0,0,0,0,0,0,0,0,0,0,0
4201.02,0.0427007,-0.110762,-0.0389357,0.129787,-0.140196,-0.0108187,0,0,0,0,0.0419991,-0.0295528,-0.0380933,0.131984,-0.140922,0.00357985,0,0,0,0,0,0,0,0,0,0,0,0,0,0,0,0,0,0,0,0,0
4201.03,0.0427007,-0.110762,-0.0389357,0.129787,-0.140196,-0.0108187,0,0,0,0,0.0418384,-0.0199842,-0.0373395,0.155171,-0.141088,-0.0265083,0,0,0,0,0,0,0,0,0,0,0,0,0,0,0,0,0,0,0,0,0
4201.03,0.0427007,-0.110762,-0.0389357,0.129787,-0.140196,-0.0108187,0,0,0,0,0.0418091,-0.0166979,-0.0369333,0.194922,-0.141011,0.016862,0,0,0,0,0,0,0,0,0,0,0,0,0,0,0,0,0,0,0,0,0
4201.03,0.0417022,-0.0797682,-0.0369956,0.169039,-0.140383,-0.0151536,0,0,0,0,0.0418091,-0.0166979,-0.0369333,0.194922,-0.141011,0.016862,0,0,0,0,0,0,0,0,0,0,0,0,0,0,0,0,0,0,0,0,0
4201.04,0.0417022,-0.0797682,-0.0369956,0.169039,-0.140383,-0.0151536,0,0,0,0,0.0416167,-0.0243987,-0.0355348,0.122048,-0.141136,-0.00878006,0,0,0,0,0,0,0,0,0,0,0,0,0,0,0,0,0,0,0,0,0
4201.04,0.0417022,-0.0797682,-0.0369956,0.169039,-0.140383,-0.0151536,0,0,0,0,0.0415075,-0.0352126,-0.0350806,0.139544,-0.141161,0.00320417,0,0,0,0,0,0,0,0,0,0,0,0,0,0,0,0,0,0,0,0,0
4201.07,0.0353767,-0.274049,-0.0321607,0.100973,-0.141277,0.00581877,0,0,0,0,0.0415075,-0.0352126,-0.0350806,0.139544,-0.141161,0.00320417,0,0,0,0,0,0,0,0,0,0,0,0,0,0,0,0,0,0,0,0,0
4201.07,0.0353767,-0.274049,-0.0321607,0.100973,-0.141277,0.00581877,0,0,0,0,0.0402325,-0.0787303,-0.0313841,0.153448,-0.141455,-0.0314565,0,0,0,0,0,0,0,0,0,0,0,0,0,0,0,0,0,0,0,0,0
4201.07,0.0344062,-0.210226,-0.0318276,0.0806345,-0.141351,-0.013562,0,0,0,0,0.0402325,-0.0787303,-0.0313841,0.153448,-0.141455,-0.0314565,0,0,0,0,0,0,0,0,0,0,0,0,0,0,0,0,0,0,0,0,0
4201.08,0.0339781,-0.223707,-0.0316649,0.0784565,-0.141371,-0.00806608,0,0,0,0,0.0402325,-0.0787303,-0.0313841,0.153448,-0.141455,-0.0314565,0,0,0,0,0,0,0,0,0,0,0,0,0,0,0,0,0,0,0,0,0
4201.11,0.0339781,-0.223707,-0.0316649,0.0784565,-0.141371,-0.00806608,0,0,0,0,0.0385183,-0.0337894,-0.0290882,0.0138598,-0.141954,-0.025146,0,0,0,0,0,0,0,0,0,0,0,0,0,0,0,0,0,0,0,0,0
4201.15,0.0339781,-0.223707,-0.0316649,0.0784565,-0.141371,-0.00806608,0,0,0,0,0.035211,-0.0862953,-0.0290637,-0.00356417,-0.144596,-0.101599,0,0,0,0,0,0,0,0,0,0,0,0,0,0,0,0,0,0,0,0,0
4201.16,0.0339781,-0.223707,-0.0316649,0.0784565,-0.141371,-0.00806608,0,0,0,0,0.0348053,-0.102343,-0.0290085,0.00543571,-0.144956,-0.0868987,0,0,0,0,0,0,0,0,0,0,0,0,0,0,0,0,0,0,0,0,0
4201.17,0.0339781,-0.223707,-0.0316649,0.0784565,-0.141371,-0.00806608,0,0,0,0,0.0336656,-0.0917584,-0.0288422,0.020327,-0.146318,-0.135175,0,0,0,0,0,0,0,0,0,0,0,0,0,0,0,0,0,0,0,0,0
4201.17,0.0339781,-0.223707,-0.0316649,0.0784565,-0.141371,-0.00806608,0,0,0,0,0.0335713,-0.0665494,-0.0288537,0.00272989,-0.146533,-0.1186,0,0,0,0,0,0,0,0,0,0,0,0,0,0,0,0,0,0,0,0,0
4201.18,0.0339781,-0.223707,-0.0316649,0.0784565,-0.141371,-0.00806608,0,0,0,0,0.0326166,-0.128011,-0.0287149,0.0133238,-0.147483,-0.101219,0,0,0,0,0,0,0,0,0,0,0,0,0,0,0,0,0,0,0,0,0
4201.18,0.0339781,-0.223707,-0.0316649,0.0784565,-0.141371,-0.00806608,0,0,0,0,0.0317597,-0.137884,-0.028593,0.0183937,-0.148009,-0.0973779,0,0,0,0,0,0,0,0,0,0,0,0,0,0,0,0,0,0,0,0,0
4201.19,0.021089,-0.132669,-0.0302189,-0.00956438,-0.142098,-0.0485082,0,0,0,0,0.0317597,-0.137884,-0.028593,0.0183937,-0.148009,-0.0973779,0,0,0,0,0,0,0,0,0,0,0,0,0,0,0,0,0,0,0,0,0
4201.19,0.0208971,-0.137348,-0.0302098,0.00262231,-0.142085,-0.0153737,0,0,0,0,0.0317597,-0.137884,-0.028593,0.0183937,-0.148009,-0.0973779,0,0,0,0,0,0,0,0,0,0,0,0,0,0,0,0,0,0,0,0,0
4201.19,0.0208971,-0.137348,-0.0302098,0.00262231,-0.142085,-0.0153737,0,0,0,0,0.0307171,-0.111762,-0.0282342,0.0376269,-0.149304,-0.135386,0,0,0,0,0,0,0,0,0,0,0,0,0,0,0,0,0,0,0,0,0
4201.2,0.0208971,-0.137348,-0.0302098,0.00262231,-0.142085,-0.0153737,0,0,0,0,0.030196,-0.13265,-0.0280218,0.065502,-0.149751,-0.111839,0,0,0,0,0,0,0,0,0,0,0,0,0,0,0,0,0,0,0,0,0
4201.21,0.0208971,-0.137348,-0.0302098,0.00262231,-0.142085,-0.0153737,0,0,0,0,0.0284143,-0.100896,-0.0263945,0.149043,-0.152027,-0.15553,0,0,0,0,0,0,0,0,0,0,0,0,0,0,0,0,0,0,0,0,0
4201.22,0.0208971,-0.137348,-0.0302098,0.00262231,-0.142085,-0.0153737,0,0,0,0,0.0279153,-0.0974041,-0.0256241,0.152409,-0.152631,-0.0930589,0,0,0,0,0,0,0,0,0,0,0,0,0,0,0,0,0,0,0,0,0
4201.23,0.0153028,-0.0802681,-0.0277999,0.0855581,-0.142475,-0.0255368,0,0,0,0,0.0279153,-0.0974041,-0.0256241,0.152409,-0.152631,-0.0930589,0,0,0,0,0,0,0,0,0,0,0,0,0,0,0,0,0,0,0,0,0
4201.24,0.0150746,-0.0424172,-0.027488,0.084726,-0.142415,0.00642733,0,0,0,0,0.0279153,-0.0974041,-0.0256241,0.152409,-0.152631,-0.0930589,0,0,0,0,0,0,0,0,0,0,0,0,0,0,0,0,0,0,0,0,0
4201.25,0.0150746,-0.0424172,-0.027488,0.084726,-0.142415,0.00642733,0,0,0,0,0.0257801,-0.0653838,-0.0209722,0.154663,-0.153562,0.00472667,0,0,0,0,0,0,0,0,0,0,0,0,0,0,0,0,0,0,0,0,0
4201.27,0.0150746,-0.0424172,-0.027488,0.084726,-0.142415,0.00642733,0,0,0,0,0.0239584,-0.0398986,-0.0162563,0.176021,-0.153524,0.0115146,0,0,0,0,0,0,0,0,0,0,0,0,0,0,0,0,0,0,0,0,0
4201.28,0.01339,-0.017633,-0.0222197,0.117172,-0.143585,-0.0392017,0,0,0,0,0.0239584,-0.0398986,-0.0162563,0.176021,-0.153524,0.0115146,0,0,0,0,0,0,0,0,0,0,0,0,0,0,0,0,0,0,0,0,0
4201.28,0.01339,-0.017633,-0.0222197,0.117172,-0.143585,-0.0392017,0,0,0,0,0.0237913,-0.0398752,-0.0157693,0.146599,-0.153568,-0.0208112,0,0,0,0,0,0,0,0,0,0,0,0,0,0,0,0,0,0,0,0,0
4201.28,0.01339,-0.017633,-0.0222197,0.117172,-0.143585,-0.0392017,0,0,0,0,0.0235417,-0.0396458,-0.0148409,0.170841,-0.153498,0.00319763,0,0,0,0,0,0,0,0,0,0,0,0,0,0,0,0,0,0,0,0,0
4201.3,0.01339,-0.017633,-0.0222197,0.117172,-0.143585,-0.0392017,0,0,0,0,0.0227522,-0.0768343,-0.0126277,0.144544,-0.15352,-0.0106673,0,0,0,0,0,0,0,0,0,0,0,0,0,0,0,0,0,0,0,0,0
4201.32,0.0114297,-0.0500951,-0.0157625,0.105154,-0.144302,-0.00865594,0,0,0,0,0.0227522,-0.0768343,-0.0126277,0.144544,-0.15352,-0.0106673,0,0,0,0,0,0,0,0,0,0,0,0,0,0,0,0,0,0,0,0,0
4201.33,0.011357,-0.0152993,-0.0149422,0.0991082,-0.144436,-0.0176675,0,0,0,0,0.0227522,-0.0768343,-0.0126277,0.144544,-0.15352,-0.0106673,0,0,0,0,0,0,0,0,0,0,0,0,0,0,0,0,0,0,0,0,0
4201.33,0.011357,-0.0152993,-0.0149422,0.0991082,-0.144436,-0.0176675,0,0,0,0,0.0211247,-0.0411438,-0.0101533,0.00165555,-0.153482,0.00328423,0,0,0,0,0,0,0,0,0,0,0,0,0,0,0,0,0,0,0,0,0
4201.33,0.011357,-0.0152993,-0.0149422,0.0991082,-0.144436,-0.0176675,0,0,0,0,0.0209039,-0.0385176,-0.0100216,0.00613793,-0.153516,-0.00876436,0,0,0,0,0,0,0,0,0,0,0,0,0,0,0,0,0,0,0,0,0
4201.34,0.011357,-0.0152993,-0.0149422,0.0991082,-0.144436,-0.0176675,0,0,0,0,0.0207531,-0.0471453,-0.0100332,-0.00842103,-0.153487,-0.00786905,0,0,0,0,0,0,0,0,0,0,0,0,0,0,0,0,0,0,0,0,0
4201.34,0.011357,-0.0152993,-0.0149422,0.0991082,-0.144436,-0.0176675,0,0,0,0,0.0204852,-0.0517892,-0.0100394,-0.00431784,-0.153506,2.42658e-05,0,0,0,0,0,0,0,0,0,0,0,0,0,0,0,0,0,0,0,0,0
4201.35,0.011357,-0.0152993,-0.0149422,0.0991082,-0.144436,-0.0176675,0,0,0,0,0.0196554,-0.0751865,-0.00996374,0.0138153,-0.153597,-0.0171557,0,0,0,0,0,0,0,0,0,0,0,0,0,0,0,0,0,0,0,0,0
4201.36,0.0113744,-0.0246924,-0.0123302,0.0577556,-0.144756,-0.014091,0,0,0,0,0.0196554,-0.0751865,-0.00996374,0.0138153,-0.153597,-0.0171557,0,0,0,0,0,0,0,0,0,0,0,0,0,0,0,0,0,0,0,0,0
4201.36,0.0113744,-0.0246924,-0.0123302,0.0577556,-0.144756,-0.014091,0,0,0,0,0.0193595,-0.0843385,-0.00992421,0.0175791,-0.153494,0.00790647,0,0,0,0,0,0,0,0,0,0,0,0,0,0,0,0,0,0,0,0,0
4201.36,0.0114032,0.00733669,-0.012175,0.0490986,-0.144746,0.00417092,0,0,0,0,0.0193595,-0.0843385,-0.00992421,0.0175791,-0.153494,0.00790647,0,0,0,0,0,0,0,0,0,0,0,0,0,0,0,0,0,0,0,0,0
4201.38,0.0114032,0.00733669,-0.012175,0.0490986,-0.144746,0.00417092,0,0,0,0,0.018396,-0.0524726,-0.00912522,0.0625738,-0.153579,-0.0165957,0,0,0,0,0,0,0,0,0,0,0,0,0,0,0,0,0,0,0,0,0
4201.38,0.0111553,-0.0436138,-0.0113868,0.00481668,-0.145054,-0.00816909,0,0,0,0,0.018396,-0.0524726,-0.00912522,0.0625738,-0.153579,-0.0165957,0,0,0,0,0,0,0,0,0,0,0,0,0,0,0,0,0,0,0,0,0
4201.39,0.0111553,-0.0436138,-0.0113868,0.00481668,-0.145054,-0.00816909,0,0,0,0,0.0181094,-0.0584835,-0.00882215,0.0775003,-0.153501,0.00591983,0,0,0,0,0,0,0,0,0,0,0,0,0,0,0,0,0,0,0,0,0
4201.39,0.0111112,-0.0296383,-0.011303,0.0264468,-0.145133,-0.0221522,0,0,0,0,0.0181094,-0.0584835,-0.00882215,0.0775003,-0.153501,0.00591983,0,0,0,0,0,0,0,0,0,0,0,0,0,0,0,0,0,0,0,0,0
4201.39,0.0111112,-0.0296383,-0.011303,0.0264468,-0.145133,-0.0221522,0,0,0,0,0.0177377,-0.0791048,-0.0084579,0.0835064,-0.153576,-0.0341308,0,0,0,0,0,0,0,0,0,0,0,0,0,0,0,0,0,0,0,0,0
4201.39,0.010929,-0.0531333,-0.0111186,0.0275048,-0.145314,-0.0254526,0,0,0,0,0.0177377,-0.0791048,-0.0084579,0.0835064,-0.153576,-0.0341308,0,0,0,0,0,0,0,0,0,0,0,0,0,0,0,0,0,0,0,0,0
4201.4,0.010929,-0.0531333,-0.0111186,0.0275048,-0.145314,-0.0254526,0,0,0,0,0.0169797,-0.119973,-0.00780495,0.130802,-0.153519,-0.00552839,0,0,0,0,0,0,0,0,0,0,0,0,0,0,0,0,0,0,0,0,0
4201.4,0.010929,-0.0531333,-0.0111186,0.0275048,-0.145314,-0.0254526,0,0,0,0,0.0166407,-0.0963789,-0.00726117,0.131375,-0.153534,-0.0191002,0,0,0,0,0,0,0,0,0,0,0,0,0,0,0,0,0,0,0,0,0
4201.41,0.0105302,-0.0461224,-0.0109219,0.0196319,-0.145786,-0.0376007,0,0,0,0,0.0166407,-0.0963789,-0.00726117,0.131375,-0.153534,-0.0191002,0,0,0,0,0,0,0,0,0,0,0,0,0,0,0,0,0,0,0,0,0
4201.41,0.0105302,-0.0461224,-0.0109219,0.0196319,-0.145786,-0.0376007,0,0,0,0,0.0155907,-0.120933,-0.00572913,0.123883,-0.153481,0.0191323,0,0,0,0,0,0,0,0,0,0,0,0,0,0,0,0,0,0,0,0,0
4201.42,0.0105302,-0.0461224,-0.0109219,0.0196319,-0.145786,-0.0376007,0,0,0,0,0.0149129,-0.165756,-0.00531693,0.117437,-0.153499,-0.00571505,0,0,0,0,0,0,0,0,0,0,0,0,0,0,0,0,0,0,0,0,0
4201.42,0.0105302,-0.0461224,-0.0109219,0.0196319,-0.145786,-0.0376007,0,0,0,0,0.014015,-0.127557,-0.00470321,0.0963403,-0.153524,-0.000851727,0,0,0,0,0,0,0,0,0,0,0,0,0,0,0,0,0,0,0,0,0
4201.42,0.0096246,-0.0757711,-0.0104222,0.0376387,-0.146466,-0.0489576,0,0,0,0,0.014015,-0.127557,-0.00470321,0.0963403,-0.153524,-0.000851727,0,0,0,0,0,0,0,0,0,0,0,0,0,0,0,0,0,0,0,0,0
4201.43,0.0096246,-0.0757711,-0.0104222,0.0376387,-0.146466,-0.0489576,0,0,0,0,0.013677,-0.0886079,-0.00429061,0.104324,-0.153521,0.00756181,0,0,0,0,0,0,0,0,0,0,0,0,0,0,0,0,0,0,0,0,0
4201.43,0.0096246,-0.0757711,-0.0104222,0.0376387,-0.146466,-0.0489576,0,0,0,0,0.0133969,-0.116654,-0.00408087,0.115939,-0.153487,0.0169976,0,0,0,0,0,0,0,0,0,0,0,0,0,0,0,0,0,0,0,0,0
4201.44,0.0096246,-0.0757711,-0.0104222,0.0376387,-0.146466,-0.0489576,0,0,0,0,0.0115949,-0.111963,-0.0026102,0.135303,-0.153427,0.0172867,0,0,0,0,0,0,0,0,0,0,0,0,0,0,0,0,0,0,0,0,0
4201.45,0.0096246,-0.0757711,-0.0104222,0.0376387,-0.146466,-0.0489576,0,0,0,0,0.0110232,-0.0806777,-0.00206679,0.144251,-0.153463,0.0135832,0,0,0,0,0,0,0,0,0,0,0,0,0,0,0,0,0,0,0,0,0
4201.45,0.00731808,-0.115241,-0.00857549,0.13902,-0.147003,-0.0226344,0,0,0,0,0.0110232,-0.0806777,-0.00206679,0.144251,-0.153463,0.0135832,0,0,0,0,0,0,0,0,0,0,0,0,0,0,0,0,0,0,0,0,0
4201.45,0.00731808,-0.115241,-0.00857549,0.13902,-0.147003,-0.0226344,0,0,0,0,0.0105052,-0.144213,-0.00147681,0.163082,-0.153552,-0.0154797,0,0,0,0,0,0,0,0,0,0,0,0,0,0,0,0,0,0,0,0,0
4201.48,0.00295411,-0.145877,-0.0043349,0.206293,-0.147235,-0.0365567,0,0,0,0,0.0105052,-0.144213,-0.00147681,0.163082,-0.153552,-0.0154797,0,0,0,0,0,0,0,0,0,0,0,0,0,0,0,0,0,0,0,0,0
4201.48,0.00295411,-0.145877,-0.0043349,0.206293,-0.147235,-0.0365567,0,0,0,0,0.00754928,-0.0997823,0.00304534,0.130074,-0.153472,-0.00448444,0,0,0,0,0,0,0,0,0,0,0,0,0,0,0,0,0,0,0,0,0
4201.48,0.0020419,-0.140086,-0.00340855,0.206185,-0.147167,-0.00948454,0,0,0,0,0.00754928,-0.0997823,0.00304534,0.130074,-0.153472,-0.00448444,0,0,0,0,0,0,0,0,0,0,0,0,0,0,0,0,0,0,0,0,0
4201.49,0.0020419,-0.140086,-0.00340855,0.206185,-0.147167,-0.00948454,0,0,0,0,0.00735727,-0.0971607,0.00332079,0.139109,-0.153526,-0.0155675,0,0,0,0,0,0,0,0,0,0,0,0,0,0,0,0,0,0,0,0,0
4201.49,0.0020419,-0.140086,-0.00340855,0.206185,-0.147167,-0.00948454,0,0,0,0,0.00666368,-0.0814548,0.00440418,0.137162,-0.153512,-0.00581921,0,0,0,0,0,0,0,0,0,0,0,0,0,0,0,0,0,0,0,0,0
4201.5,0.0020419,-0.140086,-0.00340855,0.206185,-0.147167,-0.00948454,0,0,0,0,0.00646972,-0.0308964,0.0050603,0.115887,-0.153455,0.0155125,0,0,0,0,0,0,0,0,0,0,0,0,0,0,0,0,0,0,0,0,0
4201.5,0.0020419,-0.140086,-0.00340855,0.206185,-0.147167,-0.00948454,0,0,0,0,0.00627591,-0.0489991,0.00587384,0.119143,-0.15347,-0.00698018,0,0,0,0,0,0,0,0,0,0,0,0,0,0,0,0,0,0,0,0,0
4201.53,0.0020419,-0.140086,-0.00340855,0.206185,-0.147167,-0.00948454,0,0,0,0,0.00380394,-0.0708984,0.00667965,0.0078677,-0.15349,-0.0129875,0,0,0,0,0,0,0,0,0,0,0,0,0,0,0,0,0,0,0,0,0
4201.54,-0.00730166,-0.0709016,0.00621482,0.0726925,-0.147269,-0.00639954,0,0,0,0,0.00380394,-0.0708984,0.00667965,0.0078677,-0.15349,-0.0129875,0,0,0,0,0,0,0,0,0,0,0,0,0,0,0,0,0,0,0,0,0
4201.57,-0.00730166,-0.0709016,0.00621482,0.0726925,-0.147269,-0.00639954,0,0,0,0,0.000492402,-0.116813,0.00668557,0.0108521,-0.153404,0.0160292,0,0,0,0,0,0,0,0,0,0,0,0,0,0,0,0,0,0,0,0,0
4201.57,-0.00730166,-0.0709016,0.00621482,0.0726925,-0.147269,-0.00639954,0,0,0,0,-0.000366942,-0.140421,0.00667096,-0.0025038,-0.153425,-0.00864147,0,0,0,0,0,0,0,0,0,0,0,0,0,0,0,0,0,0,0,0,0
4201.58,-0.00730166,-0.0709016,0.00621482,0.0726925,-0.147269,-0.00639954,0,0,0,0,-0.000810134,-0.132238,0.00666866,-0.0092262,-0.153432,-0.0201429,0,0,0,0,0,0,0,0,0,0,0,0,0,0,0,0,0,0,0,0,0
4201.59,-0.00850652,0.00546329,0.00819528,0.0584694,-0.147262,-0.00254212,0,0,0,0,-0.000810134,-0.132238,0.00666866,-0.0092262,-0.153432,-0.0201429,0,0,0,0,0,0,0,0,0,0,0,0,0,0,0,0,0,0,0,0,0
4201.6,-0.00859605,-0.00618564,0.00866417,0.0429543,-0.147252,-0.00641827,0,0,0,0,-0.000810134,-0.132238,0.00666866,-0.0092262,-0.153432,-0.0201429,0,0,0,0,0,0,0,0,0,0,0,0,0,0,0,0,0,0,0,0,0
4201.61,-0.00859829,-0.010888,0.00911205,0.0319508,-0.147294,-0.0109545,0,0,0,0,-0.000810134,-0.132238,0.00666866,-0.0092262,-0.153432,-0.0201429,0,0,0,0,0,0,0,0,0,0,0,0,0,0,0,0,0,0,0,0,0
4201.62,-0.00862459,0.0168161,0.00930556,0.036961,-0.147215,0.0145354,0,0,0,0,-0.000810134,-0.132238,0.00666866,-0.0092262,-0.153432,-0.0201429,0,0,0,0,0,0,0,0,0,0,0,0,0,0,0,0,0,0,0,0,0
4201.62,-0.00866693,-0.00158154,0.00964446,0.0533492,-0.14724,-0.00638082,0,0,0,0,-0.000810134,-0.132238,0.00666866,-0.0092262,-0.153432,-0.0201429,0,0,0,0,0,0,0,0,0,0,0,0,0,0,0,0,0,0,0,0,0
4201.63,-0.00876176,-0.00796981,0.00992843,0.0782375,-0.147248,-0.0254854,0,0,0,0,-0.000810134,-0.132238,0.00666866,-0.0092262,-0.153432,-0.0201429,0,0,0,0,0,0,0,0,0,0,0,0,0,0,0,0,0,0,0,0,0
4201.63,-0.00878911,-0.0185742,0.0100285,0.0674611,-0.147169,0.0153219,0,0,0,0,-0.000810134,-0.132238,0.00666866,-0.0092262,-0.153432,-0.0201429,0,0,0,0,0,0,0,0,0,0,0,0,0,0,0,0,0,0,0,0,0
4201.64,-0.00878911,-0.0185742,0.0100285,0.0674611,-0.147169,0.0153219,0,0,0,0,-0.0082869,-0.0724011,0.0071326,0.0070789,-0.153226,0.0251379,0,0,0,0,0,0,0,0,0,0,0,0,0,0,0,0,0,0,0,0,0
4201.64,-0.00878911,-0.0185742,0.0100285,0.0674611,-0.147169,0.0153219,0,0,0,0,-0.00839165,-0.0594947,0.0071549,0.008811,-0.153275,-0.0086286,0,0,0,0,0,0,0,0,0,0,0,0,0,0,0,0,0,0,0,0,0
4201.65,-0.00878911,-0.0185742,0.0100285,0.0674611,-0.147169,0.0153219,0,0,0,0,-0.00881616,-0.0840764,0.00720254,0.011573,-0.153215,0.0247663,0,0,0,0,0,0,0,0,0,0,0,0,0,0,0,0,0,0,0,0,0
4201.68,-0.00878911,-0.0185742,0.0100285,0.0674611,-0.147169,0.0153219,0,0,0,0,-0.0109798,-0.0232471,0.00833714,0.0704057,-0.153131,0.0128816,0,0,0,0,0,0,0,0,0,0,0,0,0,0,0,0,0,0,0,0,0
4201.68,-0.00878911,-0.0185742,0.0100285,0.0674611,-0.147169,0.0153219,0,0,0,0,-0.0113386,-0.0611519,0.00892821,0.0954977,-0.153145,-0.00130523,0,0,0,0,0,0,0,0,0,0,0,0,0,0,0,0,0,0,0,0,0
4201.69,-0.00878911,-0.0185742,0.0100285,0.0674611,-0.147169,0.0153219,0,0,0,0,-0.0116706,-0.0870022,0.00951356,0.134886,-0.15312,-0.000620582,0,0,0,0,0,0,0,0,0,0,0,0,0,0,0,0,0,0,0,0,0
4201.69,-0.00878911,-0.0185742,0.0100285,0.0674611,-0.147169,0.0153219,0,0,0,0,-0.0118717,-0.0928351,0.00973625,0.134676,-0.153166,-0.0158607,0,0,0,0,0,0,0,0,0,0,0,0,0,0,0,0,0,0,0,0,0
4201.7,-0.00878911,-0.0185742,0.0100285,0.0674611,-0.147169,0.0153219,0,0,0,0,-0.0127284,-0.10811,0.0110548,0.172337,-0.153076,0.00529604,0,0,0,0,0,0,0,0,0,0,0,0,0,0,0,0,0,0,0,0,0
4201.71,-0.0150131,-0.0872383,0.0173372,0.06026,-0.147247,-0.016427,0,0,0,0,-0.0127284,-0.10811,0.0110548,0.172337,-0.153076,0.00529604,0,0,0,0,0,0,0,0,0,0,0,0,0,0,0,0,0,0,0,0,0
4201.72,-0.0157692,-0.160429,0.0178781,0.0704021,-0.147196,0.0111508,0,0,0,0,-0.0127284,-0.10811,0.0110548,0.172337,-0.153076,0.00529604,0,0,0,0,0,0,0,0,0,0,0,0,0,0,0,0,0,0,0,0,0
4201.73,-0.0157692,-0.160429,0.0178781,0.0704021,-0.147196,0.0111508,0,0,0,0,-0.0153488,-0.102596,0.0163429,0.199028,-0.152966,0.00138595,0,0,0,0,0,0,0,0,0,0,0,0,0,0,0,0,0,0,0,0,0
4201.73,-0.0157692,-0.160429,0.0178781,0.0704021,-0.147196,0.0111508,0,0,0,0,-0.0155805,-0.061428,0.0171501,0.20413,-0.15297,-0.01566,0,0,0,0,0,0,0,0,0,0,0,0,0,0,0,0,0,0,0,0,0
4201.75,-0.0157692,-0.160429,0.0178781,0.0704021,-0.147196,0.0111508,0,0,0,0,-0.0170022,-0.111902,0.0200486,0.161764,-0.152866,0.00252294,0,0,0,0,0,0,0,0,0,0,0,0,0,0,0,0,0,0,0,0,0
4201.75,-0.0157692,-0.160429,0.0178781,0.0704021,-0.147196,0.0111508,0,0,0,0,-0.0177433,-0.11906,0.0208184,0.128288,-0.152844,0.0065916,0,0,0,0,0,0,0,0,0,0,0,0,0,0,0,0,0,0,0,0,0
4201.76,-0.0157692,-0.160429,0.0178781,0.0704021,-0.147196,0.0111508,0,0,0,0,-0.0178926,-0.0966645,0.0211362,0.148071,-0.15282,0.0143989,0,0,0,0,0,0,0,0,0,0,0,0,0,0,0,0,0,0,0,0,0
4201.78,-0.0157692,-0.160429,0.0178781,0.0704021,-0.147196,0.0111508,0,0,0,0,-0.0194646,-0.11598,0.023342,0.0840425,-0.152788,0.00135787,0,0,0,0,0,0,0,0,0,0,0,0,0,0,0,0,0,0,0,0,0
4201.78,-0.0157692,-0.160429,0.0178781,0.0704021,-0.147196,0.0111508,0,0,0,0,-0.0197766,-0.149751,0.0234475,0.0701178,-0.152715,0.022844,0,0,0,0,0,0,0,0,0,0,0,0,0,0,0,0,0,0,0,0,0
4201.79,-0.0247202,-0.0387771,0.021203,-0.00757257,-0.147145,-0.00472362,0,0,0,0,-0.0197766,-0.149751,0.0234475,0.0701178,-0.152715,0.022844,0,0,0,0,0,0,0,0,0,0,0,0,0,0,0,0,0,0,0,0,0
4201.8,-0.0250474,-0.024121,0.0212103,0.00550709,-0.147081,0.0116657,0,0,0,0,-0.0197766,-0.149751,0.0234475,0.0701178,-0.152715,0.022844,0,0,0,0,0,0,0,0,0,0,0,0,0,0,0,0,0,0,0,0,0
4201.81,-0.0251982,0.00819779,0.0213364,0.011759,-0.147079,0.00304741,0,0,0,0,-0.0197766,-0.149751,0.0234475,0.0701178,-0.152715,0.022844,0,0,0,0,0,0,0,0,0,0,0,0,0,0,0,0,0,0,0,0,0
4201.82,-0.0251769,0.00307875,0.0215081,0.0173719,-0.147078,0.00692823,0,0,0,0,-0.0197766,-0.149751,0.0234475,0.0701178,-0.152715,0.022844,0,0,0,0,0,0,0,0,0,0,0,0,0,0,0,0,0,0,0,0,0
4201.83,-0.0251095,0.00481201,0.0215728,0.0153519,-0.147068,-0.00594545,0,0,0,0,-0.0197766,-0.149751,0.0234475,0.0701178,-0.152715,0.022844,0,0,0,0,0,0,0,0,0,0,0,0,0,0,0,0,0,0,0,0,0
4201.83,-0.0251095,0.00481201,0.0215728,0.0153519,-0.147068,-0.00594545,0,0,0,0,-0.0233615,-0.040891,0.0239182,0.00560429,-0.152468,0.00837052,0,0,0,0,0,0,0,0,0,0,0,0,0,0,0,0,0,0,0,0,0
4201.84,-0.0251095,0.00481201,0.0215728,0.0153519,-0.147068,-0.00594545,0,0,0,0,-0.0233658,-0.00689982,0.023943,0.0159032,-0.15246,0.00496309,0,0,0,0,0,0,0,0,0,0,0,0,0,0,0,0,0,0,0,0,0
4201.84,-0.0252004,-0.0161019,0.0217432,0.0258194,-0.147052,0.00927827,0,0,0,0,-0.0233658,-0.00689982,0.023943,0.0159032,-0.15246,0.00496309,0,0,0,0,0,0,0,0,0,0,0,0,0,0,0,0,0,0,0,0,0
4201.84,-0.0252004,-0.0161019,0.0217432,0.0258194,-0.147052,0.00927827,0,0,0,0,-0.0236294,-0.0347117,0.0238792,-0.00709618,-0.152391,0.0127792,0,0,0,0,0,0,0,0,0,0,0,0,0,0,0,0,0,0,0,0,0
4201.85,-0.0252004,-0.0161019,0.0217432,0.0258194,-0.147052,0.00927827,0,0,0,0,-0.0238496,-0.0330872,0.0239588,0.0162075,-0.152279,0.0236826,0,0,0,0,0,0,0,0,0,0,0,0,0,0,0,0,0,0,0,0,0
4201.85,-0.0252004,-0.0161019,0.0217432,0.0258194,-0.147052,0.00927827,0,0,0,0,-0.0239418,-0.0241365,0.0239512,0.0108942,-0.152287,-0.00375298,0,0,0,0,0,0,0,0,0,0,0,0,0,0,0,0,0,0,0,0,0
4201.86,-0.0252004,-0.0161019,0.0217432,0.0258194,-0.147052,0.00927827,0,0,0,0,-0.0241797,-0.0498137,0.0239637,-0.000645297,-0.152172,0.0124573,0,0,0,0,0,0,0,0,0,0,0,0,0,0,0,0,0,0,0,0,0
4201.86,-0.0252004,-0.0161019,0.0217432,0.0258194,-0.147052,0.00927827,0,0,0,0,-0.0242835,-0.0328953,0.0240519,0.0191193,-0.152076,0.0124673,0,0,0,0,0,0,0,0,0,0,0,0,0,0,0,0,0,0,0,0,0
4201.87,-0.0252004,-0.0161019,0.0217432,0.0258194,-0.147052,0.00927827,0,0,0,0,-0.024537,-0.0567373,0.0240774,0.011573,-0.151926,0.0322881,0,0,0,0,0,0,0,0,0,0,0,0,0,0,0,0,0,0,0,0,0
4201.88,-0.0252004,-0.0161019,0.0217432,0.0258194,-0.147052,0.00927827,0,0,0,0,-0.0251035,-0.0618026,0.0243004,0.00612626,-0.151673,0.0318468,0,0,0,0,0,0,0,0,0,0,0,0,0,0,0,0,0,0,0,0,0
4201.88,-0.0254079,-0.00906699,0.0238971,0.0280641,-0.146925,0.00525232,0,0,0,0,-0.0251035,-0.0618026,0.0243004,0.00612626,-0.151673,0.0318468,0,0,0,0,0,0,0,0,0,0,0,0,0,0,0,0,0,0,0,0,0
4201.89,-0.0254079,-0.00906699,0.0238971,0.0280641,-0.146925,0.00525232,0,0,0,0,-0.0251513,-0.0115437,0.0244357,0.0107304,-0.151645,0.01767,0,0,0,0,0,0,0,0,0,0,0,0,0,0,0,0,0,0,0,0,0
4201.9,-0.0254079,-0.00906699,0.0238971,0.0280641,-0.146925,0.00525232,0,0,0,0,-0.0254567,-0.0176622,0.0246974,-0.0026372,-0.15133,0.0426713,0,0,0,0,0,0,0,0,0,0,0,0,0,0,0,0,0,0,0,0,0
4201.91,-0.0258131,-0.0562443,0.0247835,0.0659174,-0.146847,-0.0069098,0,0,0,0,-0.0254567,-0.0176622,0.0246974,-0.0026372,-0.15133,0.0426713,0,0,0,0,0,0,0,0,0,0,0,0,0,0,0,0,0,0,0,0,0
4201.91,-0.0258853,-0.0191758,0.0253082,0.0863889,-0.14679,-0.00827206,0,0,0,0,-0.0254567,-0.0176622,0.0246974,-0.0026372,-0.15133,0.0426713,0,0,0,0,0,0,0,0,0,0,0,0,0,0,0,0,0,0,0,0,0
4201.92,-0.0259383,-0.00491289,0.0257715,0.117981,-0.146803,-0.00289789,0,0,0,0,-0.0254567,-0.0176622,0.0246974,-0.0026372,-0.15133,0.0426713,0,0,0,0,0,0,0,0,0,0,0,0,0,0,0,0,0,0,0,0,0
4201.92,-0.0259383,-0.00491289,0.0257715,0.117981,-0.146803,-0.00289789,0,0,0,0,-0.0257824,-0.0129668,0.0249714,0.00889995,-0.151182,0.0206795,0,0,0,0,0,0,0,0,0,0,0,0,0,0,0,0,0,0,0,0,0
4201.92,-0.0260701,-0.00882064,0.0261488,0.0646511,-0.146712,0.0166607,0,0,0,0,-0.0257824,-0.0129668,0.0249714,0.00889995,-0.151182,0.0206795,0,0,0,0,0,0,0,0,0,0,0,0,0,0,0,0,0,0,0,0,0
4201.93,-0.0260701,-0.00882064,0.0261488,0.0646511,-0.146712,0.0166607,0,0,0,0,-0.025813,-0.0100925,0.0250291,0.020924,-0.151235,-0.0226094,0,0,0,0,0,0,0,0,0,0,0,0,0,0,0,0,0,0,0,0,0
4201.93,-0.0261217,-0.0184695,0.02625,0.0676776,-0.146793,-0.0213845,0,0,0,0,-0.025813,-0.0100925,0.0250291,0.020924,-0.151235,-0.0226094,0,0,0,0,0,0,0,0,0,0,0,0,0,0,0,0,0,0,0,0,0
4201.94,-0.0261217,-0.0184695,0.02625,0.0676776,-0.146793,-0.0213845,0,0,0,0,-0.0262553,-0.03334,0.025318,0.0220358,-0.150888,0.0255352,0,0,0,0,0,0,0,0,0,0,0,0,0,0,0,0,0,0,0,0,0
4201.94,-0.026425,-0.0312524,0.0270197,0.0805419,-0.146698,-0.00335666,0,0,0,0,-0.0262553,-0.03334,0.025318,0.0220358,-0.150888,0.0255352,0,0,0,0,0,0,0,0,0,0,0,0,0,0,0,0,0,0,0,0,0
4201.95,-0.0265899,-0.0280726,0.0273313,0.0755539,-0.146602,0.0280317,0,0,0,0,-0.0262553,-0.03334,0.025318,0.0220358,-0.150888,0.0255352,0,0,0,0,0,0,0,0,0,0,0,0,0,0,0,0,0,0,0,0,0
4201.95,-0.0265899,-0.0280726,0.0273313,0.0755539,-0.146602,0.0280317,0,0,0,0,-0.0266421,-0.0601781,0.0255337,0.0201188,-0.150778,0.0257219,0,0,0,0,0,0,0,0,0,0,0,0,0,0,0,0,0,0,0,0,0
4201.95,-0.0265899,-0.0280726,0.0273313,0.0755539,-0.146602,0.0280317,0,0,0,0,-0.0269891,-0.0669473,0.0258575,0.0599359,-0.150757,-0.0117791,0,0,0,0,0,0,0,0,0,0,0,0,0,0,0,0,0,0,0,0,0
4201.96,-0.0270926,-0.0664327,0.0286951,0.0810709,-0.146461,0.0186878,0,0,0,0,-0.0269891,-0.0669473,0.0258575,0.0599359,-0.150757,-0.0117791,0,0,0,0,0,0,0,0,0,0,0,0,0,0,0,0,0,0,0,0,0
4201.96,-0.0270926,-0.0664327,0.0286951,0.0810709,-0.146461,0.0186878,0,0,0,0,-0.0272559,-0.0432879,0.0261794,0.0759625,-0.150673,0.00994461,0,0,0,0,0,0,0,0,0,0,0,0,0,0,0,0,0,0,0,0,0
4201.96,-0.0274514,-0.0800542,0.0288482,0.0531491,-0.14641,0.0251714,0,0,0,0,-0.0272559,-0.0432879,0.0261794,0.0759625,-0.150673,0.00994461,0,0,0,0,0,0,0,0,0,0,0,0,0,0,0,0,0,0,0,0,0
4201.97,-0.0279537,-0.0935964,0.0292071,0.0604075,-0.146409,0.00112806,0,0,0,0,-0.0272559,-0.0432879,0.0261794,0.0759625,-0.150673,0.00994461,0,0,0,0,0,0,0,0,0,0,0,0,0,0,0,0,0,0,0,0,0
4201.97,-0.0279537,-0.0935964,0.0292071,0.0604075,-0.146409,0.00112806,0,0,0,0,-0.0276437,-0.0242582,0.0269605,0.126163,-0.15051,0.0205566,0,0,0,0,0,0,0,0,0,0,0,0,0,0,0,0,0,0,0,0,0
4201.97,-0.0279537,-0.0935964,0.0292071,0.0604075,-0.146409,0.00112806,0,0,0,0,-0.0278615,-0.0367949,0.027656,0.121357,-0.150494,0.00422636,0,0,0,0,0,0,0,0,0,0,0,0,0,0,0,0,0,0,0,0,0
4201.98,-0.0279537,-0.0935964,0.0292071,0.0604075,-0.146409,0.00112806,0,0,0,0,-0.0280637,-0.0384099,0.028598,0.165374,-0.15037,0.0234754,0,0,0,0,0,0,0,0,0,0,0,0,0,0,0,0,0,0,0,0,0
4202.01,-0.0279537,-0.0935964,0.0292071,0.0604075,-0.146409,0.00112806,0,0,0,0,-0.029742,-0.0614093,0.0336442,0.146283,-0.149682,0.0318866,0,0,0,0,0,0,0,0,0,0,0,0,0,0,0,0,0,0,0,0,0
4202.02,-0.0318748,-0.0536491,0.0339441,0.0208736,-0.145903,0.0248718,0,0,0,0,-0.029742,-0.0614093,0.0336442,0.146283,-0.149682,0.0318866,0,0,0,0,0,0,0,0,0,0,0,0,0,0,0,0,0,0,0,0,0
4202.02,-0.0318748,-0.0536491,0.0339441,0.0208736,-0.145903,0.0248718,0,0,0,0,-0.0302153,-0.0606275,0.0350839,0.162104,-0.149315,0.0606517,0,0,0,0,0,0,0,0,0,0,0,0,0,0,0,0,0,0,0,0,0
4202.03,-0.0318748,-0.0536491,0.0339441,0.0208736,-0.145903,0.0248718,0,0,0,0,-0.0304171,-0.0437045,0.0359095,0.156439,-0.148826,0.0951971,0,0,0,0,0,0,0,0,0,0,0,0,0,0,0,0,0,0,0,0,0
4202.05,-0.0318748,-0.0536491,0.0339441,0.0208736,-0.145903,0.0248718,0,0,0,0,-0.0314803,-0.0644194,0.0376567,0.0548028,-0.147383,0.0731977,0,0,0,0,0,0,0,0,0,0,0,0,0,0,0,0,0,0,0,0,0
4202.06,-0.0318748,-0.0536491,0.0339441,0.0208736,-0.145903,0.0248718,0,0,0,0,-0.0326011,-0.0656974,0.0383306,0.0497704,-0.145296,0.125482,0,0,0,0,0,0,0,0,0,0,0,0,0,0,0,0,0,0,0,0,0
4202.07,-0.0318748,-0.0536491,0.0339441,0.0208736,-0.145903,0.0248718,0,0,0,0,-0.0327905,-0.0509465,0.0384511,0.0391718,-0.144865,0.0997784,0,0,0,0,0,0,0,0,0,0,0,0,0,0,0,0,0,0,0,0,0
4202.07,-0.0379751,-0.194673,0.0358326,0.0161501,-0.144721,0.0489807,0,0,0,0,-0.0327905,-0.0509465,0.0384511,0.0391718,-0.144865,0.0997784,0,0,0,0,0,0,0,0,0,0,0,0,0,0,0,0,0,0,0,0,0
4202.08,-0.0389231,-0.14428,0.0358751,0.0181795,-0.144228,0.109595,0,0,0,0,-0.0327905,-0.0509465,0.0384511,0.0391718,-0.144865,0.0997784,0,0,0,0,0,0,0,0,0,0,0,0,0,0,0,0,0,0,0,0,0
4202.09,-0.0398434,-0.134311,0.0360208,0.0237315,-0.143461,0.0883929,0,0,0,0,-0.0327905,-0.0509465,0.0384511,0.0391718,-0.144865,0.0997784,0,0,0,0,0,0,0,0,0,0,0,0,0,0,0,0,0,0,0,0,0
4202.1,-0.0411156,-0.106011,0.0361168,0.0162601,-0.142722,0.061625,0,0,0,0,-0.0327905,-0.0509465,0.0384511,0.0391718,-0.144865,0.0997784,0,0,0,0,0,0,0,0,0,0,0,0,0,0,0,0,0,0,0,0,0
4202.1,-0.0411156,-0.106011,0.0361168,0.0162601,-0.142722,0.061625,0,0,0,0,-0.0343647,-0.076179,0.0400877,0.0320188,-0.139254,0.236854,0,0,0,0,0,0,0,0,0,0,0,0,0,0,0,0,0,0,0,0,0
4202.11,-0.0411156,-0.106011,0.0361168,0.0162601,-0.142722,0.061625,0,0,0,0,-0.0345162,-0.0720594,0.0401668,0.0349048,-0.138631,0.297404,0,0,0,0,0,0,0,0,0,0,0,0,0,0,0,0,0,0,0,0,0
4202.11,-0.0417568,-0.0344988,0.0363318,0.0225753,-0.141911,0.0924329,0,0,0,0,-0.0345162,-0.0720594,0.0401668,0.0349048,-0.138631,0.297404,0,0,0,0,0,0,0,0,0,0,0,0,0,0,0,0,0,0,0,0,0
4202.11,-0.042161,-0.0562425,0.0365615,0.0291361,-0.140964,0.115254,0,0,0,0,-0.0345162,-0.0720594,0.0401668,0.0349048,-0.138631,0.297404,0,0,0,0,0,0,0,0,0,0,0,0,0,0,0,0,0,0,0,0,0
4202.12,-0.042161,-0.0562425,0.0365615,0.0291361,-0.140964,0.115254,0,0,0,0,-0.0352853,-0.0234156,0.0404396,-0.00720617,-0.133623,0.239817,0,0,0,0,0,0,0,0,0,0,0,0,0,0,0,0,0,0,0,0,0
4202.12,-0.042255,-0.0238075,0.0370116,0.060878,-0.14034,0.0774947,0,0,0,0,-0.0352853,-0.0234156,0.0404396,-0.00720617,-0.133623,0.239817,0,0,0,0,0,0,0,0,0,0,0,0,0,0,0,0,0,0,0,0,0
4202.13,-0.0421769,-0.00773533,0.037526,0.0658893,-0.139986,0.0797184,0,0,0,0,-0.0352853,-0.0234156,0.0404396,-0.00720617,-0.133623,0.239817,0,0,0,0,0,0,0,0,0,0,0,0,0,0,0,0,0,0,0,0,0
4202.13,-0.0421281,0.00284625,0.037898,0.0458743,-0.139586,0.0467243,0,0,0,0,-0.0352853,-0.0234156,0.0404396,-0.00720617,-0.133623,0.239817,0,0,0,0,0,0,0,0,0,0,0,0,0,0,0,0,0,0,0,0,0
4202.14,-0.0421281,0.00284625,0.037898,0.0458743,-0.139586,0.0467243,0,0,0,0,-0.0355753,-0.0224091,0.040418,-0.00239376,-0.131786,0.129049,0,0,0,0,0,0,0,0,0,0,0,0,0,0,0,0,0,0,0,0,0
4202.15,-0.0421281,0.00284625,0.037898,0.0458743,-0.139586,0.0467243,0,0,0,0,-0.0358314,-0.0391215,0.0404061,-0.0156045,-0.130723,0.102203,0,0,0,0,0,0,0,0,0,0,0,0,0,0,0,0,0,0,0,0,0
4202.15,-0.0421067,0.00233628,0.0382955,0.0398096,-0.138338,0.0603564,0,0,0,0,-0.0358314,-0.0391215,0.0404061,-0.0156045,-0.130723,0.102203,0,0,0,0,0,0,0,0,0,0,0,0,0,0,0,0,0,0,0,0,0
4202.15,-0.0421067,0.00233628,0.0382955,0.0398096,-0.138338,0.0603564,0,0,0,0,-0.0358457,-0.00358545,0.0404172,-0.00556302,-0.130534,0.0361592,0,0,0,0,0,0,0,0,0,0,0,0,0,0,0,0,0,0,0,0,0
4202.15,-0.0421457,-0.0148758,0.0382724,-0.00727296,-0.138164,0.0744987,0,0,0,0,-0.0358457,-0.00358545,0.0404172,-0.00556302,-0.130534,0.0361592,0,0,0,0,0,0,0,0,0,0,0,0,0,0,0,0,0,0,0,0,0
4202.16,-0.0421457,-0.0148758,0.0382724,-0.00727296,-0.138164,0.0744987,0,0,0,0,-0.0361454,-0.0226432,0.0404204,-0.00410947,-0.129925,0.0624145,0,0,0,0,0,0,0,0,0,0,0,0,0,0,0,0,0,0,0,0,0
4202.17,-0.0421457,-0.0148758,0.0382724,-0.00727296,-0.138164,0.0744987,0,0,0,0,-0.0362497,-0.0426231,0.0404583,0.0043895,-0.129822,0.0591165,0,0,0,0,0,0,0,0,0,0,0,0,0,0,0,0,0,0,0,0,0
4202.19,-0.0421046,0.0297514,0.0382559,-0.0182249,-0.136546,0.0595044,0,0,0,0,-0.0362497,-0.0426231,0.0404583,0.0043895,-0.129822,0.0591165,0,0,0,0,0,0,0,0,0,0,0,0,0,0,0,0,0,0,0,0,0
4202.19,-0.0421046,0.0297514,0.0382559,-0.0182249,-0.136546,0.0595044,0,0,0,0,-0.0374256,-0.0342903,0.0405184,-0.0054296,-0.127613,0.0471159,0,0,0,0,0,0,0,0,0,0,0,0,0,0,0,0,0,0,0,0,0
4202.2,-0.0421046,0.0297514,0.0382559,-0.0182249,-0.136546,0.0595044,0,0,0,0,-0.0376294,-0.0369962,0.0405659,0.0103254,-0.127354,0.0597929,0,0,0,0,0,0,0,0,0,0,0,0,0,0,0,0,0,0,0,0,0
4202.21,-0.0421046,0.0297514,0.0382559,-0.0182249,-0.136546,0.0595044,0,0,0,0,-0.0379967,-0.0258733,0.0406382,0.0167084,-0.126278,0.0734882,0,0,0,0,0,0,0,0,0,0,0,0,0,0,0,0,0,0,0,0,0
4202.21,-0.0421456,0.0138696,0.0383217,0.00259765,-0.135218,0.0495144,0,0,0,0,-0.0379967,-0.0258733,0.0406382,0.0167084,-0.126278,0.0734882,0,0,0,0,0,0,0,0,0,0,0,0,0,0,0,0,0,0,0,0,0
4202.22,-0.0421456,0.0138696,0.0383217,0.00259765,-0.135218,0.0495144,0,0,0,0,-0.0380446,-0.0169553,0.040634,0.00307873,-0.125916,0.0964256,0,0,0,0,0,0,0,0,0,0,0,0,0,0,0,0,0,0,0,0,0
4202.22,-0.0421864,-0.00602578,0.0383726,0.0149517,-0.135103,0.0569062,0,0,0,0,-0.0380446,-0.0169553,0.040634,0.00307873,-0.125916,0.0964256,0,0,0,0,0,0,0,0,0,0,0,0,0,0,0,0,0,0,0,0,0
4202.23,-0.0422115,-0.00864674,0.0383932,0.00511153,-0.133883,0.0725653,0,0,0,0,-0.0380446,-0.0169553,0.040634,0.00307873,-0.125916,0.0964256,0,0,0,0,0,0,0,0,0,0,0,0,0,0,0,0,0,0,0,0,0
4202.24,-0.0422115,-0.00864674,0.0383932,0.00511153,-0.133883,0.0725653,0,0,0,0,-0.0384936,0.00221473,0.0408608,0.000457179,-0.122797,0.187998,0,0,0,0,0,0,0,0,0,0,0,0,0,0,0,0,0,0,0,0,0
4202.24,-0.0422115,-0.00864674,0.0383932,0.00511153,-0.133883,0.0725653,0,0,0,0,-0.0386179,-0.0125221,0.0409861,0.0197537,-0.121938,0.196829,0,0,0,0,0,0,0,0,0,0,0,0,0,0,0,0,0,0,0,0,0
4202.25,-0.0422115,-0.00864674,0.0383932,0.00511153,-0.133883,0.0725653,0,0,0,0,-0.038725,-0.00789696,0.0410444,0.0186887,-0.120785,0.181756,0,0,0,0,0,0,0,0,0,0,0,0,0,0,0,0,0,0,0,0,0
4202.25,-0.0422115,-0.00864674,0.0383932,0.00511153,-0.133883,0.0725653,0,0,0,0,-0.0388441,-0.0348006,0.0410287,-0.0017688,-0.120415,0.188792,0,0,0,0,0,0,0,0,0,0,0,0,0,0,0,0,0,0,0,0,0
4202.26,-0.0421036,0.031051,0.0384576,0.00318984,-0.130751,0.154901,0,0,0,0,-0.0388441,-0.0348006,0.0410287,-0.0017688,-0.120415,0.188792,0,0,0,0,0,0,0,0,0,0,0,0,0,0,0,0,0,0,0,0,0
4202.28,-0.0421036,0.031051,0.0384576,0.00318984,-0.130751,0.154901,0,0,0,0,-0.0396369,-0.035779,0.0416555,0.0286271,-0.11649,0.0780644,0,0,0,0,0,0,0,0,0,0,0,0,0,0,0,0,0,0,0,0,0
4202.29,-0.0421036,0.031051,0.0384576,0.00318984,-0.130751,0.154901,0,0,0,0,-0.0398115,-0.00937627,0.0417207,0.00118982,-0.115932,0.0402169,0,0,0,0,0,0,0,0,0,0,0,0,0,0,0,0,0,0,0,0,0
4202.29,-0.0421036,0.031051,0.0384576,0.00318984,-0.130751,0.154901,0,0,0,0,-0.0399551,-0.0386393,0.0417373,0.00497936,-0.115877,0.0352898,0,0,0,0,0,0,0,0,0,0,0,0,0,0,0,0,0,0,0,0,0
4202.3,-0.0421036,0.031051,0.0384576,0.00318984,-0.130751,0.154901,0,0,0,0,-0.040165,-0.0124894,0.0419231,0.00666464,-0.115751,-0.0109466,0,0,0,0,0,0,0,0,0,0,0,0,0,0,0,0,0,0,0,0,0
4202.3,-0.0422727,-0.0203399,0.0388191,0.0333985,-0.122949,0.182422,0,0,0,0,-0.040165,-0.0124894,0.0419231,0.00666464,-0.115751,-0.0109466,0,0,0,0,0,0,0,0,0,0,0,0,0,0,0,0,0,0,0,0,0
4202.31,-0.0422727,-0.0203399,0.0388191,0.0333985,-0.122949,0.182422,0,0,0,0,-0.0402339,-0.0237807,0.0419605,0.0170596,-0.115753,-0.00885873,0,0,0,0,0,0,0,0,0,0,0,0,0,0,0,0,0,0,0,0,0
4202.31,-0.0422047,0.00909143,0.0387783,-0.00197601,-0.122654,0.158852,0,0,0,0,-0.0402339,-0.0237807,0.0419605,0.0170596,-0.115753,-0.00885873,0,0,0,0,0,0,0,0,0,0,0,0,0,0,0,0,0,0,0,0,0
4202.31,-0.0422713,0.0043621,0.0389088,0.0143923,-0.121039,0.209073,0,0,0,0,-0.0402339,-0.0237807,0.0419605,0.0170596,-0.115753,-0.00885873,0,0,0,0,0,0,0,0,0,0,0,0,0,0,0,0,0,0,0,0,0
4202.32,-0.0422713,0.0043621,0.0389088,0.0143923,-0.121039,0.209073,0,0,0,0,-0.0404304,-0.0173018,0.0421566,0.0188619,-0.115699,0.0343933,0,0,0,0,0,0,0,0,0,0,0,0,0,0,0,0,0,0,0,0,0
4202.32,-0.0422713,0.0043621,0.0389088,0.0143923,-0.121039,0.209073,0,0,0,0,-0.040532,-0.00799059,0.0422366,0.0162801,-0.115666,-0.00207664,0,0,0,0,0,0,0,0,0,0,0,0,0,0,0,0,0,0,0,0,0
4202.32,-0.0423523,-0.0177095,0.0390626,0.0210445,-0.119971,0.13082,0,0,0,0,-0.040532,-0.00799059,0.0422366,0.0162801,-0.115666,-0.00207664,0,0,0,0,0,0,0,0,0,0,0,0,0,0,0,0,0,0,0,0,0
4202.34,-0.0423523,-0.0177095,0.0390626,0.0210445,-0.119971,0.13082,0,0,0,0,-0.0409012,-0.0306764,0.0424019,0.0143865,-0.115531,-0.00212462,0,0,0,0,0,0,0,0,0,0,0,0,0,0,0,0,0,0,0,0,0
4202.34,-0.0423275,0.014956,0.0394012,0.02133,-0.118091,0.0659318,0,0,0,0,-0.0409012,-0.0306764,0.0424019,0.0143865,-0.115531,-0.00212462,0,0,0,0,0,0,0,0,0,0,0,0,0,0,0,0,0,0,0,0,0
4202.36,-0.0423275,0.014956,0.0394012,0.02133,-0.118091,0.0659318,0,0,0,0,-0.0416252,-0.0309666,0.0426448,0.0140167,-0.114752,0.0352839,0,0,0,0,0,0,0,0,0,0,0,0,0,0,0,0,0,0,0,0,0
4202.37,-0.0425028,-0.0384616,0.0406245,0.0114828,-0.116315,0.0673409,0,0,0,0,-0.0416252,-0.0309666,0.0426448,0.0140167,-0.114752,0.0352839,0,0,0,0,0,0,0,0,0,0,0,0,0,0,0,0,0,0,0,0,0
4202.37,-0.0425028,-0.0384616,0.0406245,0.0114828,-0.116315,0.0673409,0,0,0,0,-0.0418544,-0.061311,0.0426919,0.0249429,-0.114503,0.064018,0,0,0,0,0,0,0,0,0,0,0,0,0,0,0,0,0,0,0,0,0
4202.37,-0.0425255,-0.0175389,0.0407637,0.036851,-0.116044,0.0764555,0,0,0,0,-0.0418544,-0.061311,0.0426919,0.0249429,-0.114503,0.064018,0,0,0,0,0,0,0,0,0,0,0,0,0,0,0,0,0,0,0,0,0
4202.38,-0.0425394,-0.0247462,0.0408661,0.0192024,-0.11574,0.0505162,0,0,0,0,-0.0418544,-0.061311,0.0426919,0.0249429,-0.114503,0.064018,0,0,0,0,0,0,0,0,0,0,0,0,0,0,0,0,0,0,0,0,0
4202.38,-0.0425394,-0.0247462,0.0408661,0.0192024,-0.11574,0.0505162,0,0,0,0,-0.0423574,-0.04142,0.0427821,0.00336431,-0.11361,0.103695,0,0,0,0,0,0,0,0,0,0,0,0,0,0,0,0,0,0,0,0,0
4202.4,-0.0425394,-0.0247462,0.0408661,0.0192024,-0.11574,0.0505162,0,0,0,0,-0.043444,-0.0455068,0.0433754,0.0466246,-0.109403,0.157708,0,0,0,0,0,0,0,0,0,0,0,0,0,0,0,0,0,0,0,0,0
4202.41,-0.0428582,-0.0119699,0.0415513,0.0313083,-0.111956,0.184524,0,0,0,0,-0.043444,-0.0455068,0.0433754,0.0466246,-0.109403,0.157708,0,0,0,0,0,0,0,0,0,0,0,0,0,0,0,0,0,0,0,0,0
4202.41,-0.0428582,-0.0119699,0.0415513,0.0313083,-0.111956,0.184524,0,0,0,0,-0.0439589,-0.0786975,0.043787,0.0628056,-0.107569,0.286601,0,0,0,0,0,0,0,0,0,0,0,0,0,0,0,0,0,0,0,0,0
4202.42,-0.0429034,-0.0171618,0.0417275,0.0541556,-0.111217,0.210019,0,0,0,0,-0.0439589,-0.0786975,0.043787,0.0628056,-0.107569,0.286601,0,0,0,0,0,0,0,0,0,0,0,0,0,0,0,0,0,0,0,0,0
4202.42,-0.0429153,-0.00624524,0.0418574,0.0449942,-0.110571,0.155448,0,0,0,0,-0.0443024,-0.0556373,0.0442346,0.0781323,-0.106472,0.198333,0,0,0,0,0,0,0,0,0,0,0,0,0,0,0,0,0,0,0,0,0
4202.43,-0.0429153,-0.00624524,0.0418574,0.0449942,-0.110571,0.155448,0,0,0,0,-0.0450643,-0.0403761,0.0459171,0.134264,-0.103016,0.269567,0,0,0,0,0,0,0,0,0,0,0,0,0,0,0,0,0,0,0,0,0
4202.44,-0.042887,0.023354,0.0431191,0.056632,-0.107739,0.133582,0,0,0,0,-0.0450643,-0.0403761,0.0459171,0.134264,-0.103016,0.269567,0,0,0,0,0,0,0,0,0,0,0,0,0,0,0,0,0,0,0,0,0
4202.44,-0.042887,0.023354,0.0431191,0.056632,-0.107739,0.133582,0,0,0,0,-0.0452949,-0.042684,0.0466778,0.152008,-0.101898,0.162888,0,0,0,0,0,0,0,0,0,0,0,0,0,0,0,0,0,0,0,0,0
4202.45,-0.0430474,-0.0407628,0.0436273,0.0578164,-0.105817,0.189126,0,0,0,0,-0.0452949,-0.042684,0.0466778,0.152008,-0.101898,0.162888,0,0,0,0,0,0,0,0,0,0,0,0,0,0,0,0,0,0,0,0,0
4202.48,-0.0430663,-0.00584499,0.0455046,0.085359,-0.102173,0.14852,0,0,0,0,-0.0452949,-0.042684,0.0466778,0.152008,-0.101898,0.162888,0,0,0,0,0,0,0,0,0,0,0,0,0,0,0,0,0,0,0,0,0
4202.49,-0.0431592,0.000936517,0.0461484,0.0431615,-0.100485,0.0781969,0,0,0,0,-0.0452949,-0.042684,0.0466778,0.152008,-0.101898,0.162888,0,0,0,0,0,0,0,0,0,0,0,0,0,0,0,0,0,0,0,0,0
4202.49,-0.0431592,0.000936517,0.0461484,0.0431615,-0.100485,0.0781969,0,0,0,0,-0.0471583,-0.0165153,0.0504222,0.079216,-0.0951009,0.091708,0,0,0,0,0,0,0,0,0,0,0,0,0,0,0,0,0,0,0,0,0
4202.49,-0.0431508,0.00115917,0.0463517,0.0427518,-0.100214,0.0703697,0,0,0,0,-0.0471583,-0.0165153,0.0504222,0.079216,-0.0951009,0.091708,0,0,0,0,0,0,0,0,0,0,0,0,0,0,0,0,0,0,0,0,0
4202.5,-0.043298,-0.0426128,0.0468409,0.0858131,-0.0995872,0.109164,0,0,0,0,-0.0473529,-0.0184721,0.0509573,0.111639,-0.0945808,0.0806671,0,0,0,0,0,0,0,0,0,0,0,0,0,0,0,0,0,0,0,0,0
4202.5,-0.043298,-0.0426128,0.0468409,0.0858131,-0.0995872,0.109164,0,0,0,0,-0.0474739,-0.0224044,0.0515631,0.101139,-0.0936729,0.173961,0,0,0,0,0,0,0,0,0,0,0,0,0,0,0,0,0,0,0,0,0
4202.5,-0.0432284,0.00618137,0.047111,0.124633,-0.0992567,0.152874,0,0,0,0,-0.0474739,-0.0224044,0.0515631,0.101139,-0.0936729,0.173961,0,0,0,0,0,0,0,0,0,0,0,0,0,0,0,0,0,0,0,0,0
4202.51,-0.0432565,0.00230347,0.0475377,0.111617,-0.0987975,0.117122,0,0,0,0,-0.0474739,-0.0224044,0.0515631,0.101139,-0.0936729,0.173961,0,0,0,0,0,0,0,0,0,0,0,0,0,0,0,0,0,0,0,0,0
4202.52,-0.0432565,0.00230347,0.0475377,0.111617,-0.0987975,0.117122,0,0,0,0,-0.0476341,-0.0079391,0.0526339,0.0393334,-0.0921651,0.0559847,0,0,0,0,0,0,0,0,0,0,0,0,0,0,0,0,0,0,0,0,0
4202.53,-0.0433355,-0.00491047,0.0497721,0.135506,-0.0967102,0.155673,0,0,0,0,-0.0476341,-0.0079391,0.0526339,0.0393334,-0.0921651,0.0559847,0,0,0,0,0,0,0,0,0,0,0,0,0,0,0,0,0,0,0,0,0
4202.53,-0.0433878,-0.0124533,0.0507471,0.122314,-0.0956832,0.110456,0,0,0,0,-0.0476341,-0.0079391,0.0526339,0.0393334,-0.0921651,0.0559847,0,0,0,0,0,0,0,0,0,0,0,0,0,0,0,0,0,0,0,0,0
4202.54,-0.0433878,-0.0124533,0.0507471,0.122314,-0.0956832,0.110456,0,0,0,0,-0.0478125,-0.00885196,0.0530656,-0.00407434,-0.0894133,0.102167,0,0,0,0,0,0,0,0,0,0,0,0,0,0,0,0,0,0,0,0,0
4202.55,-0.0433878,-0.0124533,0.0507471,0.122314,-0.0956832,0.110456,0,0,0,0,-0.0478547,-0.0112909,0.0530716,0.0023508,-0.0882278,0.203816,0,0,0,0,0,0,0,0,0,0,0,0,0,0,0,0,0,0,0,0,0
4202.55,-0.0433878,-0.0124533,0.0507471,0.122314,-0.0956832,0.110456,0,0,0,0,-0.047846,-0.00335139,0.0530545,-0.0144739,-0.0874499,0.109343,0,0,0,0,0,0,0,0,0,0,0,0,0,0,0,0,0,0,0,0,0
4202.55,-0.043493,-0.0122982,0.0520355,0.0989115,-0.0929389,0.135216,0,0,0,0,-0.047846,-0.00335139,0.0530545,-0.0144739,-0.0874499,0.109343,0,0,0,0,0,0,0,0,0,0,0,0,0,0,0,0,0,0,0,0,0
4202.56,-0.0434948,-0.00487098,0.0525016,0.0781591,-0.0918409,0.217392,0,0,0,0,-0.047846,-0.00335139,0.0530545,-0.0144739,-0.0874499,0.109343,0,0,0,0,0,0,0,0,0,0,0,0,0,0,0,0,0,0,0,0,0
4202.58,-0.043623,-0.0284664,0.0534529,0.0393251,-0.0882343,0.128507,0,0,0,0,-0.047846,-0.00335139,0.0530545,-0.0144739,-0.0874499,0.109343,0,0,0,0,0,0,0,0,0,0,0,0,0,0,0,0,0,0,0,0,0
4202.58,-0.0435663,0.015743,0.0536035,0.0195441,-0.0874991,0.142331,0,0,0,0,-0.047846,-0.00335139,0.0530545,-0.0144739,-0.0874499,0.109343,0,0,0,0,0,0,0,0,0,0,0,0,0,0,0,0,0,0,0,0,0
4202.59,-0.0436242,-0.0104233,0.0537449,0.0281554,-0.0867009,0.200328,0,0,0,0,-0.047846,-0.00335139,0.0530545,-0.0144739,-0.0874499,0.109343,0,0,0,0,0,0,0,0,0,0,0,0,0,0,0,0,0,0,0,0,0
4202.6,-0.0436242,-0.0104233,0.0537449,0.0281554,-0.0867009,0.200328,0,0,0,0,-0.0478742,0.00218663,0.0530582,-0.0110214,-0.0825582,0.0596925,0,0,0,0,0,0,0,0,0,0,0,0,0,0,0,0,0,0,0,0,0
4202.6,-0.0436242,-0.0104233,0.0537449,0.0281554,-0.0867009,0.200328,0,0,0,0,-0.0478627,-0.000448959,0.0531116,0.00555283,-0.0821892,0.0636564,0,0,0,0,0,0,0,0,0,0,0,0,0,0,0,0,0,0,0,0,0
4202.61,-0.0436242,-0.0104233,0.0537449,0.0281554,-0.0867009,0.200328,0,0,0,0,-0.0479164,-0.0171286,0.0530863,0.00157603,-0.0812534,0.133903,0,0,0,0,0,0,0,0,0,0,0,0,0,0,0,0,0,0,0,0,0
4202.61,-0.0436242,-0.0104233,0.0537449,0.0281554,-0.0867009,0.200328,0,0,0,0,-0.047878,0.00161551,0.0531055,0.0105408,-0.0810489,0.139912,0,0,0,0,0,0,0,0,0,0,0,0,0,0,0,0,0,0,0,0,0
4202.61,-0.0436038,0.00151729,0.0547766,0.0427682,-0.0838701,0.151362,0,0,0,0,-0.047878,0.00161551,0.0531055,0.0105408,-0.0810489,0.139912,0,0,0,0,0,0,0,0,0,0,0,0,0,0,0,0,0,0,0,0,0
4202.62,-0.0436649,-0.0137445,0.0548059,-0.00795641,-0.0834251,0.0539757,0,0,0,0,-0.047878,0.00161551,0.0531055,0.0105408,-0.0810489,0.139912,0,0,0,0,0,0,0,0,0,0,0,0,0,0,0,0,0,0,0,0,0
4202.63,-0.0436649,-0.0137445,0.0548059,-0.00795641,-0.0834251,0.0539757,0,0,0,0,-0.0478856,-0.0112254,0.0530807,-0.00678249,-0.0799957,0.0384731,0,0,0,0,0,0,0,0,0,0,0,0,0,0,0,0,0,0,0,0,0
4202.63,-0.0436649,-0.0137445,0.0548059,-0.00795641,-0.0834251,0.0539757,0,0,0,0,-0.0478999,0.0108424,0.0530687,-0.00673802,-0.0798181,0.0365058,0,0,0,0,0,0,0,0,0,0,0,0,0,0,0,0,0,0,0,0,0
4202.65,-0.0437447,-0.0171115,0.0549556,-0.00137679,-0.0820432,0.0658991,0,0,0,0,-0.04793,-0.0119323,0.0530734,-0.0049755,-0.0786189,0.110767,0,0,0,0,0,0,0,0,0,0,0,0,0,0,0,0,0,0,0,0,0
4202.65,-0.0437447,-0.0171115,0.0549556,-0.00137679,-0.0820432,0.0658991,0,0,0,0,-0.0478742,0.0129397,0.0530729,0.00149411,-0.0784158,0.092236,0,0,0,0,0,0,0,0,0,0,0,0,0,0,0,0,0,0,0,0,0
4202.7,-0.0437447,-0.0171115,0.0549556,-0.00137679,-0.0820432,0.0658991,0,0,0,0,-0.0479842,0.00931632,0.0530704,0.00339239,-0.0748691,0.0477398,0,0,0,0,0,0,0,0,0,0,0,0,0,0,0,0,0,0,0,0,0
4202.7,-0.0437447,-0.0171115,0.0549556,-0.00137679,-0.0820432,0.0658991,0,0,0,0,-0.0479932,-0.0104389,0.0531004,-0.00121639,-0.0745398,0.0586274,0,0,0,0,0,0,0,0,0,0,0,0,0,0,0,0,0,0,0,0,0
4202.71,-0.0459333,-0.0674198,0.0548923,-0.0301132,-0.0776832,0.101393,0,0,0,0,-0.0479932,-0.0104389,0.0531004,-0.00121639,-0.0745398,0.0586274,0,0,0,0,0,0,0,0,0,0,0,0,0,0,0,0,0,0,0,0,0
4202.71,-0.0461511,-0.0425066,0.0549284,0.0090228,-0.0771425,0.126199,0,0,0,0,-0.0479932,-0.0104389,0.0531004,-0.00121639,-0.0745398,0.0586274,0,0,0,0,0,0,0,0,0,0,0,0,0,0,0,0,0,0,0,0,0
4202.73,-0.0461511,-0.0425066,0.0549284,0.0090228,-0.0771425,0.126199,0,0,0,0,-0.0480478,-0.0122272,0.0530508,-0.0114662,-0.0727636,0.0472015,0,0,0,0,0,0,0,0,0,0,0,0,0,0,0,0,0,0,0,0,0
4202.73,-0.0461511,-0.0425066,0.0549284,0.0090228,-0.0771425,0.126199,0,0,0,0,-0.0480355,0.00317441,0.0530614,0.00163221,-0.0724776,0.0665576,0,0,0,0,0,0,0,0,0,0,0,0,0,0,0,0,0,0,0,0,0
4202.74,-0.0461511,-0.0425066,0.0549284,0.0090228,-0.0771425,0.126199,0,0,0,0,-0.0480697,-0.00115115,0.0530543,0.00271594,-0.0705725,0.191864,0,0,0,0,0,0,0,0,0,0,0,0,0,0,0,0,0,0,0,0,0
4202.75,-0.0461511,-0.0425066,0.0549284,0.0090228,-0.0771425,0.126199,0,0,0,0,-0.0480325,0.0127618,0.0530348,-0.00298125,-0.0703984,0.100951,0,0,0,0,0,0,0,0,0,0,0,0,0,0,0,0,0,0,0,0,0
4202.75,-0.0487028,-0.0680336,0.0549572,0.0137673,-0.0729169,0.105372,0,0,0,0,-0.0480325,0.0127618,0.0530348,-0.00298125,-0.0703984,0.100951,0,0,0,0,0,0,0,0,0,0,0,0,0,0,0,0,0,0,0,0,0
4202.75,-0.0487028,-0.0680336,0.0549572,0.0137673,-0.0729169,0.105372,0,0,0,0,-0.0481017,-0.0177793,0.0530046,-0.0175847,-0.0694859,0.163346,0,0,0,0,0,0,0,0,0,0,0,0,0,0,0,0,0,0,0,0,0
4202.76,-0.0487028,-0.0680336,0.0549572,0.0137673,-0.0729169,0.105372,0,0,0,0,-0.0480408,0.00364254,0.0530447,0.00386755,-0.0683344,0.190137,0,0,0,0,0,0,0,0,0,0,0,0,0,0,0,0,0,0,0,0,0
4202.76,-0.0487028,-0.0680336,0.0549572,0.0137673,-0.0729169,0.105372,0,0,0,0,-0.0480833,-0.0124425,0.0530501,-0.00489358,-0.0678115,0.121057,0,0,0,0,0,0,0,0,0,0,0,0,0,0,0,0,0,0,0,0,0
4202.77,-0.0502044,-0.163886,0.0549237,0.00586991,-0.0705352,0.0923954,0,0,0,0,-0.0480833,-0.0124425,0.0530501,-0.00489358,-0.0678115,0.121057,0,0,0,0,0,0,0,0,0,0,0,0,0,0,0,0,0,0,0,0,0
4202.77,-0.0502044,-0.163886,0.0549237,0.00586991,-0.0705352,0.0923954,0,0,0,0,-0.0480218,0.00916184,0.0530479,0.00347899,-0.0671003,0.156471,0,0,0,0,0,0,0,0,0,0,0,0,0,0,0,0,0,0,0,0,0
4202.78,-0.0502044,-0.163886,0.0549237,0.00586991,-0.0705352,0.0923954,0,0,0,0,-0.0480782,0.00576787,0.0530529,0.0078186,-0.0647178,0.143202,0,0,0,0,0,0,0,0,0,0,0,0,0,0,0,0,0,0,0,0,0
4202.79,-0.0530021,-0.216561,0.0549154,0.000556592,-0.067954,0.0874426,0,0,0,0,-0.0480782,0.00576787,0.0530529,0.0078186,-0.0647178,0.143202,0,0,0,0,0,0,0,0,0,0,0,0,0,0,0,0,0,0,0,0,0
4202.79,-0.0533373,-0.166481,0.0549291,0.00632634,-0.0677515,0.103008,0,0,0,0,-0.0480461,0.0124996,0.0530285,-0.000373746,-0.0633434,0.20555,0,0,0,0,0,0,0,0,0,0,0,0,0,0,0,0,0,0,0,0,0
4202.79,-0.0533373,-0.166481,0.0549291,0.00632634,-0.0677515,0.103008,0,0,0,0,-0.0481198,-0.0140482,0.0530778,0.0149108,-0.0631011,0.155949,0,0,0,0,0,0,0,0,0,0,0,0,0,0,0,0,0,0,0,0,0
4202.8,-0.0533373,-0.166481,0.0549291,0.00632634,-0.0677515,0.103008,0,0,0,0,-0.0480812,-0.00350586,0.0530055,-0.0154055,-0.0626675,0.0512836,0,0,0,0,0,0,0,0,0,0,0,0,0,0,0,0,0,0,0,0,0
4202.8,-0.0533373,-0.166481,0.0549291,0.00632634,-0.0677515,0.103008,0,0,0,0,-0.04811,-0.0187764,0.053052,0.00998606,-0.0623404,0.0815344,0,0,0,0,0,0,0,0,0,0,0,0,0,0,0,0,0,0,0,0,0
4202.81,-0.0533373,-0.166481,0.0549291,0.00632634,-0.0677515,0.103008,0,0,0,0,-0.0480861,-0.00790164,0.0529976,-0.00893591,-0.061724,0.10643,0,0,0,0,0,0,0,0,0,0,0,0,0,0,0,0,0,0,0,0,0
4202.81,-0.0533373,-0.166481,0.0549291,0.00632634,-0.0677515,0.103008,0,0,0,0,-0.0480757,-0.00145544,0.0530154,0.00415545,-0.061437,0.124769,0,0,0,0,0,0,0,0,0,0,0,0,0,0,0,0,0,0,0,0,0
4202.83,-0.0570902,-0.0320167,0.0549085,0.0129341,-0.064375,0.0982565,0,0,0,0,-0.0480831,-0.00621636,0.0529902,-0.00499891,-0.0603418,0.0397582,0,0,0,0,0,0,0,0,0,0,0,0,0,0,0,0,0,0,0,0,0
4202.83,-0.0570902,-0.0320167,0.0549085,0.0129341,-0.064375,0.0982565,0,0,0,0,-0.0480595,0.00659646,0.0530162,-0.00014202,-0.0602391,0.0511151,0,0,0,0,0,0,0,0,0,0,0,0,0,0,0,0,0,0,0,0,0
4202.84,-0.0575288,-0.0345639,0.0549157,0.0148698,-0.0637575,0.0495331,0,0,0,0,-0.0480595,0.00659646,0.0530162,-0.00014202,-0.0602391,0.0511151,0,0,0,0,0,0,0,0,0,0,0,0,0,0,0,0,0,0,0,0,0
4202.85,-0.0575664,-0.00997873,0.0548551,-0.0167339,-0.0635311,0.055764,0,0,0,0,-0.0480595,0.00659646,0.0530162,-0.00014202,-0.0602391,0.0511151,0,0,0,0,0,0,0,0,0,0,0,0,0,0,0,0,0,0,0,0,0
4202.85,-0.0575664,-0.00997873,0.0548551,-0.0167339,-0.0635311,0.055764,0,0,0,0,-0.0481094,-0.0150735,0.0529691,-0.0097809,-0.0584521,0.0509887,0,0,0,0,0,0,0,0,0,0,0,0,0,0,0,0,0,0,0,0,0
4202.87,-0.057731,-0.00678415,0.0548461,-0.0185269,-0.0619633,0.156169,0,0,0,0,-0.0481094,-0.0150735,0.0529691,-0.0097809,-0.0584521,0.0509887,0,0,0,0,0,0,0,0,0,0,0,0,0,0,0,0,0,0,0,0,0
4202.87,-0.057731,-0.00678415,0.0548461,-0.0185269,-0.0619633,0.156169,0,0,0,0,-0.0480734,0.00545421,0.0529319,-0.00343301,-0.058117,0.00668218,0,0,0,0,0,0,0,0,0,0,0,0,0,0,0,0,0,0,0,0,0
4202.87,-0.0577415,-0.0396719,0.0548932,0.0113026,-0.0612273,0.117136,0,0,0,0,-0.0480734,0.00545421,0.0529319,-0.00343301,-0.058117,0.00668218,0,0,0,0,0,0,0,0,0,0,0,0,0,0,0,0,0,0,0,0,0
4202.88,-0.0577812,-0.0309569,0.0547979,-0.0358572,-0.060918,0.0730521,0,0,0,0,-0.0480734,0.00545421,0.0529319,-0.00343301,-0.058117,0.00668218,0,0,0,0,0,0,0,0,0,0,0,0,0,0,0,0,0,0,0,0,0
4202.88,-0.0577812,-0.0309569,0.0547979,-0.0358572,-0.060918,0.0730521,0,0,0,0,-0.0480341,0.00978913,0.0529944,-0.00198647,-0.0580612,0.0024877,0,0,0,0,0,0,0,0,0,0,0,0,0,0,0,0,0,0,0,0,0
4202.89,-0.057812,-0.0375662,0.0548854,0.00611568,-0.0599824,0.159067,0,0,0,0,-0.0480628,0.0144003,0.0530059,0.0214647,-0.0579871,0.0071035,0,0,0,0,0,0,0,0,0,0,0,0,0,0,0,0,0,0,0,0,0
4202.9,-0.057812,-0.0375662,0.0548854,0.00611568,-0.0599824,0.159067,0,0,0,0,-0.0480816,-0.00520051,0.0529787,0.0104144,-0.0577468,0.0386581,0,0,0,0,0,0,0,0,0,0,0,0,0,0,0,0,0,0,0,0,0
4202.9,-0.0576911,-0.00362141,0.0548755,0.0124355,-0.0575815,0.128423,0,0,0,0,-0.0480816,-0.00520051,0.0529787,0.0104144,-0.0577468,0.0386581,0,0,0,0,0,0,0,0,0,0,0,0,0,0,0,0,0,0,0,0,0
4202.91,-0.0577393,-0.0101005,0.054817,-0.0275619,-0.0564769,0.155917,0,0,0,0,-0.0480816,-0.00520051,0.0529787,0.0104144,-0.0577468,0.0386581,0,0,0,0,0,0,0,0,0,0,0,0,0,0,0,0,0,0,0,0,0
4202.92,-0.0577393,-0.0101005,0.054817,-0.0275619,-0.0564769,0.155917,0,0,0,0,-0.0480367,0.020163,0.0529667,0.00676763,-0.0568347,0.103008,0,0,0,0,0,0,0,0,0,0,0,0,0,0,0,0,0,0,0,0,0
4202.92,-0.0577393,-0.0101005,0.054817,-0.0275619,-0.0564769,0.155917,0,0,0,0,-0.048062,0.00299652,0.0529191,-0.0134885,-0.0564632,0.0923905,0,0,0,0,0,0,0,0,0,0,0,0,0,0,0,0,0,0,0,0,0
4202.92,-0.0576907,-0.00822449,0.0548361,-0.00727763,-0.0540443,0.179946,0,0,0,0,-0.048062,0.00299652,0.0529191,-0.0134885,-0.0564632,0.0923905,0,0,0,0,0,0,0,0,0,0,0,0,0,0,0,0,0,0,0,0,0
4202.93,-0.0576907,-0.00822449,0.0548361,-0.00727763,-0.0540443,0.179946,0,0,0,0,-0.0480757,5.19549e-05,0.0528704,-0.0141041,-0.0559764,0.0804577,0,0,0,0,0,0,0,0,0,0,0,0,0,0,0,0,0,0,0,0,0
4202.94,-0.0576907,-0.00822449,0.0548361,-0.00727763,-0.0540443,0.179946,0,0,0,0,-0.0481087,-0.0141746,0.0528697,0.000166947,-0.0547039,0.147148,0,0,0,0,0,0,0,0,0,0,0,0,0,0,0,0,0,0,0,0,0
4202.94,-0.0576425,-0.00287409,0.054772,-0.014941,-0.051598,0.172615,0,0,0,0,-0.0481087,-0.0141746,0.0528697,0.000166947,-0.0547039,0.147148,0,0,0,0,0,0,0,0,0,0,0,0,0,0,0,0,0,0,0,0,0
4202.95,-0.0576109,0.0243314,0.0548296,0.0131962,-0.0506053,0.0954383,0,0,0,0,-0.0480952,-0.0169179,0.0528957,0.0121114,-0.0526738,0.130049,0,0,0,0,0,0,0,0,0,0,0,0,0,0,0,0,0,0,0,0,0
4202.96,-0.0576109,0.0243314,0.0548296,0.0131962,-0.0506053,0.0954383,0,0,0,0,-0.0480431,0.00803364,0.0528276,-0.0166695,-0.0522957,0.182314,0,0,0,0,0,0,0,0,0,0,0,0,0,0,0,0,0,0,0,0,0
4202.96,-0.0576109,0.0243314,0.0548296,0.0131962,-0.0506053,0.0954383,0,0,0,0,-0.0480906,-0.000406812,0.052822,-0.0227271,-0.0507808,0.229256,0,0,0,0,0,0,0,0,0,0,0,0,0,0,0,0,0,0,0,0,0
4202.97,-0.0576109,0.0243314,0.0548296,0.0131962,-0.0506053,0.0954383,0,0,0,0,-0.0480664,0.00293098,0.0528055,-0.0156607,-0.0481898,0.206318,0,0,0,0,0,0,0,0,0,0,0,0,0,0,0,0,0,0,0,0,0
4202.98,-0.0576109,0.0243314,0.0548296,0.0131962,-0.0506053,0.0954383,0,0,0,0,-0.0480477,0.00395619,0.0528345,-0.00370686,-0.0471838,0.206702,0,0,0,0,0,0,0,0,0,0,0,0,0,0,0,0,0,0,0,0,0
4202.98,-0.0576551,-0.0214118,0.0548348,0.00719941,-0.0481729,0.0428154,0,0,0,0,-0.0480477,0.00395619,0.0528345,-0.00370686,-0.0471838,0.206702,0,0,0,0,0,0,0,0,0,0,0,0,0,0,0,0,0,0,0,0,0
4202.98,-0.0576551,-0.0214118,0.0548348,0.00719941,-0.0481729,0.0428154,0,0,0,0,-0.0480697,-0.00726965,0.0528311,-0.00174304,-0.0464821,0.269858,0,0,0,0,0,0,0,0,0,0,0,0,0,0,0,0,0,0,0,0,0
4203.02,-0.0576551,-0.0214118,0.0548348,0.00719941,-0.0481729,0.0428154,0,0,0,0,-0.0480118,0.0152242,0.0527752,-0.00401583,-0.0429593,0.0538303,0,0,0,0,0,0,0,0,0,0,0,0,0,0,0,0,0,0,0,0,0
4203.02,-0.0576338,-0.0212528,0.0547369,0.0051958,-0.0462964,0.0273717,0,0,0,0,-0.0480118,0.0152242,0.0527752,-0.00401583,-0.0429593,0.0538303,0,0,0,0,0,0,0,0,0,0,0,0,0,0,0,0,0,0,0,0,0
4203.02,-0.0576338,-0.0212528,0.0547369,0.0051958,-0.0462964,0.0273717,0,0,0,0,-0.0480815,-0.0139078,0.0528066,0.0129002,-0.0427403,0.0613953,0,0,0,0,0,0,0,0,0,0,0,0,0,0,0,0,0,0,0,0,0
4203.04,-0.0576338,-0.0212528,0.0547369,0.0051958,-0.0462964,0.0273717,0,0,0,0,-0.0480824,-0.00797186,0.0527148,-0.00100573,-0.0411631,0.0624791,0,0,0,0,0,0,0,0,0,0,0,0,0,0,0,0,0,0,0,0,0
4203.04,-0.0576338,-0.0212528,0.0547369,0.0051958,-0.0462964,0.0273717,0,0,0,0,-0.0480046,0.0188663,0.0526543,-0.0175566,-0.0409779,0.0506961,0,0,0,0,0,0,0,0,0,0,0,0,0,0,0,0,0,0,0,0,0
4203.04,-0.0575683,0.00642757,0.0546945,0.003239,-0.0440873,0.124655,0,0,0,0,-0.0480046,0.0188663,0.0526543,-0.0175566,-0.0409779,0.0506961,0,0,0,0,0,0,0,0,0,0,0,0,0,0,0,0,0,0,0,0,0
4203.05,-0.0575779,0.000421266,0.0545678,-0.0376174,-0.0438428,0.128821,0,0,0,0,-0.0480104,0.0141943,0.0526236,-0.020878,-0.0407674,0.0407225,0,0,0,0,0,0,0,0,0,0,0,0,0,0,0,0,0,0,0,0,0
4203.05,-0.0575779,0.000421266,0.0545678,-0.0376174,-0.0438428,0.128821,0,0,0,0,-0.0480147,0.00771063,0.0526039,-0.0201664,-0.0407386,0.0284177,0,0,0,0,0,0,0,0,0,0,0,0,0,0,0,0,0,0,0,0,0
4203.08,-0.0575779,0.000421266,0.0545678,-0.0376174,-0.0438428,0.128821,0,0,0,0,-0.048021,0.0106224,0.0526065,-0.00229076,-0.0398027,0.0680826,0,0,0,0,0,0,0,0,0,0,0,0,0,0,0,0,0,0,0,0,0
4203.08,-0.0575779,0.000421266,0.0545678,-0.0376174,-0.0438428,0.128821,0,0,0,0,-0.0480251,0.00162957,0.0525953,0.00219163,-0.039578,0.0575403,0,0,0,0,0,0,0,0,0,0,0,0,0,0,0,0,0,0,0,0,0
4203.1,-0.0575779,0.000421266,0.0545678,-0.0376174,-0.0438428,0.128821,0,0,0,0,-0.0480473,-0.0148628,0.0525814,0.000473576,-0.0384899,0.0740303,0,0,0,0,0,0,0,0,0,0,0,0,0,0,0,0,0,0,0,0,0
4203.1,-0.0575779,0.000421266,0.0545678,-0.0376174,-0.0438428,0.128821,0,0,0,0,-0.0480066,0.00294034,0.0525034,-0.0265471,-0.0377358,0.1213,0,0,0,0,0,0,0,0,0,0,0,0,0,0,0,0,0,0,0,0,0
4203.11,-0.0575779,0.000421266,0.0545678,-0.0376174,-0.0438428,0.128821,0,0,0,0,-0.0479881,0.0033757,0.0525387,0.00941025,-0.0370365,0.179201,0,0,0,0,0,0,0,0,0,0,0,0,0,0,0,0,0,0,0,0,0
4203.11,-0.0575779,0.000421266,0.0545678,-0.0376174,-0.0438428,0.128821,0,0,0,0,-0.0479939,0.0151165,0.0525096,-0.00462674,-0.0362863,0.19769,0,0,0,0,0,0,0,0,0,0,0,0,0,0,0,0,0,0,0,0,0
4203.13,-0.0570198,0.0211871,0.0544661,-0.0192057,-0.0310287,0.034932,0,0,0,0,-0.0479866,-0.00194698,0.0524013,-0.00976685,-0.0324396,0.181998,0,0,0,0,0,0,0,0,0,0,0,0,0,0,0,0,0,0,0,0,0
4203.14,-0.0570198,0.0211871,0.0544661,-0.0192057,-0.0310287,0.034932,0,0,0,0,-0.0479639,0.0063624,0.0523963,-0.00292508,-0.0312338,0.180081,0,0,0,0,0,0,0,0,0,0,0,0,0,0,0,0,0,0,0,0,0
4203.14,-0.0569293,0.0184883,0.0544837,-0.00680248,-0.0309294,0.00929701,0,0,0,0,-0.0479639,0.0063624,0.0523963,-0.00292508,-0.0312338,0.180081,0,0,0,0,0,0,0,0,0,0,0,0,0,0,0,0,0,0,0,0,0
4203.16,-0.0569293,0.0184883,0.0544837,-0.00680248,-0.0309294,0.00929701,0,0,0,0,-0.0479602,0.00111462,0.0522839,0.00871273,-0.0288692,0.0652832,0,0,0,0,0,0,0,0,0,0,0,0,0,0,0,0,0,0,0,0,0
4203.16,-0.0567896,0.0179067,0.0542537,-0.0282781,-0.0309412,-0.00778988,0,0,0,0,-0.0479602,0.00111462,0.0522839,0.00871273,-0.0288692,0.0652832,0,0,0,0,0,0,0,0,0,0,0,0,0,0,0,0,0,0,0,0,0
4203.16,-0.0567896,0.0179067,0.0542537,-0.0282781,-0.0309412,-0.00778988,0,0,0,0,-0.0478981,0.0177802,0.0522266,-0.0157566,-0.0288067,0.0241927,0,0,0,0,0,0,0,0,0,0,0,0,0,0,0,0,0,0,0,0,0
4203.17,-0.0567896,0.0179067,0.0542537,-0.0282781,-0.0309412,-0.00778988,0,0,0,0,-0.0479574,-0.00911879,0.0522278,-0.00218309,-0.0288265,-0.000300018,0,0,0,0,0,0,0,0,0,0,0,0,0,0,0,0,0,0,0,0,0
4203.17,-0.0567896,0.0179067,0.0542537,-0.0282781,-0.0309412,-0.00778988,0,0,0,0,-0.0479691,-0.00773311,0.0522262,0.00614033,-0.0288638,0.00496415,0,0,0,0,0,0,0,0,0,0,0,0,0,0,0,0,0,0,0,0,0
4203.18,-0.0567896,0.0179067,0.0542537,-0.0282781,-0.0309412,-0.00778988,0,0,0,0,-0.0479503,0.00145167,0.0521741,-0.0137881,-0.0289399,-0.0267636,0,0,0,0,0,0,0,0,0,0,0,0,0,0,0,0,0,0,0,0,0
4203.19,-0.0564154,0.0399406,0.0539619,-0.0136981,-0.0308144,0.00656779,0,0,0,0,-0.0479503,0.00145167,0.0521741,-0.0137881,-0.0289399,-0.0267636,0,0,0,0,0,0,0,0,0,0,0,0,0,0,0,0,0,0,0,0,0
4203.19,-0.0564154,0.0399406,0.0539619,-0.0136981,-0.0308144,0.00656779,0,0,0,0,-0.047907,-0.00124478,0.0521012,0.0144942,-0.0288603,0.00573657,0,0,0,0,0,0,0,0,0,0,0,0,0,0,0,0,0,0,0,0,0
4203.2,-0.0564154,0.0399406,0.0539619,-0.0136981,-0.0308144,0.00656779,0,0,0,0,-0.0479385,-0.00547202,0.0520471,-0.0112391,-0.028866,-0.00350908,0,0,0,0,0,0,0,0,0,0,0,0,0,0,0,0,0,0,0,0,0
4203.21,-0.0557876,0.0530656,0.0538169,-0.0119379,-0.030102,0.0494535,0,0,0,0,-0.0479261,0.00638581,0.0519906,-0.00366941,-0.0288572,-0.00130183,0,0,0,0,0,0,0,0,0,0,0,0,0,0,0,0,0,0,0,0,0
4203.21,-0.0557876,0.0530656,0.0538169,-0.0119379,-0.030102,0.0494535,0,0,0,0,-0.0479139,-0.00189548,0.0519576,-0.0157051,-0.0288577,0.000207905,0,0,0,0,0,0,0,0,0,0,0,0,0,0,0,0,0,0,0,0,0
4203.22,-0.055737,0.0213412,0.0537596,-0.0189646,-0.0300153,0.0538165,0,0,0,0,-0.0479139,-0.00189548,0.0519576,-0.0157051,-0.0288577,0.000207905,0,0,0,0,0,0,0,0,0,0,0,0,0,0,0,0,0,0,0,0,0
4203.22,-0.055737,0.0213412,0.0537596,-0.0189646,-0.0300153,0.0538165,0,0,0,0,-0.0479404,-0.0144087,0.0519618,0.00823523,-0.0288217,0.00120971,0,0,0,0,0,0,0,0,0,0,0,0,0,0,0,0,0,0,0,0,0
4203.23,-0.055737,0.0213412,0.0537596,-0.0189646,-0.0300153,0.0538165,0,0,0,0,-0.0478845,0.00102568,0.0518299,-0.00931511,-0.0288475,-0.00874984,0,0,0,0,0,0,0,0,0,0,0,0,0,0,0,0,0,0,0,0,0
4203.24,-0.0551358,0.0205568,0.0534591,-0.0305018,-0.0287773,0.0416216,0,0,0,0,-0.0478657,0.0196246,0.0518019,-0.00970834,-0.0288361,-0.00786038,0,0,0,0,0,0,0,0,0,0,0,0,0,0,0,0,0,0,0,0,0
4203.24,-0.0551358,0.0205568,0.0534591,-0.0305018,-0.0287773,0.0416216,0,0,0,0,-0.0478972,-0.0125034,0.0517955,0.003802,-0.0288278,-0.000866463,0,0,0,0,0,0,0,0,0,0,0,0,0,0,0,0,0,0,0,0,0
4203.25,-0.0552809,-0.0150996,0.0534103,-0.0175906,-0.028577,0.0489479,0,0,0,0,-0.0478972,-0.0125034,0.0517955,0.003802,-0.0288278,-0.000866463,0,0,0,0,0,0,0,0,0,0,0,0,0,0,0,0,0,0,0,0,0
4203.25,-0.0552809,-0.0150996,0.0534103,-0.0175906,-0.028577,0.0489479,0,0,0,0,-0.047891,-0.00812634,0.0517202,-0.00742619,-0.0287981,0.00384062,0,0,0,0,0,0,0,0,0,0,0,0,0,0,0,0,0,0,0,0,0
4203.25,-0.0552809,-0.0150996,0.0534103,-0.0175906,-0.028577,0.0489479,0,0,0,0,-0.0478663,0.00215388,0.051763,0.00957643,-0.0288037,0.000247697,0,0,0,0,0,0,0,0,0,0,0,0,0,0,0,0,0,0,0,0,0
4203.27,-0.0551436,-0.0301491,0.0529298,-0.0233697,-0.0269324,0.0973296,0,0,0,0,-0.0478663,0.00215388,0.051763,0.00957643,-0.0288037,0.000247697,0,0,0,0,0,0,0,0,0,0,0,0,0,0,0,0,0,0,0,0,0
4203.27,-0.0550622,-0.00627118,0.0527154,-0.0627445,-0.0265599,0.0950451,0,0,0,0,-0.0478663,0.00215388,0.051763,0.00957643,-0.0288037,0.000247697,0,0,0,0,0,0,0,0,0,0,0,0,0,0,0,0,0,0,0,0,0
4203.27,-0.0550622,-0.00627118,0.0527154,-0.0627445,-0.0265599,0.0950451,0,0,0,0,-0.0478457,-0.00104348,0.0516516,-0.00456823,-0.0286073,0.0130886,0,0,0,0,0,0,0,0,0,0,0,0,0,0,0,0,0,0,0,0,0
4203.28,-0.054948,0.00901515,0.0523819,-0.0290061,-0.025757,0.125839,0,0,0,0,-0.0478457,-0.00104348,0.0516516,-0.00456823,-0.0286073,0.0130886,0,0,0,0,0,0,0,0,0,0,0,0,0,0,0,0,0,0,0,0,0
4203.28,-0.054948,0.00901515,0.0523819,-0.0290061,-0.025757,0.125839,0,0,0,0,-0.0478414,-0.0059542,0.0515332,-0.0056543,-0.0285491,0.000402183,0,0,0,0,0,0,0,0,0,0,0,0,0,0,0,0,0,0,0,0,0
4203.31,-0.0541103,0.0386303,0.0513952,-0.0232972,-0.0212672,0.138315,0,0,0,0,-0.0478089,-0.00256959,0.0512425,-0.0211472,-0.0279615,0.0355403,0,0,0,0,0,0,0,0,0,0,0,0,0,0,0,0,0,0,0,0,0
4203.31,-0.0541103,0.0386303,0.0513952,-0.0232972,-0.0212672,0.138315,0,0,0,0,-0.0477711,0.0056602,0.0512306,-0.008428,-0.0278653,0.0429766,0,0,0,0,0,0,0,0,0,0,0,0,0,0,0,0,0,0,0,0,0
4203.31,-0.0539654,0.060262,0.0513538,-0.0260615,-0.0209683,0.143253,0,0,0,0,-0.0477711,0.0056602,0.0512306,-0.008428,-0.0278653,0.0429766,0,0,0,0,0,0,0,0,0,0,0,0,0,0,0,0,0,0,0,0,0
4203.32,-0.0539654,0.060262,0.0513538,-0.0260615,-0.0209683,0.143253,0,0,0,0,-0.0477427,0.00308546,0.0509101,-0.0430231,-0.0268664,0.0830278,0,0,0,0,0,0,0,0,0,0,0,0,0,0,0,0,0,0,0,0,0
4203.33,-0.0539654,0.060262,0.0513538,-0.0260615,-0.0209683,0.143253,0,0,0,0,-0.0477361,0.000473276,0.0508151,-0.0331502,-0.0265005,0.0731197,0,0,0,0,0,0,0,0,0,0,0,0,0,0,0,0,0,0,0,0,0
4203.33,-0.0539654,0.060262,0.0513538,-0.0260615,-0.0209683,0.143253,0,0,0,0,-0.0477494,-0.000687697,0.0506808,-0.0363545,-0.0261781,0.0810382,0,0,0,0,0,0,0,0,0,0,0,0,0,0,0,0,0,0,0,0,0
4203.33,-0.0525821,0.0838073,0.0510027,-0.0297036,-0.0178184,0.136377,0,0,0,0,-0.0477494,-0.000687697,0.0506808,-0.0363545,-0.0261781,0.0810382,0,0,0,0,0,0,0,0,0,0,0,0,0,0,0,0,0,0,0,0,0
4203.34,-0.0524125,0.0867881,0.0509891,-0.0112638,-0.0176022,0.119313,0,0,0,0,-0.0476977,0.0100138,0.0505101,-0.0255266,-0.025634,0.0863516,0,0,0,0,0,0,0,0,0,0,0,0,0,0,0,0,0,0,0,0,0
4203.34,-0.0524125,0.0867881,0.0509891,-0.0112638,-0.0176022,0.119313,0,0,0,0,-0.0477229,0.00402641,0.0502887,-0.0625747,-0.0252295,0.117035,0,0,0,0,0,0,0,0,0,0,0,0,0,0,0,0,0,0,0,0,0
4203.34,-0.0519533,0.033682,0.0507214,-0.0277257,-0.0169225,0.0822135,0,0,0,0,-0.0477229,0.00402641,0.0502887,-0.0625747,-0.0252295,0.117035,0,0,0,0,0,0,0,0,0,0,0,0,0,0,0,0,0,0,0,0,0
4203.35,-0.0518584,0.0463557,0.0506131,-0.0555399,-0.0168011,0.0673316,0,0,0,0,-0.0476895,0.0105241,0.0500349,-0.0526409,-0.0241658,0.173244,0,0,0,0,0,0,0,0,0,0,0,0,0,0,0,0,0,0,0,0,0
4203.35,-0.0518584,0.0463557,0.0506131,-0.0555399,-0.0168011,0.0673316,0,0,0,0,-0.0477339,-0.00982099,0.0499546,-0.0499655,-0.0238599,0.172069,0,0,0,0,0,0,0,0,0,0,0,0,0,0,0,0,0,0,0,0,0
4203.35,-0.0515954,0.0267817,0.0500116,-0.086006,-0.0165566,0.0351286,0,0,0,0,-0.0477339,-0.00982099,0.0499546,-0.0499655,-0.0238599,0.172069,0,0,0,0,0,0,0,0,0,0,0,0,0,0,0,0,0,0,0,0,0
4203.37,-0.0515954,0.0267817,0.0500116,-0.086006,-0.0165566,0.0351286,0,0,0,0,-0.0476601,0.00930228,0.0487297,-0.0871166,-0.0209827,0.158149,0,0,0,0,0,0,0,0,0,0,0,0,0,0,0,0,0,0,0,0,0
4203.37,-0.0515954,0.0267817,0.0500116,-0.086006,-0.0165566,0.0351286,0,0,0,0,-0.0476617,-0.00556097,0.0482906,-0.118367,-0.020314,0.185984,0,0,0,0,0,0,0,0,0,0,0,0,0,0,0,0,0,0,0,0,0
4203.38,-0.0505388,0.0772209,0.0481286,-0.0491826,-0.015867,0.0127565,0,0,0,0,-0.0476617,-0.00556097,0.0482906,-0.118367,-0.020314,0.185984,0,0,0,0,0,0,0,0,0,0,0,0,0,0,0,0,0,0,0,0,0
4203.39,-0.0499775,0.106541,0.047796,-0.0714822,-0.0157949,0.024076,0,0,0,0,-0.0476617,-0.00556097,0.0482906,-0.118367,-0.020314,0.185984,0,0,0,0,0,0,0,0,0,0,0,0,0,0,0,0,0,0,0,0,0
4203.4,-0.0499775,0.106541,0.047796,-0.0714822,-0.0157949,0.024076,0,0,0,0,-0.0474991,0.012729,0.0434982,-0.141783,-0.0135139,0.148222,0,0,0,0,0,0,0,0,0,0,0,0,0,0,0,0,0,0,0,0,0
4203.41,-0.0499775,0.106541,0.047796,-0.0714822,-0.0157949,0.024076,0,0,0,0,-0.0474788,0.0142739,0.0432355,-0.13723,-0.0132921,0.125581,0,0,0,0,0,0,0,0,0,0,0,0,0,0,0,0,0,0,0,0,0
4203.41,-0.0481234,0.114075,0.0464355,-0.0570052,-0.0155201,0.010046,0,0,0,0,-0.0474788,0.0142739,0.0432355,-0.13723,-0.0132921,0.125581,0,0,0,0,0,0,0,0,0,0,0,0,0,0,0,0,0,0,0,0,0
4203.41,-0.0471771,0.175523,0.0462908,-0.0483072,-0.0154396,0.0128314,0,0,0,0,-0.0474366,0.0169235,0.0419181,-0.173305,-0.0122805,0.125609,0,0,0,0,0,0,0,0,0,0,0,0,0,0,0,0,0,0,0,0,0
4203.42,-0.0461223,0.149153,0.0460243,-0.0428956,-0.0153073,0.0243335,0,0,0,0,-0.0474366,0.0169235,0.0419181,-0.173305,-0.0122805,0.125609,0,0,0,0,0,0,0,0,0,0,0,0,0,0,0,0,0,0,0,0,0
4203.42,-0.0461223,0.149153,0.0460243,-0.0428956,-0.0153073,0.0243335,0,0,0,0,-0.0473904,0.00511249,0.0400422,-0.173438,-0.0115166,0.0621912,0,0,0,0,0,0,0,0,0,0,0,0,0,0,0,0,0,0,0,0,0
4203.43,-0.0461223,0.149153,0.0460243,-0.0428956,-0.0153073,0.0243335,0,0,0,0,-0.0473854,0.00119421,0.0397307,-0.173969,-0.011495,0.0195395,0,0,0,0,0,0,0,0,0,0,0,0,0,0,0,0,0,0,0,0,0
4203.44,-0.0461223,0.149153,0.0460243,-0.0428956,-0.0153073,0.0243335,0,0,0,0,-0.0472136,0.012818,0.0376217,-0.141888,-0.0115145,-0.0034014,0,0,0,0,0,0,0,0,0,0,0,0,0,0,0,0,0,0,0,0,0
4203.44,-0.0405196,0.214479,0.0435888,-0.0666159,-0.0146371,0.033111,0,0,0,0,-0.0472136,0.012818,0.0376217,-0.141888,-0.0115145,-0.0034014,0,0,0,0,0,0,0,0,0,0,0,0,0,0,0,0,0,0,0,0,0
4203.45,-0.0405196,0.214479,0.0435888,-0.0666159,-0.0146371,0.033111,0,0,0,0,-0.0471402,0.00437752,0.0364986,-0.112967,-0.0114802,0.00200086,0,0,0,0,0,0,0,0,0,0,0,0,0,0,0,0,0,0,0,0,0
4203.45,-0.0405196,0.214479,0.0435888,-0.0666159,-0.0146371,0.033111,0,0,0,0,-0.0470984,0.0134874,0.03592,-0.149964,-0.0114889,0.00618598,0,0,0,0,0,0,0,0,0,0,0,0,0,0,0,0,0,0,0,0,0
4203.46,-0.0370872,0.200118,0.0413191,-0.13421,-0.0142564,0.0160147,0,0,0,0,-0.0470984,0.0134874,0.03592,-0.149964,-0.0114889,0.00618598,0,0,0,0,0,0,0,0,0,0,0,0,0,0,0,0,0,0,0,0,0
4203.47,-0.0360048,0.100102,0.0399039,-0.20906,-0.0140298,0.0324088,0,0,0,0,-0.0470984,0.0134874,0.03592,-0.149964,-0.0114889,0.00618598,0,0,0,0,0,0,0,0,0,0,0,0,0,0,0,0,0,0,0,0,0
4203.48,-0.0347483,0.0815335,0.0379405,-0.179303,-0.0139777,0.000828469,0,0,0,0,-0.0470984,0.0134874,0.03592,-0.149964,-0.0114889,0.00618598,0,0,0,0,0,0,0,0,0,0,0,0,0,0,0,0,0,0,0,0,0
4203.48,-0.0347483,0.0815335,0.0379405,-0.179303,-0.0139777,0.000828469,0,0,0,0,-0.0461874,0.0478016,0.0336385,-0.00909277,-0.0114838,0.00735397,0,0,0,0,0,0,0,0,0,0,0,0,0,0,0,0,0,0,0,0,0
4203.5,-0.0347206,-0.0106321,0.0350256,-0.153605,-0.0137517,-0.000908304,0,0,0,0,-0.0461874,0.0478016,0.0336385,-0.00909277,-0.0114838,0.00735397,0,0,0,0,0,0,0,0,0,0,0,0,0,0,0,0,0,0,0,0,0
4203.5,-0.0346373,0.02286,0.0346192,-0.172126,-0.0137021,0.0164267,0,0,0,0,-0.0461874,0.0478016,0.0336385,-0.00909277,-0.0114838,0.00735397,0,0,0,0,0,0,0,0,0,0,0,0,0,0,0,0,0,0,0,0,0
4203.51,-0.0346952,0.017927,0.0338128,-0.0791853,-0.0136996,0.0214779,0,0,0,0,-0.0461874,0.0478016,0.0336385,-0.00909277,-0.0114838,0.00735397,0,0,0,0,0,0,0,0,0,0,0,0,0,0,0,0,0,0,0,0,0
4203.51,-0.0346952,0.017927,0.0338128,-0.0791853,-0.0136996,0.0214779,0,0,0,0,-0.0450501,0.0364353,0.03367,0.0145574,-0.0115269,-0.0113269,0,0,0,0,0,0,0,0,0,0,0,0,0,0,0,0,0,0,0,0,0
4203.51,-0.0346314,0.011144,0.0335881,-0.0672596,-0.013641,0.0131638,0,0,0,0,-0.0450501,0.0364353,0.03367,0.0145574,-0.0115269,-0.0113269,0,0,0,0,0,0,0,0,0,0,0,0,0,0,0,0,0,0,0,0,0
4203.52,-0.0346314,0.011144,0.0335881,-0.0672596,-0.013641,0.0131638,0,0,0,0,-0.0448519,0.045063,0.0336261,0.00166495,-0.0114771,0.00414492,0,0,0,0,0,0,0,0,0,0,0,0,0,0,0,0,0,0,0,0,0
4203.52,-0.034637,0.00287768,0.0325569,-0.142545,-0.013587,0.0219928,0,0,0,0,-0.0448519,0.045063,0.0336261,0.00166495,-0.0114771,0.00414492,0,0,0,0,0,0,0,0,0,0,0,0,0,0,0,0,0,0,0,0,0
4203.53,-0.0346835,-0.0247118,0.0322093,-0.0975198,-0.0135377,0.011207,0,0,0,0,-0.0448519,0.045063,0.0336261,0.00166495,-0.0114771,0.00414492,0,0,0,0,0,0,0,0,0,0,0,0,0,0,0,0,0,0,0,0,0
4203.55,-0.0346835,-0.0247118,0.0322093,-0.0975198,-0.0135377,0.011207,0,0,0,0,-0.0429619,0.0551513,0.0333359,-0.00983944,-0.0114631,0.00574594,0,0,0,0,0,0,0,0,0,0,0,0,0,0,0,0,0,0,0,0,0
4203.55,-0.0346374,-0.010573,0.0312005,-0.0178715,-0.0132684,0.0133557,0,0,0,0,-0.0424961,0.0565136,0.0332358,-0.0146846,-0.0114518,0.0115204,0,0,0,0,0,0,0,0,0,0,0,0,0,0,0,0,0,0,0,0,0
4203.56,-0.0346374,-0.010573,0.0312005,-0.0178715,-0.0132684,0.0133557,0,0,0,0,-0.0422114,0.070787,0.0330864,-0.0323777,-0.0114712,-0.00121287,0,0,0,0,0,0,0,0,0,0,0,0,0,0,0,0,0,0,0,0,0
4203.56,-0.0346374,-0.010573,0.0312005,-0.0178715,-0.0132684,0.0133557,0,0,0,0,-0.0418205,0.101473,0.0330149,-0.0207774,-0.0114094,0.0113893,0,0,0,0,0,0,0,0,0,0,0,0,0,0,0,0,0,0,0,0,0
4203.57,-0.0346374,-0.010573,0.0312005,-0.0178715,-0.0132684,0.0133557,0,0,0,0,-0.041112,0.0922228,0.0326299,-0.0563719,-0.0114442,-0.00330777,0,0,0,0,0,0,0,0,0,0,0,0,0,0,0,0,0,0,0,0,0
4203.57,-0.0345294,0.0168743,0.0308718,-0.0267731,-0.0126268,0.0465511,0,0,0,0,-0.041112,0.0922228,0.0326299,-0.0563719,-0.0114442,-0.00330777,0,0,0,0,0,0,0,0,0,0,0,0,0,0,0,0,0,0,0,0,0
4203.58,-0.0345669,-0.00806904,0.0305734,-0.0343568,-0.0121877,0.0696301,0,0,0,0,-0.041112,0.0922228,0.0326299,-0.0563719,-0.0114442,-0.00330777,0,0,0,0,0,0,0,0,0,0,0,0,0,0,0,0,0,0,0,0,0
4203.6,-0.0343199,0.036868,0.0294533,-0.0636269,-0.010838,0.080781,0,0,0,0,-0.041112,0.0922228,0.0326299,-0.0563719,-0.0114442,-0.00330777,0,0,0,0,0,0,0,0,0,0,0,0,0,0,0,0,0,0,0,0,0
4203.6,-0.0343199,0.036868,0.0294533,-0.0636269,-0.010838,0.080781,0,0,0,0,-0.0376876,0.0870921,0.0292031,-0.135547,-0.0112312,-0.00283261,0,0,0,0,0,0,0,0,0,0,0,0,0,0,0,0,0,0,0,0,0
4203.61,-0.0343199,0.036868,0.0294533,-0.0636269,-0.010838,0.080781,0,0,0,0,-0.0369535,0.119295,0.0282466,-0.158346,-0.0111407,0.0185728,0,0,0,0,0,0,0,0,0,0,0,0,0,0,0,0,0,0,0,0,0
4203.61,-0.0343199,0.036868,0.0294533,-0.0636269,-0.010838,0.080781,0,0,0,0,-0.0362843,0.165654,0.0277265,-0.144877,-0.0111385,0.0012893,0,0,0,0,0,0,0,0,0,0,0,0,0,0,0,0,0,0,0,0,0
4203.63,-0.0333416,0.0947191,0.0278363,-0.145262,-0.00823893,0.0903263,0,0,0,0,-0.0362843,0.165654,0.0277265,-0.144877,-0.0111385,0.0012893,0,0,0,0,0,0,0,0,0,0,0,0,0,0,0,0,0,0,0,0,0
4203.63,-0.0333416,0.0947191,0.0278363,-0.145262,-0.00823893,0.0903263,0,0,0,0,-0.0336726,0.18312,0.0242599,-0.198661,-0.0108363,0.0207169,0,0,0,0,0,0,0,0,0,0,0,0,0,0,0,0,0,0,0,0,0
4203.64,-0.0323582,0.12369,0.0267704,-0.145773,-0.00733805,0.110437,0,0,0,0,-0.0336726,0.18312,0.0242599,-0.198661,-0.0108363,0.0207169,0,0,0,0,0,0,0,0,0,0,0,0,0,0,0,0,0,0,0,0,0
4203.64,-0.0321167,0.129634,0.0265718,-0.124847,-0.00718499,0.0904152,0,0,0,0,-0.0333632,0.161984,0.0239067,-0.207795,-0.0107075,0.0413522,0,0,0,0,0,0,0,0,0,0,0,0,0,0,0,0,0,0,0,0,0
4203.68,-0.0239153,0.218509,0.020965,-0.139664,-0.00331192,0.106631,0,0,0,0,-0.0333632,0.161984,0.0239067,-0.207795,-0.0107075,0.0413522,0,0,0,0,0,0,0,0,0,0,0,0,0,0,0,0,0,0,0,0,0
4203.68,-0.0225591,0.305276,0.0202019,-0.230755,-0.00288921,0.102886,0,0,0,0,-0.0333632,0.161984,0.0239067,-0.207795,-0.0107075,0.0413522,0,0,0,0,0,0,0,0,0,0,0,0,0,0,0,0,0,0,0,0,0
4203.69,-0.0206859,0.232179,0.0190639,-0.098538,-0.00215046,0.0906165,0,0,0,0,-0.0333632,0.161984,0.0239067,-0.207795,-0.0107075,0.0413522,0,0,0,0,0,0,0,0,0,0,0,0,0,0,0,0,0,0,0,0,0
4203.7,-0.0190314,0.173347,0.0182419,-0.125495,-0.00161757,0.0730896,0,0,0,0,-0.0333632,0.161984,0.0239067,-0.207795,-0.0107075,0.0413522,0,0,0,0,0,0,0,0,0,0,0,0,0,0,0,0,0,0,0,0,0
4203.7,-0.0175244,0.221043,0.017372,-0.150934,-0.00126568,0.0406526,0,0,0,0,-0.0333632,0.161984,0.0239067,-0.207795,-0.0107075,0.0413522,0,0,0,0,0,0,0,0,0,0,0,0,0,0,0,0,0,0,0,0,0
4203.7,-0.0175244,0.221043,0.017372,-0.150934,-0.00126568,0.0406526,0,0,0,0,-0.0255239,0.0669483,0.0164083,-0.000284849,-0.00405102,0.155106,0,0,0,0,0,0,0,0,0,0,0,0,0,0,0,0,0,0,0,0,0
4203.71,-0.017146,0.195257,0.0172247,-0.105719,-0.00110086,0.0713996,0,0,0,0,-0.0255239,0.0669483,0.0164083,-0.000284849,-0.00405102,0.155106,0,0,0,0,0,0,0,0,0,0,0,0,0,0,0,0,0,0,0,0,0
4203.71,-0.017146,0.195257,0.0172247,-0.105719,-0.00110086,0.0713996,0,0,0,0,-0.0251876,0.0807535,0.0164585,0.0183375,-0.00352769,0.120558,0,0,0,0,0,0,0,0,0,0,0,0,0,0,0,0,0,0,0,0,0
4203.71,-0.0164573,0.157206,0.0167344,-0.055905,-0.000885672,0.0627345,0,0,0,0,-0.0251876,0.0807535,0.0164585,0.0183375,-0.00352769,0.120558,0,0,0,0,0,0,0,0,0,0,0,0,0,0,0,0,0,0,0,0,0
4203.72,-0.0156013,0.140892,0.0163341,-0.0769921,-0.000660443,0.033757,0,0,0,0,-0.0243169,0.163005,0.0164946,0.00342979,-0.00275392,0.140791,0,0,0,0,0,0,0,0,0,0,0,0,0,0,0,0,0,0,0,0,0
4203.72,-0.0156013,0.140892,0.0163341,-0.0769921,-0.000660443,0.033757,0,0,0,0,-0.0240729,0.139902,0.0164797,-0.00660232,-0.00241806,0.167137,0,0,0,0,0,0,0,0,0,0,0,0,0,0,0,0,0,0,0,0,0
4203.74,-0.0134464,0.0478308,0.0144867,-0.0378749,-0.000340764,0.0074947,0,0,0,0,-0.0240729,0.139902,0.0164797,-0.00660232,-0.00241806,0.167137,0,0,0,0,0,0,0,0,0,0,0,0,0,0,0,0,0,0,0,0,0
4203.75,-0.0127701,0.11818,0.0144228,-0.0311642,-0.000342225,0.00113276,0,0,0,0,-0.0240729,0.139902,0.0164797,-0.00660232,-0.00241806,0.167137,0,0,0,0,0,0,0,0,0,0,0,0,0,0,0,0,0,0,0,0,0
4203.76,-0.0127701,0.11818,0.0144228,-0.0311642,-0.000342225,0.00113276,0,0,0,0,-0.0210892,0.0363604,0.0163896,-0.000680423,0.00265497,0.0869367,0,0,0,0,0,0,0,0,0,0,0,0,0,0,0,0,0,0,0,0,0
4203.81,-0.0127701,0.11818,0.0144228,-0.0311642,-0.000342225,0.00113276,0,0,0,0,-0.0193906,0.0367349,0.0159846,-0.00474149,0.00365062,-0.00933498,0,0,0,0,0,0,0,0,0,0,0,0,0,0,0,0,0,0,0,0,0
4203.81,-0.00852997,0.0865782,0.0143442,-0.00624776,0.000133924,-0.0152145,0,0,0,0,-0.0193906,0.0367349,0.0159846,-0.00474149,0.00365062,-0.00933498,0,0,0,0,0,0,0,0,0,0,0,0,0,0,0,0,0,0,0,0,0
4203.82,-0.00852997,0.0865782,0.0143442,-0.00624776,0.000133924,-0.0152145,0,0,0,0,-0.0191924,0.0270071,0.0156239,-0.0345242,0.00367371,-0.000850056,0,0,0,0,0,0,0,0,0,0,0,0,0,0,0,0,0,0,0,0,0
4203.83,-0.00852997,0.0865782,0.0143442,-0.00624776,0.000133924,-0.0152145,0,0,0,0,-0.0190911,0.0270071,0.0153631,-0.0449589,0.00370253,0.0144743,0,0,0,0,0,0,0,0,0,0,0,0,0,0,0,0,0,0,0,0,0
4203.83,-0.00718985,0.0486804,0.0141851,-0.0270914,0.000146208,-0.00578626,0,0,0,0,-0.019021,0.00244881,0.0151698,-0.0546352,0.00369305,0.00271712,0,0,0,0,0,0,0,0,0,0,0,0,0,0,0,0,0,0,0,0,0
4203.84,-0.00718985,0.0486804,0.0141851,-0.0270914,0.000146208,-0.00578626,0,0,0,0,-0.0189232,0.0160715,0.0148609,-0.0809607,0.00369599,0.00295353,0,0,0,0,0,0,0,0,0,0,0,0,0,0,0,0,0,0,0,0,0
4203.84,-0.00610235,0.111831,0.0138878,-0.0461328,0.000137107,-0.00882445,0,0,0,0,-0.0187768,0.025584,0.0144454,-0.0809958,0.00368066,0.00152104,0,0,0,0,0,0,0,0,0,0,0,0,0,0,0,0,0,0,0,0,0
4203.85,-0.00610235,0.111831,0.0138878,-0.0461328,0.000137107,-0.00882445,0,0,0,0,-0.0185906,0.030902,0.0139456,-0.0816161,0.003665,-0.00140948,0,0,0,0,0,0,0,0,0,0,0,0,0,0,0,0,0,0,0,0,0
4203.85,-0.0059296,0.0934205,0.0138163,-0.040686,0.000144073,-0.00434909,0,0,0,0,-0.0185906,0.030902,0.0139456,-0.0816161,0.003665,-0.00140948,0,0,0,0,0,0,0,0,0,0,0,0,0,0,0,0,0,0,0,0,0
4203.85,-0.0059296,0.0934205,0.0138163,-0.040686,0.000144073,-0.00434909,0,0,0,0,-0.0184653,0.0549172,0.0137146,-0.106167,0.00366215,-0.00261961,0,0,0,0,0,0,0,0,0,0,0,0,0,0,0,0,0,0,0,0,0
4203.86,-0.00455309,0.0591526,0.0122952,-0.0873192,0.000171524,0.0070921,0,0,0,0,-0.0184653,0.0549172,0.0137146,-0.106167,0.00366215,-0.00261961,0,0,0,0,0,0,0,0,0,0,0,0,0,0,0,0,0,0,0,0,0
4203.89,-0.00455309,0.0591526,0.0122952,-0.0873192,0.000171524,0.0070921,0,0,0,0,-0.0159978,0.0763905,0.00733616,-0.179227,0.00365847,-0.00308306,0,0,0,0,0,0,0,0,0,0,0,0,0,0,0,0,0,0,0,0,0
4203.89,-0.00455309,0.0591526,0.0122952,-0.0873192,0.000171524,0.0070921,0,0,0,0,-0.015715,0.0815026,0.00664055,-0.176219,0.00370299,0.0095589,0,0,0,0,0,0,0,0,0,0,0,0,0,0,0,0,0,0,0,0,0
4203.9,-0.00455309,0.0591526,0.0122952,-0.0873192,0.000171524,0.0070921,0,0,0,0,-0.0149568,0.0938238,0.00453077,-0.202399,0.00368047,-0.00359801,0,0,0,0,0,0,0,0,0,0,0,0,0,0,0,0,0,0,0,0,0
4203.91,-0.00455309,0.0591526,0.0122952,-0.0873192,0.000171524,0.0070921,0,0,0,0,-0.014394,0.137239,0.00405924,-0.146633,0.00368653,-0.00212806,0,0,0,0,0,0,0,0,0,0,0,0,0,0,0,0,0,0,0,0,0
4203.91,-0.00430472,0.00830156,0.00500515,-0.231852,0.000256013,0.0121901,0,0,0,0,-0.014394,0.137239,0.00405924,-0.146633,0.00368653,-0.00212806,0,0,0,0,0,0,0,0,0,0,0,0,0,0,0,0,0,0,0,0,0
4203.92,-0.00430472,0.00830156,0.00500515,-0.231852,0.000256013,0.0121901,0,0,0,0,-0.0132911,0.0446183,0.00244976,-0.12133,0.00366807,-0.00618913,0,0,0,0,0,0,0,0,0,0,0,0,0,0,0,0,0,0,0,0,0
4203.92,-0.00430472,0.00830156,0.00500515,-0.231852,0.000256013,0.0121901,0,0,0,0,-0.0131425,0.0606378,0.00224826,-0.119659,0.0036629,0.000278143,0,0,0,0,0,0,0,0,0,0,0,0,0,0,0,0,0,0,0,0,0
4203.93,-0.00430472,0.00830156,0.00500515,-0.231852,0.000256013,0.0121901,0,0,0,0,-0.0127279,0.078029,0.00166583,-0.100931,0.00365071,-0.0145453,0,0,0,0,0,0,0,0,0,0,0,0,0,0,0,0,0,0,0,0,0
4203.94,-0.00302956,0.0887153,0.000632112,-0.12302,0.00022197,0.00225628,0,0,0,0,-0.0127279,0.078029,0.00166583,-0.100931,0.00365071,-0.0145453,0,0,0,0,0,0,0,0,0,0,0,0,0,0,0,0,0,0,0,0,0
4203.95,-0.00302956,0.0887153,0.000632112,-0.12302,0.000173135,-0.0126491,0,0,0,0,-0.0127279,0.078029,0.00166583,-0.100931,0.00365071,-0.0145453,0,0,0,0,0,0,0,0,0,0,0,0,0,0,0,0,0,0,0,0,0
4203.95,-0.00277,0.0668756,0.000167835,-0.096386,0.000173135,-0.0126491,0,0,0,0,-0.0127279,0.078029,0.00166583,-0.100931,0.00365071,-0.0145453,0,0,0,0,0,0,0,0,0,0,0,0,0,0,0,0,0,0,0,0,0
4203.95,-0.00244967,0.0829455,-7.87401e-06,-0.101558,0.000230397,0.0145027,0,0,0,0,-0.0127279,0.078029,0.00166583,-0.100931,0.00365071,-0.0145453,0,0,0,0,0,0,0,0,0,0,0,0,0,0,0,0,0,0,0,0,0
4203.96,-0.00204148,0.0901407,-0.000417791,-0.071088,0.000235453,0.0118717,0,0,0,0,-0.0127279,0.078029,0.00166583,-0.100931,0.00365071,-0.0145453,0,0,0,0,0,0,0,0,0,0,0,0,0,0,0,0,0,0,0,0,0
4203.96,-0.00120408,0.116185,-0.000735419,-0.0406324,0.000161338,-0.0133092,0,0,0,0,-0.0127279,0.078029,0.00166583,-0.100931,0.00365071,-0.0145453,0,0,0,0,0,0,0,0,0,0,0,0,0,0,0,0,0,0,0,0,0
4203.98,0.000855173,0.0763126,-0.00161921,-0.0381478,0.00022579,-0.00289788,0,0,0,0,-0.0127279,0.078029,0.00166583,-0.100931,0.00365071,-0.0145453,0,0,0,0,0,0,0,0,0,0,0,0,0,0,0,0,0,0,0,0,0
4203.99,0.000855173,0.0763126,-0.00161921,-0.0381478,0.00022579,-0.00289788,0,0,0,0,-0.0068631,0.15572,-0.00131686,0.0340083,0.00366176,-0.00192442,0,0,0,0,0,0,0,0,0,0,0,0,0,0,0,0,0,0,0,0,0
4203.99,0.000855173,0.0763126,-0.00161921,-0.0381478,0.00022579,-0.00289788,0,0,0,0,-0.00614948,0.119084,-0.00136188,-0.00457297,0.00370163,0.0215548,0,0,0,0,0,0,0,0,0,0,0,0,0,0,0,0,0,0,0,0,0
4204,0.000855173,0.0763126,-0.00161921,-0.0381478,0.00022579,-0.00289788,0,0,0,0,-0.00600612,0.0853225,-0.0014277,-0.0289651,0.00366848,-0.00692643,0,0,0,0,0,0,0,0,0,0,0,0,0,0,0,0,0,0,0,0,0
4204,0.00168849,0.0454977,-0.00221635,-0.0229264,0.000236913,0.00447523,0,0,0,0,-0.00600612,0.0853225,-0.0014277,-0.0289651,0.00366848,-0.00692643,0,0,0,0,0,0,0,0,0,0,0,0,0,0,0,0,0,0,0,0,0
4204.02,0.00168849,0.0454977,-0.00221635,-0.0229264,0.000236913,0.00447523,0,0,0,0,-0.00371792,0.0838151,-0.00145249,-0.000263805,0.00367582,-0.00423466,0,0,0,0,0,0,0,0,0,0,0,0,0,0,0,0,0,0,0,0,0
4204.02,0.0023948,0.0589331,-0.00248467,-0.0198063,0.000221933,-0.00142326,0,0,0,0,-0.00371792,0.0838151,-0.00145249,-0.000263805,0.00367582,-0.00423466,0,0,0,0,0,0,0,0,0,0,0,0,0,0,0,0,0,0,0,0,0
4204.02,0.00251769,0.0224883,-0.00245185,-0.0099509,0.000222345,0.00263547,0,0,0,0,-0.00371792,0.0838151,-0.00145249,-0.000263805,0.00367582,-0.00423466,0,0,0,0,0,0,0,0,0,0,0,0,0,0,0,0,0,0,0,0,0
4204.03,0.00251769,0.0224883,-0.00245185,-0.0099509,0.000222345,0.00263547,0,0,0,0,-0.00331075,0.0456388,-0.00150198,-0.0183174,0.00365599,0.0013689,0,0,0,0,0,0,0,0,0,0,0,0,0,0,0,0,0,0,0,0,0
4204.05,0.00285869,0.0281469,-0.00248799,0.00785925,0.000189688,-0.00249528,0,0,0,0,-0.00331075,0.0456388,-0.00150198,-0.0183174,0.00365599,0.0013689,0,0,0,0,0,0,0,0,0,0,0,0,0,0,0,0,0,0,0,0,0
4204.05,0.00285869,0.0281469,-0.00248799,0.00785925,0.000189688,-0.00249528,0,0,0,0,-0.00216708,0.0679314,-0.00173445,-0.0198295,0.00360103,-0.0122983,0,0,0,0,0,0,0,0,0,0,0,0,0,0,0,0,0,0,0,0,0
4204.06,0.00285869,0.0281469,-0.00248799,0.00785925,0.000189688,-0.00249528,0,0,0,0,-0.00176711,0.0442719,-0.00197876,-0.0182261,0.00366633,0.00953783,0,0,0,0,0,0,0,0,0,0,0,0,0,0,0,0,0,0,0,0,0
4204.06,0.00285869,0.0281469,-0.00248799,0.00785925,0.000189688,-0.00249528,0,0,0,0,-0.00159746,0.0645514,-0.00202812,-0.0259433,0.00361598,-0.0167151,0,0,0,0,0,0,0,0,0,0,0,0,0,0,0,0,0,0,0,0,0
4204.07,0.00361302,0.0615318,-0.00275015,0.00732089,0.000226689,0.000940822,0,0,0,0,-0.00159746,0.0645514,-0.00202812,-0.0259433,0.00361598,-0.0167151,0,0,0,0,0,0,0,0,0,0,0,0,0,0,0,0,0,0,0,0,0
4204.07,0.00378212,0.0718074,-0.00280283,-0.0149084,0.000180437,-0.0111698,0,0,0,0,-0.00159746,0.0645514,-0.00202812,-0.0259433,0.00361598,-0.0167151,0,0,0,0,0,0,0,0,0,0,0,0,0,0,0,0,0,0,0,0,0
4204.08,0.0045095,0.0901214,-0.00293568,-0.0136293,0.000190437,0.0107904,0,0,0,0,-0.00159746,0.0645514,-0.00202812,-0.0259433,0.00361598,-0.0167151,0,0,0,0,0,0,0,0,0,0,0,0,0,0,0,0,0,0,0,0,0
4204.08,0.00462184,0.0744272,-0.00296522,-0.0140096,0.000177629,-0.00453166,0,0,0,0,-0.00159746,0.0645514,-0.00202812,-0.0259433,0.00361598,-0.0167151,0,0,0,0,0,0,0,0,0,0,0,0,0,0,0,0,0,0,0,0,0
4204.09,0.00627913,0.170646,-0.00334611,-0.0585022,0.000190811,0.0022001,0,0,0,0,-0.00159746,0.0645514,-0.00202812,-0.0259433,0.00361598,-0.0167151,0,0,0,0,0,0,0,0,0,0,0,0,0,0,0,0,0,0,0,0,0
4204.1,0.00664726,0.170445,-0.00336526,-0.0356245,0.000194931,0.000196489,0,0,0,0,-0.00159746,0.0645514,-0.00202812,-0.0259433,0.00361598,-0.0167151,0,0,0,0,0,0,0,0,0,0,0,0,0,0,0,0,0,0,0,0,0
4204.1,0.00664726,0.170445,-0.00336526,-0.0356245,0.000194931,0.000196489,0,0,0,0,-3.35933e-05,0.108167,-0.00469343,-0.122821,0.00362139,0.000816503,0,0,0,0,0,0,0,0,0,0,0,0,0,0,0,0,0,0,0,0,0
4204.1,0.00664726,0.170445,-0.00336526,-0.0356245,0.000194931,0.000196489,0,0,0,0,0.000364058,0.116187,-0.00521851,-0.133003,0.00363875,0.00874903,0,0,0,0,0,0,0,0,0,0,0,0,0,0,0,0,0,0,0,0,0
4204.11,0.00908297,0.158664,-0.00431276,-0.0645763,0.000217476,0.00970897,0,0,0,0,0.000364058,0.116187,-0.00521851,-0.133003,0.00363875,0.00874903,0,0,0,0,0,0,0,0,0,0,0,0,0,0,0,0,0,0,0,0,0
4204.11,0.00908297,0.158664,-0.00431276,-0.0645763,0.000217476,0.00970897,0,0,0,0,0.00133377,0.051322,-0.00699858,-0.162739,0.00361761,0.00881925,0,0,0,0,0,0,0,0,0,0,0,0,0,0,0,0,0,0,0,0,0
4204.12,0.00908297,0.158664,-0.00431276,-0.0645763,0.000217476,0.00970897,0,0,0,0,0.00146133,0.0588215,-0.00731603,-0.166355,0.00359214,-0.00369163,0,0,0,0,0,0,0,0,0,0,0,0,0,0,0,0,0,0,0,0,0
4204.14,0.0148389,0.227437,-0.00642686,-0.0982386,0.000164671,-3.28932e-05,0,0,0,0,0.00146133,0.0588215,-0.00731603,-0.166355,0.00359214,-0.00369163,0,0,0,0,0,0,0,0,0,0,0,0,0,0,0,0,0,0,0,0,0
4204.15,0.0157908,0.181745,-0.00721258,-0.135041,0.000170326,-0.00219099,0,0,0,0,0.00437353,0.0838807,-0.0112223,-0.136589,0.0035436,-0.00337095,0,0,0,0,0,0,0,0,0,0,0,0,0,0,0,0,0,0,0,0,0
4204.15,0.0157908,0.181745,-0.00721258,-0.135041,0.000170326,-0.00219099,0,0,0,0,0.00545279,0.173355,-0.0120734,-0.164307,0.00353954,-0.00100922,0,0,0,0,0,0,0,0,0,0,0,0,0,0,0,0,0,0,0,0,0
4204.17,0.0157908,0.181745,-0.00721258,-0.135041,0.000170326,-0.00219099,0,0,0,0,0.00823159,0.177559,-0.0145058,-0.0986375,0.00349911,-0.0134335,0,0,0,0,0,0,0,0,0,0,0,0,0,0,0,0,0,0,0,0,0
4204.18,0.0157908,0.181745,-0.00721258,-0.135041,0.000170326,-0.00219099,0,0,0,0,0.00866778,0.107255,-0.0147187,-0.0729299,0.00350338,-0.00201102,0,0,0,0,0,0,0,0,0,0,0,0,0,0,0,0,0,0,0,0,0
4204.19,0.0157908,0.181745,-0.00721258,-0.135041,0.000170326,-0.00219099,0,0,0,0,0.0108011,0.144673,-0.0151861,-0.000308294,0.00354194,0.0114782,0,0,0,0,0,0,0,0,0,0,0,0,0,0,0,0,0,0,0,0,0
4204.2,0.0157908,0.181745,-0.00721258,-0.135041,0.000170326,-0.00219099,0,0,0,0,0.0113629,0.074635,-0.01525,-0.00491005,0.00348687,-0.0028092,0,0,0,0,0,0,0,0,0,0,0,0,0,0,0,0,0,0,0,0,0
4204.21,0.0157908,0.181745,-0.00721258,-0.135041,0.000170326,-0.00219099,0,0,0,0,0.0121962,0.118471,-0.0153367,0.000927577,0.00347367,-0.00475195,0,0,0,0,0,0,0,0,0,0,0,0,0,0,0,0,0,0,0,0,0
4204.21,0.0179457,0.00209935,-0.0150055,-0.106184,0.00012913,-0.00875423,0,0,0,0,0.0121962,0.118471,-0.0153367,0.000927577,0.00347367,-0.00475195,0,0,0,0,0,0,0,0,0,0,0,0,0,0,0,0,0,0,0,0,0
4204.22,0.0179454,0.0115802,-0.0157694,-0.0724374,0.000145459,0.00193795,0,0,0,0,0.0121962,0.118471,-0.0153367,0.000927577,0.00347367,-0.00475195,0,0,0,0,0,0,0,0,0,0,0,0,0,0,0,0,0,0,0,0,0
4204.23,0.0178545,-0.0354895,-0.0160265,-0.0756359,0.000118943,-0.0140816,0,0,0,0,0.0121962,0.118471,-0.0153367,0.000927577,0.00347367,-0.00475195,0,0,0,0,0,0,0,0,0,0,0,0,0,0,0,0,0,0,0,0,0
4204.24,0.0179491,0.00566653,-0.0169498,-0.0701354,9.37391e-05,-0.00235952,0,0,0,0,0.0121962,0.118471,-0.0153367,0.000927577,0.00347367,-0.00475195,0,0,0,0,0,0,0,0,0,0,0,0,0,0,0,0,0,0,0,0,0
4204.25,0.0179568,0.0135171,-0.0173295,-0.0587153,0.000101566,0.00866503,0,0,0,0,0.0121962,0.118471,-0.0153367,0.000927577,0.00347367,-0.00475195,0,0,0,0,0,0,0,0,0,0,0,0,0,0,0,0,0,0,0,0,0
4204.25,0.0179568,0.0135171,-0.0173295,-0.0587153,0.000101566,0.00866503,0,0,0,0,0.0162925,0.0355037,-0.0173658,-0.068066,0.00335349,-0.00193846,0,0,0,0,0,0,0,0,0,0,0,0,0,0,0,0,0,0,0,0,0
4204.27,0.0179568,0.0135171,-0.0173295,-0.0587153,0.000101566,0.00866503,0,0,0,0,0.0173246,0.092822,-0.0186875,-0.0757317,0.00326066,-0.0143744,0,0,0,0,0,0,0,0,0,0,0,0,0,0,0,0,0,0,0,0,0
4204.27,0.0179873,-0.00515204,-0.0183848,-0.0420895,7.00328e-05,0.0058141,0,0,0,0,0.0173246,0.092822,-0.0186875,-0.0757317,0.00326066,-0.0143744,0,0,0,0,0,0,0,0,0,0,0,0,0,0,0,0,0,0,0,0,0
4204.27,0.018042,0.012472,-0.0185642,-0.0764681,3.74882e-05,-0.00824396,0,0,0,0,0.0176333,0.0847842,-0.0189679,-0.0773889,0.00325126,0.00463882,0,0,0,0,0,0,0,0,0,0,0,0,0,0,0,0,0,0,0,0,0
4204.28,0.018042,0.012472,-0.0185642,-0.0764681,3.74882e-05,-0.00824396,0,0,0,0,0.017845,0.102587,-0.019119,-0.0876457,0.00329283,0.00987489,0,0,0,0,0,0,0,0,0,0,0,0,0,0,0,0,0,0,0,0,0
4204.3,0.018042,0.012472,-0.0185642,-0.0764681,3.74882e-05,-0.00824396,0,0,0,0,0.0194699,0.104338,-0.0201622,-0.0266525,0.00310979,-0.00403336,0,0,0,0,0,0,0,0,0,0,0,0,0,0,0,0,0,0,0,0,0
4204.31,0.0180596,-0.00761559,-0.0202366,-0.00965015,-1.05611e-05,0.005463,0,0,0,0,0.0194699,0.104338,-0.0201622,-0.0266525,0.00310979,-0.00403336,0,0,0,0,0,0,0,0,0,0,0,0,0,0,0,0,0,0,0,0,0
4204.32,0.0181183,0.000201072,-0.0203207,-0.0136597,-2.22457e-05,0.00605284,0,0,0,0,0.0214888,0.0649119,-0.0204868,0.00811342,0.00300401,-0.00280217,0,0,0,0,0,0,0,0,0,0,0,0,0,0,0,0,0,0,0,0,0
4204.32,0.0181183,0.000201072,-0.0203207,-0.0136597,-2.22457e-05,0.00605284,0,0,0,0,0.0217019,0.0883607,-0.0206119,-0.0378573,0.00296617,-0.00733371,0,0,0,0,0,0,0,0,0,0,0,0,0,0,0,0,0,0,0,0,0
4204.33,0.0181928,0.007092,-0.0204527,-0.00398924,-7.55381e-05,-0.000281009,0,0,0,0,0.0227835,0.128587,-0.0207796,-0.0168919,0.00289662,-0.0338231,0,0,0,0,0,0,0,0,0,0,0,0,0,0,0,0,0,0,0,0,0
4204.33,0.0181928,0.007092,-0.0204527,-0.00398924,-7.55381e-05,-0.000281009,0,0,0,0,0.0234471,0.080688,-0.0210132,-0.0550893,0.00293589,-0.00268748,0,0,0,0,0,0,0,0,0,0,0,0,0,0,0,0,0,0,0,0,0
4204.35,0.0184921,0.0288438,-0.0209614,-0.0294826,-0.000137631,0.000865921,0,0,0,0,0.0234471,0.080688,-0.0210132,-0.0550893,0.00293589,-0.00268748,0,0,0,0,0,0,0,0,0,0,0,0,0,0,0,0,0,0,0,0,0
4204.36,0.018924,0.0414846,-0.0215279,-0.0408606,-0.000222158,0.00422712,0,0,0,0,0.0234471,0.080688,-0.0210132,-0.0550893,0.00293589,-0.00268748,0,0,0,0,0,0,0,0,0,0,0,0,0,0,0,0,0,0,0,0,0
4204.36,0.018924,0.0414846,-0.0215279,-0.0408606,-0.000222158,0.00422712,0,0,0,0,0.0263138,0.0598795,-0.0235721,-0.122306,0.00258842,-0.0163266,0,0,0,0,0,0,0,0,0,0,0,0,0,0,0,0,0,0,0,0,0
4204.36,0.0191768,0.0727127,-0.021749,-0.0652516,-0.000210847,0.0122135,0,0,0,0,0.0263138,0.0598795,-0.0235721,-0.122306,0.00258842,-0.0163266,0,0,0,0,0,0,0,0,0,0,0,0,0,0,0,0,0,0,0,0,0
4204.37,0.019428,0.0578916,-0.0221479,-0.0631894,-0.000287397,-0.00603438,0,0,0,0,0.0264639,0.0746912,-0.0238237,-0.13504,0.00253641,-0.0214807,0,0,0,0,0,0,0,0,0,0,0,0,0,0,0,0,0,0,0,0,0
4204.37,0.019428,0.0578916,-0.0221479,-0.0631894,-0.000287397,-0.00603438,0,0,0,0,0.0270929,0.0771583,-0.025144,-0.179742,0.00239005,-0.0187117,0,0,0,0,0,0,0,0,0,0,0,0,0,0,0,0,0,0,0,0,0
4204.37,0.0196605,0.0597419,-0.022415,-0.0631836,-0.000365107,-0.0347965,0,0,0,0,0.0270929,0.0771583,-0.025144,-0.179742,0.00239005,-0.0187117,0,0,0,0,0,0,0,0,0,0,0,0,0,0,0,0,0,0,0,0,0
4204.38,0.0196605,0.0597419,-0.022415,-0.0631836,-0.000365107,-0.0347965,0,0,0,0,0.0274775,0.100097,-0.0255289,-0.122781,0.00227444,-0.0238893,0,0,0,0,0,0,0,0,0,0,0,0,0,0,0,0,0,0,0,0,0
4204.38,0.0197111,0.0311084,-0.0224948,-0.0523627,-0.000333611,-0.00561774,0,0,0,0,0.0274775,0.100097,-0.0255289,-0.122781,0.00227444,-0.0238893,0,0,0,0,0,0,0,0,0,0,0,0,0,0,0,0,0,0,0,0,0
4204.38,0.0197111,0.0311084,-0.0224948,-0.0523627,-0.000333611,-0.00561774,0,0,0,0,0.0279123,0.0651787,-0.0261187,-0.0881911,0.00210709,-0.0430406,0,0,0,0,0,0,0,0,0,0,0,0,0,0,0,0,0,0,0,0,0
4204.39,0.0197111,0.0311084,-0.0224948,-0.0523627,-0.000333611,-0.00561774,0,0,0,0,0.0280791,0.0818022,-0.0262913,-0.0886545,0.00209707,-0.0184847,0,0,0,0,0,0,0,0,0,0,0,0,0,0,0,0,0,0,0,0,0
4204.39,0.020977,0.0956524,-0.0240511,-0.0989373,-0.00053401,-0.0134964,0,0,0,0,0.0280791,0.0818022,-0.0262913,-0.0886545,0.00209707,-0.0184847,0,0,0,0,0,0,0,0,0,0,0,0,0,0,0,0,0,0,0,0,0
4204.4,0.0215747,0.134463,-0.0244552,-0.118279,-0.000566592,-0.0033941,0,0,0,0,0.0286357,0.0301249,-0.0278314,-0.11439,0.00178142,-0.0232432,0,0,0,0,0,0,0,0,0,0,0,0,0,0,0,0,0,0,0,0,0
4204.4,0.0215747,0.134463,-0.0244552,-0.118279,-0.000566592,-0.0033941,0,0,0,0,0.0287957,0.026113,-0.0283595,-0.0941668,0.00160986,-0.0264593,0,0,0,0,0,0,0,0,0,0,0,0,0,0,0,0,0,0,0,0,0
4204.41,0.0228173,0.147683,-0.0256359,-0.125456,-0.000844101,-0.0321375,0,0,0,0,0.0287957,0.026113,-0.0283595,-0.0941668,0.00160986,-0.0264593,0,0,0,0,0,0,0,0,0,0,0,0,0,0,0,0,0,0,0,0,0
4204.41,0.0242344,0.215866,-0.0266739,-0.127627,-0.00100218,-0.0154579,0,0,0,0,0.0287957,0.026113,-0.0283595,-0.0941668,0.00160986,-0.0264593,0,0,0,0,0,0,0,0,0,0,0,0,0,0,0,0,0,0,0,0,0
4204.43,0.0242344,0.215866,-0.0266739,-0.127627,-0.00100218,-0.0154579,0,0,0,0,0.0296832,0.0459946,-0.030911,-0.0922943,0.000403925,-0.0879955,0,0,0,0,0,0,0,0,0,0,0,0,0,0,0,0,0,0,0,0,0
4204.43,0.0242344,0.215866,-0.0266739,-0.127627,-0.00100218,-0.0154579,0,0,0,0,0.0297578,0.0427036,-0.0310284,-0.076352,0.00023197,-0.086343,0,0,0,0,0,0,0,0,0,0,0,0,0,0,0,0,0,0,0,0,0
4204.44,0.0292157,0.252147,-0.0302559,-0.160029,-0.00179827,-0.0210053,0,0,0,0,0.0302941,0.0187914,-0.0322145,-0.0827279,-0.000530002,-0.0562279,0,0,0,0,0,0,0,0,0,0,0,0,0,0,0,0,0,0,0,0,0
4204.44,0.0304661,0.2071,-0.0311909,-0.161477,-0.0019814,-0.0216981,0,0,0,0,0.0305654,0.0416691,-0.0324855,-0.036055,-0.000680592,-0.0264195,0,0,0,0,0,0,0,0,0,0,0,0,0,0,0,0,0,0,0,0,0
4204.45,0.0304661,0.2071,-0.0311909,-0.161477,-0.0019814,-0.0216981,0,0,0,0,0.0305943,0.0122375,-0.0325656,-0.0254073,-0.000806463,-0.0306749,0,0,0,0,0,0,0,0,0,0,0,0,0,0,0,0,0,0,0,0,0
4204.45,0.0304661,0.2071,-0.0311909,-0.161477,-0.0019814,-0.0216981,0,0,0,0,0.0308325,0.0380972,-0.0326658,-0.0179967,-0.000842248,-0.005515,0,0,0,0,0,0,0,0,0,0,0,0,0,0,0,0,0,0,0,0,0
4204.46,0.0334742,0.230503,-0.0332155,-0.122264,-0.00205099,-0.00681148,0,0,0,0,0.0308325,0.0380972,-0.0326658,-0.0179967,-0.000842248,-0.005515,0,0,0,0,0,0,0,0,0,0,0,0,0,0,0,0,0,0,0,0,0
4204.48,0.0351432,0.0596398,-0.0341906,-0.0699329,-0.00207177,-0.0100697,0,0,0,0,0.0308325,0.0380972,-0.0326658,-0.0179967,-0.000842248,-0.005515,0,0,0,0,0,0,0,0,0,0,0,0,0,0,0,0,0,0,0,0,0
4204.49,0.0353593,-0.0231965,-0.0351411,-0.0749829,-0.00207975,0.00176005,0,0,0,0,0.0308325,0.0380972,-0.0326658,-0.0179967,-0.000842248,-0.005515,0,0,0,0,0,0,0,0,0,0,0,0,0,0,0,0,0,0,0,0,0
4204.49,0.0352029,-0.0272166,-0.0355043,-0.0582635,-0.00216091,-0.00571137,0,0,0,0,0.0308325,0.0380972,-0.0326658,-0.0179967,-0.000842248,-0.005515,0,0,0,0,0,0,0,0,0,0,0,0,0,0,0,0,0,0,0,0,0
4204.5,0.0350096,-0.0344352,-0.0358076,-0.0412726,-0.00229468,-0.0215296,0,0,0,0,0.0308325,0.0380972,-0.0326658,-0.0179967,-0.000842248,-0.005515,0,0,0,0,0,0,0,0,0,0,0,0,0,0,0,0,0,0,0,0,0
4204.52,0.0351435,0.00189896,-0.0364076,-0.0304482,-0.00268301,-0.0510969,0,0,0,0,0.0308325,0.0380972,-0.0326658,-0.0179967,-0.000842248,-0.005515,0,0,0,0,0,0,0,0,0,0,0,0,0,0,0,0,0,0,0,0,0
4204.52,0.0351137,-0.0262055,-0.0365717,-0.0269547,-0.00282127,-0.04613,0,0,0,0,0.0308325,0.0380972,-0.0326658,-0.0179967,-0.000842248,-0.005515,0,0,0,0,0,0,0,0,0,0,0,0,0,0,0,0,0,0,0,0,0
4204.53,0.0351366,0.00638602,-0.0367308,-0.0101616,-0.00307032,-0.0319362,0,0,0,0,0.0308325,0.0380972,-0.0326658,-0.0179967,-0.000842248,-0.005515,0,0,0,0,0,0,0,0,0,0,0,0,0,0,0,0,0,0,0,0,0
4204.55,0.0351457,0.00422793,-0.0368052,0.0196761,-0.0039567,-0.0603332,0,0,0,0,0.0308325,0.0380972,-0.0326658,-0.0179967,-0.000842248,-0.005515,0,0,0,0,0,0,0,0,0,0,0,0,0,0,0,0,0,0,0,0,0
4204.55,0.0351616,-0.000312968,-0.0368765,-0.0173299,-0.0042314,-0.0735065,0,0,0,0,0.0308325,0.0380972,-0.0326658,-0.0179967,-0.000842248,-0.005515,0,0,0,0,0,0,0,0,0,0,0,0,0,0,0,0,0,0,0,0,0
4204.56,0.0351616,-0.000312968,-0.0368765,-0.0173299,-0.0042314,-0.0735065,0,0,0,0,0.034008,0.0412477,-0.0326758,-0.00857321,-0.00335998,-0.0372872,0,0,0,0,0,0,0,0,0,0,0,0,0,0,0,0,0,0,0,0,0
4204.56,0.0351616,-0.000312968,-0.0368765,-0.0173299,-0.0042314,-0.0735065,0,0,0,0,0.0343141,0.0314076,-0.0326701,-0.00250854,-0.00381095,-0.065806,0,0,0,0,0,0,0,0,0,0,0,0,0,0,0,0,0,0,0,0,0
4204.57,0.0351616,-0.000312968,-0.0368765,-0.0173299,-0.0042314,-0.0735065,0,0,0,0,0.0343346,0.021558,-0.0327038,-0.0113375,-0.00391188,-0.0618666,0,0,0,0,0,0,0,0,0,0,0,0,0,0,0,0,0,0,0,0,0
4204.59,0.0351616,-0.000312968,-0.0368765,-0.0173299,-0.0042314,-0.0735065,0,0,0,0,0.035807,0.0525204,-0.0333729,-0.0450877,-0.00686556,-0.163248,0,0,0,0,0,0,0,0,0,0,0,0,0,0,0,0,0,0,0,0,0
4204.6,0.0351541,-0.0165069,-0.0369072,-0.00476052,-0.0077766,-0.10291,0,0,0,0,0.035807,0.0525204,-0.0333729,-0.0450877,-0.00686556,-0.163248,0,0,0,0,0,0,0,0,0,0,0,0,0,0,0,0,0,0,0,0,0
4204.6,0.0351681,-0.0116711,-0.0369445,0.00342714,-0.00856348,-0.125483,0,0,0,0,0.035807,0.0525204,-0.0333729,-0.0450877,-0.00686556,-0.163248,0,0,0,0,0,0,0,0,0,0,0,0,0,0,0,0,0,0,0,0,0
4204.61,0.0351681,-0.0116711,-0.0369445,0.00342714,-0.00856348,-0.125483,0,0,0,0,0.0367709,0.0780056,-0.0351208,-0.106549,-0.00958377,-0.177189,0,0,0,0,0,0,0,0,0,0,0,0,0,0,0,0,0,0,0,0,0
4204.62,0.0351681,-0.0116711,-0.0369445,0.00342714,-0.00856348,-0.125483,0,0,0,0,0.0379121,0.0581427,-0.0370727,-0.131465,-0.0133092,-0.255236,0,0,0,0,0,0,0,0,0,0,0,0,0,0,0,0,0,0,0,0,0
4204.63,0.0351681,-0.0116711,-0.0369445,0.00342714,-0.00856348,-0.125483,0,0,0,0,0.0382909,0.0541495,-0.0377675,-0.106355,-0.0145915,-0.258281,0,0,0,0,0,0,0,0,0,0,0,0,0,0,0,0,0,0,0,0,0
4204.63,0.035243,0.00662244,-0.0370938,0.00588367,-0.0131221,-0.195633,0,0,0,0,0.0382909,0.0541495,-0.0377675,-0.106355,-0.0145915,-0.258281,0,0,0,0,0,0,0,0,0,0,0,0,0,0,0,0,0,0,0,0,0
4204.64,0.0352201,-0.00990971,-0.0371405,-0.0108439,-0.0137194,-0.268143,0,0,0,0,0.0382909,0.0541495,-0.0377675,-0.106355,-0.0145915,-0.258281,0,0,0,0,0,0,0,0,0,0,0,0,0,0,0,0,0,0,0,0,0
4204.64,0.0352172,-0.0189564,-0.0372221,-0.0092394,-0.0154333,-0.246594,0,0,0,0,0.0382909,0.0541495,-0.0377675,-0.106355,-0.0145915,-0.258281,0,0,0,0,0,0,0,0,0,0,0,0,0,0,0,0,0,0,0,0,0
4204.65,0.0353636,0.0486819,-0.0372755,-0.0179139,-0.0159635,-0.255039,0,0,0,0,0.0388297,0.0187633,-0.0385794,-0.0419348,-0.0186495,-0.1265,0,0,0,0,0,0,0,0,0,0,0,0,0,0,0,0,0,0,0,0,0
4204.65,0.0353636,0.0486819,-0.0372755,-0.0179139,-0.0159635,-0.255039,0,0,0,0,0.0388777,0.0146952,-0.0386178,-0.0110777,-0.0192068,-0.124236,0,0,0,0,0,0,0,0,0,0,0,0,0,0,0,0,0,0,0,0,0
4204.66,0.0352829,0.0150453,-0.0374865,-0.0289244,-0.0190805,-0.207365,0,0,0,0,0.0389646,0.0289592,-0.0387872,-0.0424638,-0.0199418,-0.105726,0,0,0,0,0,0,0,0,0,0,0,0,0,0,0,0,0,0,0,0,0
4204.68,0.0352835,0.00110314,-0.0377551,-0.0144228,-0.0220871,-0.108911,0,0,0,0,0.0389646,0.0289592,-0.0387872,-0.0424638,-0.0199418,-0.105726,0,0,0,0,0,0,0,0,0,0,0,0,0,0,0,0,0,0,0,0,0
4204.68,0.0352616,0.00116985,-0.0378377,-0.0182088,-0.0224694,-0.0752058,0,0,0,0,0.0389646,0.0289592,-0.0387872,-0.0424638,-0.0199418,-0.105726,0,0,0,0,0,0,0,0,0,0,0,0,0,0,0,0,0,0,0,0,0
4204.69,0.0352616,0.00116985,-0.0378377,-0.0182088,-0.0224694,-0.0752058,0,0,0,0,0.0392268,0.00131593,-0.0395823,-0.0401465,-0.0211665,-0.0159684,0,0,0,0,0,0,0,0,0,0,0,0,0,0,0,0,0,0,0,0,0
4204.7,0.035303,-0.00723549,-0.0382436,-0.0427566,-0.0237571,-0.0545799,0,0,0,0,0.0393384,0.0138385,-0.0396646,-0.0407457,-0.0213087,-0.0269438,0,0,0,0,0,0,0,0,0,0,0,0,0,0,0,0,0,0,0,0,0
4204.7,0.035303,-0.00723549,-0.0382436,-0.0427566,-0.0237571,-0.0545799,0,0,0,0,0.0394891,0.0253733,-0.0398068,-0.0210466,-0.0216813,-0.0620398,0,0,0,0,0,0,0,0,0,0,0,0,0,0,0,0,0,0,0,0,0
4204.71,0.035303,-0.00723549,-0.0382436,-0.0427566,-0.0237571,-0.0545799,0,0,0,0,0.0395897,0.0153833,-0.0399962,-0.0424263,-0.0220719,-0.0863617,0,0,0,0,0,0,0,0,0,0,0,0,0,0,0,0,0,0,0,0,0
4204.71,0.035303,-0.00723549,-0.0382436,-0.0427566,-0.0237571,-0.0545799,0,0,0,0,0.0397933,0.040363,-0.0401641,-0.0406498,-0.0226747,-0.121055,0,0,0,0,0,0,0,0,0,0,0,0,0,0,0,0,0,0,0,0,0
4204.72,0.035303,-0.00723549,-0.0382436,-0.0427566,-0.0237571,-0.0545799,0,0,0,0,0.0399848,0.0332941,-0.0403479,-0.0279001,-0.0232196,-0.103062,0,0,0,0,0,0,0,0,0,0,0,0,0,0,0,0,0,0,0,0,0
4204.72,0.0355368,0.0294814,-0.0390324,-0.0340669,-0.0249947,-0.0577164,0,0,0,0,0.0401043,0.020266,-0.0404858,-0.0255758,-0.0236302,-0.104116,0,0,0,0,0,0,0,0,0,0,0,0,0,0,0,0,0,0,0,0,0
4204.73,0.0355368,0.0294814,-0.0390324,-0.0340669,-0.0249947,-0.0577164,0,0,0,0,0.0402561,0.0392488,-0.0406377,-0.0294824,-0.0240643,-0.111,0,0,0,0,0,0,0,0,0,0,0,0,0,0,0,0,0,0,0,0,0
4204.74,0.0356919,0.018987,-0.0405914,-0.0602098,-0.0264781,-0.0646354,0,0,0,0,0.0402561,0.0392488,-0.0406377,-0.0294824,-0.0240643,-0.111,0,0,0,0,0,0,0,0,0,0,0,0,0,0,0,0,0,0,0,0,0
4204.76,0.0361012,0.0138574,-0.0424251,-0.130914,-0.0277586,-0.0963093,0,0,0,0,0.0409563,0.0152242,-0.0435954,-0.0583452,-0.0295983,-0.237077,0,0,0,0,0,0,0,0,0,0,0,0,0,0,0,0,0,0,0,0,0
4204.78,0.0361012,0.0138574,-0.0424251,-0.130914,-0.0277586,-0.0963093,0,0,0,0,0.0410899,0.00607217,-0.0442479,-0.0262523,-0.0326195,-0.197422,0,0,0,0,0,0,0,0,0,0,0,0,0,0,0,0,0,0,0,0,0
4204.78,0.0361012,0.0138574,-0.0424251,-0.130914,-0.0277586,-0.0963093,0,0,0,0,0.0410841,-0.00667043,-0.0443033,-0.00123056,-0.0331744,-0.120648,0,0,0,0,0,0,0,0,0,0,0,0,0,0,0,0,0,0,0,0,0
4204.79,0.0375949,0.0729593,-0.0458172,-0.132803,-0.0312765,-0.175583,0,0,0,0,0.0410816,-0.00866937,-0.0443743,-0.0217699,-0.0336772,-0.0853271,0,0,0,0,0,0,0,0,0,0,0,0,0,0,0,0,0,0,0,0,0
4204.81,0.039741,0.133259,-0.0482908,-0.128425,-0.0342728,-0.131213,0,0,0,0,0.0410816,-0.00866937,-0.0443743,-0.0217699,-0.0336772,-0.0853271,0,0,0,0,0,0,0,0,0,0,0,0,0,0,0,0,0,0,0,0,0
4204.82,0.0427045,0.182898,-0.0498482,-0.0950975,-0.0364522,-0.0786419,0,0,0,0,0.0410816,-0.00866937,-0.0443743,-0.0217699,-0.0336772,-0.0853271,0,0,0,0,0,0,0,0,0,0,0,0,0,0,0,0,0,0,0,0,0
4204.84,0.0467654,0.267502,-0.0501563,0.00421356,-0.0377614,-0.0661521,0,0,0,0,0.0410816,-0.00866937,-0.0443743,-0.0217699,-0.0336772,-0.0853271,0,0,0,0,0,0,0,0,0,0,0,0,0,0,0,0,0,0,0,0,0
4204.84,0.0467654,0.267502,-0.0501563,0.00421356,-0.0377614,-0.0661521,0,0,0,0,0.0414516,0.00179811,-0.0444154,-0.00916308,-0.0362411,-0.0345112,0,0,0,0,0,0,0,0,0,0,0,0,0,0,0,0,0,0,0,0,0
4204.85,0.0467654,0.267502,-0.0501563,0.00421356,-0.0377614,-0.0661521,0,0,0,0,0.04145,0.00354893,-0.044452,-0.0086575,-0.0363134,-0.0332449,0,0,0,0,0,0,0,0,0,0,0,0,0,0,0,0,0,0,0,0,0
4204.88,0.0520231,0.0617183,-0.0501129,0.00650273,-0.0383524,-0.00486874,0,0,0,0,0.042326,0.0456295,-0.0445436,-0.00800445,-0.0373482,-0.0531149,0,0,0,0,0,0,0,0,0,0,0,0,0,0,0,0,0,0,0,0,0
4204.88,0.0522107,0.0192691,-0.0501712,-0.0167951,-0.0385449,-0.013033,0,0,0,0,0.042326,0.0456295,-0.0445436,-0.00800445,-0.0373482,-0.0531149,0,0,0,0,0,0,0,0,0,0,0,0,0,0,0,0,0,0,0,0,0
4204.89,0.0520097,-0.0135471,-0.0501352,0.00795278,-0.0388154,-0.0225642,0,0,0,0,0.042326,0.0456295,-0.0445436,-0.00800445,-0.0373482,-0.0531149,0,0,0,0,0,0,0,0,0,0,0,0,0,0,0,0,0,0,0,0,0
4204.91,0.0520137,0.0132805,-0.0500944,0.0110272,-0.0398448,-0.0824385,0,0,0,0,0.042326,0.0456295,-0.0445436,-0.00800445,-0.0373482,-0.0531149,0,0,0,0,0,0,0,0,0,0,0,0,0,0,0,0,0,0,0,0,0
4204.92,0.0520137,0.0132805,-0.0500944,0.0110272,-0.0398448,-0.0824385,0,0,0,0,0.0437267,0.0306773,-0.0448594,-0.00210597,-0.0386755,-0.0686382,0,0,0,0,0,0,0,0,0,0,0,0,0,0,0,0,0,0,0,0,0
4204.92,0.0520137,0.0132805,-0.0500944,0.0110272,-0.0398448,-0.0824385,0,0,0,0,0.0437455,0.0156642,-0.0448947,-0.0101883,-0.0388398,-0.0854208,0,0,0,0,0,0,0,0,0,0,0,0,0,0,0,0,0,0,0,0,0
4204.95,0.0520302,0.0179068,-0.0501371,-0.0124157,-0.0436339,-0.113654,0,0,0,0,0.0444632,0.0421934,-0.0450719,-0.00351272,-0.0435093,-0.169383,0,0,0,0,0,0,0,0,0,0,0,0,0,0,0,0,0,0,0,0,0
4204.95,0.0520302,0.0179068,-0.0501371,-0.0124157,-0.0436339,-0.113654,0,0,0,0,0.0447382,0.0527872,-0.0451256,0.00683538,-0.0456501,-0.268815,0,0,0,0,0,0,0,0,0,0,0,0,0,0,0,0,0,0,0,0,0
4204.96,0.0520302,0.0179068,-0.0501371,-0.0124157,-0.0436339,-0.113654,0,0,0,0,0.0447539,0.0273489,-0.0451322,0.000667717,-0.045971,-0.204257,0,0,0,0,0,0,0,0,0,0,0,0,0,0,0,0,0,0,0,0,0
4204.97,0.0519975,-0.000958958,-0.0500973,0.0108728,-0.0464476,-0.122581,0,0,0,0,0.0447539,0.0273489,-0.0451322,0.000667717,-0.045971,-0.204257,0,0,0,0,0,0,0,0,0,0,0,0,0,0,0,0,0,0,0,0,0
4204.97,0.0520567,0.0124987,-0.0500928,0.00712886,-0.046781,-0.146582,0,0,0,0,0.0451766,0.0239502,-0.0454215,-0.0170582,-0.0505157,-0.201916,0,0,0,0,0,0,0,0,0,0,0,0,0,0,0,0,0,0,0,0,0
4204.98,0.0520787,0.023013,-0.0501596,-0.00599176,-0.0485045,-0.18304,0,0,0,0,0.0452082,0.013979,-0.045452,-0.0194129,-0.0507532,-0.131249,0,0,0,0,0,0,0,0,0,0,0,0,0,0,0,0,0,0,0,0,0
4204.99,0.0520476,0.00892218,-0.0501296,0.0102595,-0.0504347,-0.237859,0,0,0,0,0.0452082,0.013979,-0.045452,-0.0194129,-0.0507532,-0.131249,0,0,0,0,0,0,0,0,0,0,0,0,0,0,0,0,0,0,0,0,0
4204.99,0.0520476,0.00892218,-0.0501296,0.0102595,-0.0504347,-0.237859,0,0,0,0,0.0453474,0.0328962,-0.0462217,-0.0717994,-0.05352,-0.114274,0,0,0,0,0,0,0,0,0,0,0,0,0,0,0,0,0,0,0,0,0
4205,0.0520476,0.00892218,-0.0501296,0.0102595,-0.0504347,-0.237859,0,0,0,0,0.0452585,-0.00728837,-0.0466309,-0.1029,-0.0542211,-0.1601,0,0,0,0,0,0,0,0,0,0,0,0,0,0,0,0,0,0,0,0,0
4205,0.0520476,0.00892218,-0.0501296,0.0102595,-0.0504347,-0.237859,0,0,0,0,0.0452575,-0.0125642,-0.0474531,-0.13426,-0.0551557,-0.125413,0,0,0,0,0,0,0,0,0,0,0,0,0,0,0,0,0,0,0,0,0
4205.01,0.0520476,0.00892218,-0.0501296,0.0102595,-0.0504347,-0.237859,0,0,0,0,0.0453049,-0.00669852,-0.0480477,-0.0969522,-0.0555576,-0.0631001,0,0,0,0,0,0,0,0,0,0,0,0,0,0,0,0,0,0,0,0,0
4205.01,0.0520476,0.00892218,-0.0501296,0.0102595,-0.0504347,-0.237859,0,0,0,0,0.0453527,0.0113387,-0.0484814,-0.105252,-0.0557475,-0.0566141,0,0,0,0,0,0,0,0,0,0,0,0,0,0,0,0,0,0,0,0,0
4205.02,0.0520476,0.00892218,-0.0501296,0.0102595,-0.0504347,-0.237859,0,0,0,0,0.0453776,0.00918994,-0.0489605,-0.146467,-0.0561579,-0.106374,0,0,0,0,0,0,0,0,0,0,0,0,0,0,0,0,0,0,0,0,0
4205.02,0.0520476,0.00892218,-0.0501296,0.0102595,-0.0504347,-0.237859,0,0,0,0,0.0453904,-0.0078314,-0.0497218,-0.0825501,-0.057208,-0.189056,0,0,0,0,0,0,0,0,0,0,0,0,0,0,0,0,0,0,0,0,0
4205.03,0.0520476,0.00892218,-0.0501296,0.0102595,-0.0504347,-0.237859,0,0,0,0,0.0455112,0.0230373,-0.0500817,-0.0543404,-0.0579746,-0.103458,0,0,0,0,0,0,0,0,0,0,0,0,0,0,0,0,0,0,0,0,0
4205.03,0.0520476,0.00892218,-0.0501296,0.0102595,-0.0504347,-0.237859,0,0,0,0,0.0455055,-0.0017597,-0.0502497,-0.019757,-0.0587675,-0.168252,0,0,0,0,0,0,0,0,0,0,0,0,0,0,0,0,0,0,0,0,0
4205.04,0.0520355,0.0174106,-0.0501587,0.00144338,-0.0579923,-0.0840536,0,0,0,0,0.0455055,-0.0017597,-0.0502497,-0.019757,-0.0587675,-0.168252,0,0,0,0,0,0,0,0,0,0,0,0,0,0,0,0,0,0,0,0,0
4205.06,0.0520355,0.0174106,-0.0501587,0.00144338,-0.0579923,-0.0840536,0,0,0,0,0.0456853,0.0074719,-0.0502338,0.0056744,-0.062844,-0.143727,0,0,0,0,0,0,0,0,0,0,0,0,0,0,0,0,0,0,0,0,0
4205.06,0.0519817,-0.00615056,-0.0501132,0.00154169,-0.0596767,-0.135188,0,0,0,0,0.0456853,-0.00533156,-0.0502151,-0.00305395,-0.0632192,-0.105284,0,0,0,0,0,0,0,0,0,0,0,0,0,0,0,0,0,0,0,0,0
4205.07,0.0519502,-0.0142107,-0.0501283,-0.0045499,-0.0599105,-0.121476,0,0,0,0,0.0456853,-0.00533156,-0.0502151,-0.00305395,-0.0632192,-0.105284,0,0,0,0,0,0,0,0,0,0,0,0,0,0,0,0,0,0,0,0,0
4205.07,0.0519502,-0.0142107,-0.0501283,-0.0045499,-0.0599105,-0.121476,0,0,0,0,0.0457549,0.00376428,-0.050227,0.00135119,-0.0653244,-0.108561,0,0,0,0,0,0,0,0,0,0,0,0,0,0,0,0,0,0,0,0,0
4205.07,0.0520132,-0.00922737,-0.0501639,-0.00388866,-0.0608205,-0.0972128,0,0,0,0,0.0457549,0.00376428,-0.050227,0.00135119,-0.0653244,-0.108561,0,0,0,0,0,0,0,0,0,0,0,0,0,0,0,0,0,0,0,0,0
4205.08,0.0520132,-0.00922737,-0.0501639,-0.00388866,-0.0608205,-0.0972128,0,0,0,0,0.0457866,0.0154489,-0.0502191,0.00412722,-0.0654883,-0.0929834,0,0,0,0,0,0,0,0,0,0,0,0,0,0,0,0,0,0,0,0,0
4205.08,0.0520684,0.0264561,-0.050173,-0.0156868,-0.0615332,-0.114131,0,0,0,0,0.0457866,0.0154489,-0.0502191,0.00412722,-0.0654883,-0.0929834,0,0,0,0,0,0,0,0,0,0,0,0,0,0,0,0,0,0,0,0,0
4205.09,0.0520684,0.0264561,-0.050173,-0.0156868,-0.0615332,-0.114131,0,0,0,0,0.0457563,-0.0156586,-0.0502091,0.00665983,-0.0674942,-0.0610145,0,0,0,0,0,0,0,0,0,0,0,0,0,0,0,0,0,0,0,0,0
4205.1,0.0520684,0.0264561,-0.050173,-0.0156868,-0.0615332,-0.114131,0,0,0,0,0.0457003,-0.0238509,-0.05023,-0.00667262,-0.0675627,-0.0450816,0,0,0,0,0,0,0,0,0,0,0,0,0,0,0,0,0,0,0,0,0
4205.12,0.0520684,0.0264561,-0.050173,-0.0156868,-0.0615332,-0.114131,0,0,0,0,0.0458244,0.00194324,-0.0502004,0.00721925,-0.0678244,-0.0193412,0,0,0,0,0,0,0,0,0,0,0,0,0,0,0,0,0,0,0,0,0
4205.13,0.0519503,-0.0246805,-0.050135,-0.00464118,-0.0690117,-0.131644,0,0,0,0,0.0459219,0.00403112,-0.0502497,-0.00651111,-0.0680792,-0.0294974,0,0,0,0,0,0,0,0,0,0,0,0,0,0,0,0,0,0,0,0,0
4205.14,0.0519498,-0.0146741,-0.050188,0.00373139,-0.0701584,-0.193063,0,0,0,0,0.0459192,0.00175599,-0.0502094,0.0106273,-0.0681607,-0.0409292,0,0,0,0,0,0,0,0,0,0,0,0,0,0,0,0,0,0,0,0,0
4205.14,0.0520401,0.0170115,-0.0501598,-0.00754361,-0.0706871,-0.130141,0,0,0,0,0.0459192,0.00175599,-0.0502094,0.0106273,-0.0681607,-0.0409292,0,0,0,0,0,0,0,0,0,0,0,0,0,0,0,0,0,0,0,0,0
4205.15,0.051993,-0.0136828,-0.0501692,-0.0144217,-0.0710081,-0.075791,0,0,0,0,0.0459192,0.00175599,-0.0502094,0.0106273,-0.0681607,-0.0409292,0,0,0,0,0,0,0,0,0,0,0,0,0,0,0,0,0,0,0,0,0
4205.17,0.051993,-0.0136828,-0.0501692,-0.0144217,-0.0710081,-0.075791,0,0,0,0,0.0460937,0.0129772,-0.0501882,0.00506584,-0.0711106,-0.103168,0,0,0,0,0,0,0,0,0,0,0,0,0,0,0,0,0,0,0,0,0
4205.18,0.051993,-0.0136828,-0.0501692,-0.0144217,-0.0710081,-0.075791,0,0,0,0,0.0460846,-0.00567797,-0.050216,-0.00446537,-0.0719791,-0.154618,0,0,0,0,0,0,0,0,0,0,0,0,0,0,0,0,0,0,0,0,0
4205.18,0.051993,-0.0136828,-0.0501692,-0.0144217,-0.0710081,-0.075791,0,0,0,0,0.0460637,-0.0066236,-0.0502174,0.00647258,-0.072483,-0.121637,0,0,0,0,0,0,0,0,0,0,0,0,0,0,0,0,0,0,0,0,0
4205.19,0.051993,-0.0136828,-0.0501692,-0.0144217,-0.0710081,-0.075791,0,0,0,0,0.046081,0.00159683,-0.050257,-0.00455666,-0.072689,-0.0594802,0,0,0,0,0,0,0,0,0,0,0,0,0,0,0,0,0,0,0,0,0
4205.19,0.051993,-0.0136828,-0.0501692,-0.0144217,-0.0710081,-0.075791,0,0,0,0,0.0461137,0.0126869,-0.0502335,0.00167655,-0.0730641,-0.0693216,0,0,0,0,0,0,0,0,0,0,0,0,0,0,0,0,0,0,0,0,0
4205.2,0.051993,-0.0136828,-0.0501692,-0.0144217,-0.0710081,-0.075791,0,0,0,0,0.0460929,0.00483163,-0.0502365,-0.000214715,-0.0739372,-0.177147,0,0,0,0,0,0,0,0,0,0,0,0,0,0,0,0,0,0,0,0,0
4205.21,0.0519974,0.0032952,-0.0501742,-0.0126896,-0.0784448,-0.0608529,0,0,0,0,0.0460929,0.00483163,-0.0502365,-0.000214715,-0.0739372,-0.177147,0,0,0,0,0,0,0,0,0,0,0,0,0,0,0,0,0,0,0,0,0
4205.21,0.0519668,0.000151685,-0.050165,-0.00645519,-0.0787743,-0.0893482,0,0,0,0,0.0460929,0.00483163,-0.0502365,-0.000214715,-0.0739372,-0.177147,0,0,0,0,0,0,0,0,0,0,0,0,0,0,0,0,0,0,0,0,0
4205.22,0.0519668,0.000151685,-0.050165,-0.00645519,-0.0787743,-0.0893482,0,0,0,0,0.0461386,-0.0154152,-0.0502218,-0.00641515,-0.077184,-0.225365,0,0,0,0,0,0,0,0,0,0,0,0,0,0,0,0,0,0,0,0,0
4205.22,0.0519668,0.000151685,-0.050165,-0.00645519,-0.0787743,-0.0893482,0,0,0,0,0.0462053,0.0177662,-0.0502209,-0.00572231,-0.0774169,-0.160867,0,0,0,0,0,0,0,0,0,0,0,0,0,0,0,0,0,0,0,0,0
4205.23,0.0519668,0.000151685,-0.050165,-0.00645519,-0.0787743,-0.0893482,0,0,0,0,0.0462015,0.00699441,-0.0502167,0.000997751,-0.0781365,-0.112327,0,0,0,0,0,0,0,0,0,0,0,0,0,0,0,0,0,0,0,0,0
4205.23,0.0520178,-0.0018847,-0.0501239,0.0258671,-0.081125,-0.0769894,0,0,0,0,0.0461407,-0.0148815,-0.0501865,0.0164485,-0.0784781,-0.162151,0,0,0,0,0,0,0,0,0,0,0,0,0,0,0,0,0,0,0,0,0
4205.25,0.0519462,-0.0267122,-0.0502159,-0.0258968,-0.08332,-0.0833982,0,0,0,0,0.0462155,0.00489249,-0.0501999,0.0171273,-0.0810932,-0.17227,0,0,0,0,0,0,0,0,0,0,0,0,0,0,0,0,0,0,0,0,0
4205.26,0.0519462,-0.0267122,-0.0502159,-0.0258968,-0.08332,-0.0833982,0,0,0,0,0.0462387,-0.00508812,-0.0502132,0.00982207,-0.0824362,-0.167863,0,0,0,0,0,0,0,0,0,0,0,0,0,0,0,0,0,0,0,0,0
4205.26,0.0519462,-0.0267122,-0.0502159,-0.0258968,-0.08332,-0.0833982,0,0,0,0,0.046245,-0.00345902,-0.0502215,-0.00982082,-0.0829794,-0.116899,0,0,0,0,0,0,0,0,0,0,0,0,0,0,0,0,0,0,0,0,0
4205.27,0.0519724,-0.00675212,-0.0501316,-0.00321103,-0.0856277,-0.0960284,0,0,0,0,0.0462661,0.00839881,-0.0502041,0.00505647,-0.0836931,-0.19655,0,0,0,0,0,0,0,0,0,0,0,0,0,0,0,0,0,0,0,0,0
4205.27,0.0519724,-0.00675212,-0.0501316,-0.00321103,-0.0856277,-0.0960284,0,0,0,0,0.0462891,0.00740637,-0.050215,0.00285624,-0.0844975,-0.181121,0,0,0,0,0,0,0,0,0,0,0,0,0,0,0,0,0,0,0,0,0
4205.28,0.0519724,-0.00675212,-0.0501316,-0.00321103,-0.0856277,-0.0960284,0,0,0,0,0.04626,-0.0116654,-0.0501912,0.00438704,-0.0850424,-0.0895788,0,0,0,0,0,0,0,0,0,0,0,0,0,0,0,0,0,0,0,0,0
4205.28,0.0520253,0.0230001,-0.0501758,-0.0156962,-0.0875015,-0.118326,0,0,0,0,0.0462954,0.0174806,-0.0502094,-0.00196788,-0.0851835,-0.0717219,0,0,0,0,0,0,0,0,0,0,0,0,0,0,0,0,0,0,0,0,0
4205.29,0.0519928,-0.00638229,-0.0501878,-0.00586184,-0.0880681,-0.0540322,0,0,0,0,0.0462954,0.0174806,-0.0502094,-0.00196788,-0.0851835,-0.0717219,0,0,0,0,0,0,0,0,0,0,0,0,0,0,0,0,0,0,0,0,0
4205.3,0.0519928,-0.00638229,-0.0501878,-0.00586184,-0.0880681,-0.0540322,0,0,0,0,0.0462908,-0.010701,-0.0501834,0.0118912,-0.0875236,-0.0665561,0,0,0,0,0,0,0,0,0,0,0,0,0,0,0,0,0,0,0,0,0
4205.34,0.0519151,-0.0414713,-0.0501516,0.00277757,-0.0910372,-0.0502871,0,0,0,0,0.0462908,-0.010701,-0.0501834,0.0118912,-0.0875236,-0.0665561,0,0,0,0,0,0,0,0,0,0,0,0,0,0,0,0,0,0,0,0,0
4205.35,0.051996,0.00232032,-0.0501651,-0.00677119,-0.0915926,-0.0733286,0,0,0,0,0.0464068,-0.00528473,-0.0502027,-0.0055608,-0.0902564,-0.052883,0,0,0,0,0,0,0,0,0,0,0,0,0,0,0,0,0,0,0,0,0
4205.35,0.0520145,0.00943712,-0.0501203,-0.00797195,-0.0919571,-0.0976997,0,0,0,0,0.0464721,0.0195872,-0.0501788,0.0101825,-0.0904964,-0.0417075,0,0,0,0,0,0,0,0,0,0,0,0,0,0,0,0,0,0,0,0,0
4205.36,0.0520145,0.00943712,-0.0501203,-0.00797195,-0.0919571,-0.0976997,0,0,0,0,0.0464125,-0.0148721,-0.0501781,0.00996017,-0.0913825,-0.104929,0,0,0,0,0,0,0,0,0,0,0,0,0,0,0,0,0,0,0,0,0
4205.37,0.0520145,0.00943712,-0.0501203,-0.00797195,-0.0919571,-0.0976997,0,0,0,0,0.0464474,0.00167174,-0.0501665,0.0057774,-0.0915772,-0.0964043,0,0,0,0,0,0,0,0,0,0,0,0,0,0,0,0,0,0,0,0,0
4205.38,0.0519839,-0.00617046,-0.0501559,-0.0130009,-0.0929759,-0.0129019,0,0,0,0,0.04648,0.0150276,-0.0501719,0.00436129,-0.0923833,-0.0471039,0,0,0,0,0,0,0,0,0,0,0,0,0,0,0,0,0,0,0,0,0
4205.38,0.0519839,-0.00617046,-0.0501559,-0.0130009,-0.0929759,-0.0129019,0,0,0,0,0.0464728,0.000763556,-0.050203,-0.0110637,-0.0927857,-0.0935592,0,0,0,0,0,0,0,0,0,0,0,0,0,0,0,0,0,0,0,0,0
4205.39,0.0519839,-0.00617046,-0.0501559,-0.0130009,-0.0929759,-0.0129019,0,0,0,0,0.0464459,-0.00469488,-0.0502009,-0.00488669,-0.0938204,-0.174786,0,0,0,0,0,0,0,0,0,0,0,0,0,0,0,0,0,0,0,0,0
4205.4,0.0519954,-0.00508205,-0.0501334,-0.000210292,-0.0934987,-0.0461394,0,0,0,0,0.0464459,-0.00469488,-0.0502009,-0.00488669,-0.0938204,-0.174786,0,0,0,0,0,0,0,0,0,0,0,0,0,0,0,0,0,0,0,0,0
4205.41,0.0519224,-0.0167866,-0.0501,0.0102232,-0.0947938,-0.0786419,0,0,0,0,0.0464459,-0.00469488,-0.0502009,-0.00488669,-0.0938204,-0.174786,0,0,0,0,0,0,0,0,0,0,0,0,0,0,0,0,0,0,0,0,0
4205.42,0.0519128,-0.00892543,-0.0501201,0.00463372,-0.0950546,-0.0493227,0,0,0,0,0.0464459,-0.00469488,-0.0502009,-0.00488669,-0.0938204,-0.174786,0,0,0,0,0,0,0,0,0,0,0,0,0,0,0,0,0,0,0,0,0
4205.44,0.0519529,0.00429818,-0.0501274,-0.00591333,-0.0963238,-0.0815865,0,0,0,0,0.0464459,-0.00469488,-0.0502009,-0.00488669,-0.0938204,-0.174786,0,0,0,0,0,0,0,0,0,0,0,0,0,0,0,0,0,0,0,0,0
4205.46,0.0520036,0.033333,-0.0500887,0.000914397,-0.0980557,-0.0604456,0,0,0,0,0.0464459,-0.00469488,-0.0502009,-0.00488669,-0.0938204,-0.174786,0,0,0,0,0,0,0,0,0,0,0,0,0,0,0,0,0,0,0,0,0
4205.46,0.0519161,0.000223073,-0.050035,0.0217662,-0.0983063,-0.0630625,0,0,0,0,0.0464961,0.00078697,-0.0501602,0.00367313,-0.102541,-0.113759,0,0,0,0,0,0,0,0,0,0,0,0,0,0,0,0,0,0,0,0,0
4205.47,0.0519054,-0.00929994,-0.0500399,-0.000852805,-0.0990006,-0.132253,0,0,0,0,0.0464961,0.00078697,-0.0501602,0.00367313,-0.102541,-0.113759,0,0,0,0,0,0,0,0,0,0,0,0,0,0,0,0,0,0,0,0,0
4205.48,0.0518761,-0.00885404,-0.0501043,-0.0138423,-0.100582,-0.140309,0,0,0,0,0.0464961,0.00078697,-0.0501602,0.00367313,-0.102541,-0.113759,0,0,0,0,0,0,0,0,0,0,0,0,0,0,0,0,0,0,0,0,0
4205.48,0.0519329,0.00408635,-0.0500678,0.00797386,-0.100949,-0.123644,0,0,0,0,0.0464961,0.00078697,-0.0501602,0.00367313,-0.102541,-0.113759,0,0,0,0,0,0,0,0,0,0,0,0,0,0,0,0,0,0,0,0,0
4205.49,0.0519329,0.00408635,-0.0500678,0.00797386,-0.100949,-0.123644,0,0,0,0,0.0464624,0.000510773,-0.0500879,0.017785,-0.105737,-0.143983,0,0,0,0,0,0,0,0,0,0,0,0,0,0,0,0,0,0,0,0,0
4205.49,0.0519329,0.00408635,-0.0500678,0.00797386,-0.100949,-0.123644,0,0,0,0,0.0464739,-0.00129622,-0.0500787,0.0163455,-0.10619,-0.116285,0,0,0,0,0,0,0,0,0,0,0,0,0,0,0,0,0,0,0,0,0
4205.5,0.0518005,-0.0207423,-0.050036,0.0126915,-0.10367,-0.149663,0,0,0,0,0.0464478,-0.00269126,-0.0501105,0.000480465,-0.106637,-0.0723246,0,0,0,0,0,0,0,0,0,0,0,0,0,0,0,0,0,0,0,0,0
4205.51,0.0518276,-0.000414758,-0.0500018,0.0135575,-0.105683,-0.103355,0,0,0,0,0.0464478,-0.00269126,-0.0501105,0.000480465,-0.106637,-0.0723246,0,0,0,0,0,0,0,0,0,0,0,0,0,0,0,0,0,0,0,0,0
4205.52,0.0518291,0.00544043,-0.0500433,0.00473437,-0.106551,-0.16373,0,0,0,0,0.0464478,-0.00269126,-0.0501105,0.000480465,-0.106637,-0.0723246,0,0,0,0,0,0,0,0,0,0,0,0,0,0,0,0,0,0,0,0,0
4205.53,0.0517457,-0.0221245,-0.049976,0.0200131,-0.108009,-0.0607265,0,0,0,0,0.0464827,0.00750469,-0.0500206,0.00632512,-0.107137,-0.00147727,0,0,0,0,0,0,0,0,0,0,0,0,0,0,0,0,0,0,0,0,0
4205.53,0.0517754,-0.00816471,-0.0500081,0.00326677,-0.108183,-0.053756,0,0,0,0,0.0464827,0.00750469,-0.0500206,0.00632512,-0.107137,-0.00147727,0,0,0,0,0,0,0,0,0,0,0,0,0,0,0,0,0,0,0,0,0
4205.54,0.0518054,0.0105759,-0.0499811,0.00809674,-0.108458,-0.0650754,0,0,0,0,0.046413,-0.00931068,-0.0500015,0.0156948,-0.107285,-0.0139109,0,0,0,0,0,0,0,0,0,0,0,0,0,0,0,0,0,0,0,0,0
4205.54,0.0518054,0.0105759,-0.0499811,0.00809674,-0.108458,-0.0650754,0,0,0,0,0.0464433,0.00908698,-0.0500431,-0.00909053,-0.107293,-0.00845715,0,0,0,0,0,0,0,0,0,0,0,0,0,0,0,0,0,0,0,0,0
4205.55,0.0518054,0.0105759,-0.0499811,0.00809674,-0.108458,-0.0650754,0,0,0,0,0.0464677,-0.00420802,-0.0499847,0.0105992,-0.107522,-0.0389865,0,0,0,0,0,0,0,0,0,0,0,0,0,0,0,0,0,0,0,0,0
4205.55,0.0518054,0.0105759,-0.0499811,0.00809674,-0.108458,-0.0650754,0,0,0,0,0.0464609,-0.00142262,-0.0499751,0.00475921,-0.107653,-0.0188638,0,0,0,0,0,0,0,0,0,0,0,0,0,0,0,0,0,0,0,0,0
4205.57,0.0518054,0.0105759,-0.0499811,0.00809674,-0.108458,-0.0650754,0,0,0,0,0.0464394,-0.00927791,-0.049983,0.00875473,-0.108419,-0.0644939,0,0,0,0,0,0,0,0,0,0,0,0,0,0,0,0,0,0,0,0,0
4205.57,0.0518054,0.0105759,-0.0499811,0.00809674,-0.108458,-0.0650754,0,0,0,0,0.046441,-0.00750836,-0.0499803,0.0135133,-0.10884,-0.0418328,0,0,0,0,0,0,0,0,0,0,0,0,0,0,0,0,0,0,0,0,0
4205.58,0.0518054,0.0105759,-0.0499811,0.00809674,-0.108458,-0.0650754,0,0,0,0,0.0464339,0.00396091,-0.049907,-0.00252027,-0.109756,-0.0659756,0,0,0,0,0,0,0,0,0,0,0,0,0,0,0,0,0,0,0,0,0
4205.59,0.051679,-0.0203081,-0.0499306,0.000946,-0.110542,-0.0205278,0,0,0,0,0.0464492,0.00436351,-0.0498875,0.0077459,-0.109996,-0.0988362,0,0,0,0,0,0,0,0,0,0,0,0,0,0,0,0,0,0,0,0,0
4205.59,0.0517613,0.0293117,-0.0499094,0.0104386,-0.110923,-0.064626,0,0,0,0,0.0464499,-0.00202184,-0.049892,-0.000490906,-0.110782,-0.159554,0,0,0,0,0,0,0,0,0,0,0,0,0,0,0,0,0,0,0,0,0
4205.6,0.0517613,0.0293117,-0.0499094,0.0104386,-0.110923,-0.064626,0,0,0,0,0.0464898,0.0137309,-0.049895,-0.00543674,-0.111614,-0.167431,0,0,0,0,0,0,0,0,0,0,0,0,0,0,0,0,0,0,0,0,0
4205.6,0.0517613,0.0293117,-0.0499094,0.0104386,-0.110923,-0.064626,0,0,0,0,0.0464202,-0.0154854,-0.0498361,0.0122213,-0.111826,-0.111994,0,0,0,0,0,0,0,0,0,0,0,0,0,0,0,0,0,0,0,0,0
4205.61,0.0517613,0.0293117,-0.0499094,0.0104386,-0.110923,-0.064626,0,0,0,0,0.0464615,0.0133376,-0.0498335,-0.00477433,-0.112609,-0.123461,0,0,0,0,0,0,0,0,0,0,0,0,0,0,0,0,0,0,0,0,0
4205.61,0.0517613,0.0293117,-0.0499094,0.0104386,-0.110923,-0.064626,0,0,0,0,0.0464568,0.00922742,-0.0498794,-0.00884241,-0.113082,-0.123109,0,0,0,0,0,0,0,0,0,0,0,0,0,0,0,0,0,0,0,0,0
4205.62,0.0517613,0.0293117,-0.0499094,0.0104386,-0.110923,-0.064626,0,0,0,0,0.0464518,0.00612837,-0.0498607,-0.00134525,-0.114009,-0.152102,0,0,0,0,0,0,0,0,0,0,0,0,0,0,0,0,0,0,0,0,0
4205.63,0.0516157,0.0137077,-0.0497987,0.00714176,-0.112916,-0.0339867,0,0,0,0,0.0464518,0.00612837,-0.0498607,-0.00134525,-0.114009,-0.152102,0,0,0,0,0,0,0,0,0,0,0,0,0,0,0,0,0,0,0,0,0
4205.63,0.0516357,0.0278114,-0.0498042,0.00136147,-0.112995,-0.0339773,0,0,0,0,0.0464518,0.00612837,-0.0498607,-0.00134525,-0.114009,-0.152102,0,0,0,0,0,0,0,0,0,0,0,0,0,0,0,0,0,0,0,0,0
4205.64,0.0516357,0.0278114,-0.0498042,0.00136147,-0.112995,-0.0339773,0,0,0,0,0.0464437,0.0138058,-0.0498392,-0.0233663,-0.116107,-0.207045,0,0,0,0,0,0,0,0,0,0,0,0,0,0,0,0,0,0,0,0,0
4205.64,0.0515746,-0.00320718,-0.0497283,0.0167092,-0.113921,-0.111229,0,0,0,0,0.0464437,0.0138058,-0.0498392,-0.0233663,-0.116107,-0.207045,0,0,0,0,0,0,0,0,0,0,0,0,0,0,0,0,0,0,0,0,0
4205.65,0.0515787,0.0280946,-0.0497824,-0.0133028,-0.114566,-0.11239,0,0,0,0,0.0464061,0.000627797,-0.0497685,0.0092931,-0.118332,-0.195354,0,0,0,0,0,0,0,0,0,0,0,0,0,0,0,0,0,0,0,0,0
4205.65,0.051543,0.00986078,-0.0497631,-0.0108674,-0.115026,-0.120816,0,0,0,0,0.046405,-0.00106685,-0.0496747,0.0401408,-0.118987,-0.152126,0,0,0,0,0,0,0,0,0,0,0,0,0,0,0,0,0,0,0,0,0
4205.66,0.0515709,0.00181356,-0.0497057,0.00965798,-0.1154,-0.0624211,0,0,0,0,0.046405,-0.00106685,-0.0496747,0.0401408,-0.118987,-0.152126,0,0,0,0,0,0,0,0,0,0,0,0,0,0,0,0,0,0,0,0,0
4205.66,0.0515441,0.00724625,-0.0496884,-0.00726857,-0.116015,-0.121055,0,0,0,0,0.046405,-0.00106685,-0.0496747,0.0401408,-0.118987,-0.152126,0,0,0,0,0,0,0,0,0,0,0,0,0,0,0,0,0,0,0,0,0
4205.67,0.0515441,0.00724625,-0.0496884,-0.00726857,-0.116015,-0.121055,0,0,0,0,0.0464322,0.00723785,-0.0496622,0.0102575,-0.121033,-0.13901,0,0,0,0,0,0,0,0,0,0,0,0,0,0,0,0,0,0,0,0,0
4205.67,0.0515441,0.00724625,-0.0496884,-0.00726857,-0.116015,-0.121055,0,0,0,0,0.0463837,-0.00946048,-0.0496585,0.00231556,-0.121509,-0.116257,0,0,0,0,0,0,0,0,0,0,0,0,0,0,0,0,0,0,0,0,0
4205.68,0.0515441,0.00724625,-0.0496884,-0.00726857,-0.116015,-0.121055,0,0,0,0,0.0464012,-0.00179245,-0.0496094,0.0139042,-0.122448,-0.0695099,0,0,0,0,0,0,0,0,0,0,0,0,0,0,0,0,0,0,0,0,0
4205.69,0.0515441,0.00724625,-0.0496884,-0.00726857,-0.116015,-0.121055,0,0,0,0,0.0463723,-0.0060197,-0.04965,-0.0142423,-0.122674,-0.0678902,0,0,0,0,0,0,0,0,0,0,0,0,0,0,0,0,0,0,0,0,0
4205.7,0.0513505,-0.0234107,-0.0495134,0.0195005,-0.121323,-0.158908,0,0,0,0,0.0463723,-0.0060197,-0.04965,-0.0142423,-0.122674,-0.0678902,0,0,0,0,0,0,0,0,0,0,0,0,0,0,0,0,0,0,0,0,0
4205.7,0.0512848,-0.0191588,-0.0495109,0.0151328,-0.121778,-0.190638,0,0,0,0,0.0463652,-0.00502258,-0.0495309,-0.00744971,-0.123114,-0.00488285,0,0,0,0,0,0,0,0,0,0,0,0,0,0,0,0,0,0,0,0,0
4205.7,0.0513138,0.00609815,-0.0495477,-0.0039495,-0.122246,-0.218258,0,0,0,0,0.0463652,-0.00502258,-0.0495309,-0.00744971,-0.123114,-0.00488285,0,0,0,0,0,0,0,0,0,0,0,0,0,0,0,0,0,0,0,0,0
4205.71,0.0513138,0.00609815,-0.0495477,-0.0039495,-0.122246,-0.218258,0,0,0,0,0.046414,0.0168674,-0.0494792,0.0172209,-0.123199,-0.0231646,0,0,0,0,0,0,0,0,0,0,0,0,0,0,0,0,0,0,0,0,0
4205.72,0.0513138,0.00609815,-0.0495477,-0.0039495,-0.122246,-0.218258,0,0,0,0,0.0463358,-0.0152653,-0.0494388,-0.00261857,-0.123297,-0.00743535,0,0,0,0,0,0,0,0,0,0,0,0,0,0,0,0,0,0,0,0,0
4205.72,0.0513138,0.00609815,-0.0495477,-0.0039495,-0.122246,-0.218258,0,0,0,0,0.0463449,0.00069334,-0.049447,-0.00654621,-0.123321,-0.0195787,0,0,0,0,0,0,0,0,0,0,0,0,0,0,0,0,0,0,0,0,0
4205.74,0.0513138,0.00609815,-0.0495477,-0.0039495,-0.122246,-0.218258,0,0,0,0,0.0463577,0.0071255,-0.0493226,-0.00270049,-0.123396,-0.016736,0,0,0,0,0,0,0,0,0,0,0,0,0,0,0,0,0,0,0,0,0
4205.75,0.0502792,-0.0444392,-0.0493044,-0.0181585,-0.125688,-0.0204389,0,0,0,0,0.0463412,-0.00374457,-0.0493372,-0.0128403,-0.123417,-0.0034094,0,0,0,0,0,0,0,0,0,0,0,0,0,0,0,0,0,0,0,0,0
4205.76,0.0500271,-0.0261387,-0.0493046,-0.02293,-0.125771,-0.0190111,0,0,0,0,0.0463412,-0.00374457,-0.0493372,-0.0128403,-0.123417,-0.0034094,0,0,0,0,0,0,0,0,0,0,0,0,0,0,0,0,0,0,0,0,0
4205.76,0.0498133,-0.0330168,-0.049237,0.0190885,-0.125799,-0.00180715,0,0,0,0,0.0463412,-0.00374457,-0.0493372,-0.0128403,-0.123417,-0.0034094,0,0,0,0,0,0,0,0,0,0,0,0,0,0,0,0,0,0,0,0,0
4205.77,0.0498369,0.000137632,-0.0491992,0.0189762,-0.1259,-0.0343097,0,0,0,0,0.0463412,-0.00374457,-0.0493372,-0.0128403,-0.123417,-0.0034094,0,0,0,0,0,0,0,0,0,0,0,0,0,0,0,0,0,0,0,0,0
4205.78,0.0492861,-0.0426053,-0.0490743,0.0135669,-0.125954,0.01006,0,0,0,0,0.0463412,-0.00374457,-0.0493372,-0.0128403,-0.123417,-0.0034094,0,0,0,0,0,0,0,0,0,0,0,0,0,0,0,0,0,0,0,0,0
4205.79,0.0490936,-0.0205738,-0.0489858,0.00154756,-0.126146,-0.0162818,0,0,0,0,0.0463412,-0.00374457,-0.0493372,-0.0128403,-0.123417,-0.0034094,0,0,0,0,0,0,0,0,0,0,0,0,0,0,0,0,0,0,0,0,0
4205.8,0.048686,-0.0105733,-0.0488755,0.0137389,-0.126449,-0.0250266,0,0,0,0,0.0463412,-0.00374457,-0.0493372,-0.0128403,-0.123417,-0.0034094,0,0,0,0,0,0,0,0,0,0,0,0,0,0,0,0,0,0,0,0,0
4205.81,0.0482913,-0.0544269,-0.0487892,0.0224158,-0.12666,-0.0354706,0,0,0,0,0.0463412,-0.00374457,-0.0493372,-0.0128403,-0.123417,-0.0034094,0,0,0,0,0,0,0,0,0,0,0,0,0,0,0,0,0,0,0,0,0
4205.82,0.0482913,-0.0544269,-0.0487892,0.0224158,-0.12666,-0.0354706,0,0,0,0,0.0462585,0.0138479,-0.0488946,0.0078138,-0.12463,-0.0310457,0,0,0,0,0,0,0,0,0,0,0,0,0,0,0,0,0,0,0,0,0
4205.83,0.0482913,-0.0544269,-0.0487892,0.0224158,-0.12666,-0.0354706,0,0,0,0,0.0462159,-0.00751773,-0.048823,0.00895136,-0.125179,-0.0584046,0,0,0,0,0,0,0,0,0,0,0,0,0,0,0,0,0,0,0,0,0
4205.84,0.0471764,-0.0598994,-0.0485992,0.026155,-0.127078,-0.0269225,0,0,0,0,0.0462453,0.00782302,-0.0488032,0.0114442,-0.125286,-0.0354953,0,0,0,0,0,0,0,0,0,0,0,0,0,0,0,0,0,0,0,0,0
4205.84,0.0471764,-0.0598994,-0.0485992,0.026155,-0.127078,-0.0269225,0,0,0,0,0.0462011,-0.0168991,-0.0486762,0.0165047,-0.125632,-0.0703151,0,0,0,0,0,0,0,0,0,0,0,0,0,0,0,0,0,0,0,0,0
4205.85,0.0466436,-0.0264711,-0.0485728,-0.000404551,-0.127408,-0.0299186,0,0,0,0,0.0462156,0.00472397,-0.0485633,0.00828427,-0.125991,-0.0741994,0,0,0,0,0,0,0,0,0,0,0,0,0,0,0,0,0,0,0,0,0
4205.86,0.0465529,0.00284578,-0.0484685,0.00692643,-0.127671,-0.00631059,0,0,0,0,0.0462156,0.00472397,-0.0485633,0.00828427,-0.125991,-0.0741994,0,0,0,0,0,0,0,0,0,0,0,0,0,0,0,0,0,0,0,0,0
4205.86,0.0466228,0.0310789,-0.0484439,0.0110425,-0.127779,-0.042296,0,0,0,0,0.0462156,0.00472397,-0.0485633,0.00828427,-0.125991,-0.0741994,0,0,0,0,0,0,0,0,0,0,0,0,0,0,0,0,0,0,0,0,0
4205.87,0.0465659,-0.0192174,-0.0483091,0.0148437,-0.128314,-0.0791007,0,0,0,0,0.0461772,-0.00139454,-0.0480416,0.00889051,-0.129382,-0.12274,0,0,0,0,0,0,0,0,0,0,0,0,0,0,0,0,0,0,0,0,0
4205.88,0.0465659,-0.0192174,-0.0483091,0.0148437,-0.128314,-0.0791007,0,0,0,0,0.0461425,-0.0152185,-0.0480508,0.00327524,-0.129708,-0.133068,0,0,0,0,0,0,0,0,0,0,0,0,0,0,0,0,0,0,0,0,0
4205.89,0.0465994,0.0267698,-0.0479419,0.0096182,-0.130281,-0.0658198,0,0,0,0,0.046101,-0.00632867,-0.0478676,-0.00366484,-0.132935,-0.200029,0,0,0,0,0,0,0,0,0,0,0,0,0,0,0,0,0,0,0,0,0
4205.9,0.0465994,0.0267698,-0.0479419,0.0096182,-0.130281,-0.0658198,0,0,0,0,0.0460894,-0.00485405,-0.0478415,0.0104588,-0.133366,-0.218288,0,0,0,0,0,0,0,0,0,0,0,0,0,0,0,0,0,0,0,0,0
4205.93,0.0463232,-0.0133739,-0.0464908,0.0328915,-0.134919,-0.142804,0,0,0,0,0.0460894,-0.00485405,-0.0478415,0.0104588,-0.133366,-0.218288,0,0,0,0,0,0,0,0,0,0,0,0,0,0,0,0,0,0,0,0,0
4205.94,0.0463084,-0.00685629,-0.0464144,0.0405232,-0.135209,-0.135867,0,0,0,0,0.0456954,-0.00371181,-0.0471406,-0.0037374,-0.139176,-0.0578652,0,0,0,0,0,0,0,0,0,0,0,0,0,0,0,0,0,0,0,0,0
4205.94,0.0462373,0.00381247,-0.0462435,0.0317867,-0.135926,-0.140539,0,0,0,0,0.045666,-0.00331857,-0.0470274,0.0170454,-0.139399,-0.0551477,0,0,0,0,0,0,0,0,0,0,0,0,0,0,0,0,0,0,0,0,0
4205.95,0.0460245,-0.0318921,-0.0459626,0.0424426,-0.137315,-0.170593,0,0,0,0,0.0455869,-0.00432038,-0.0468913,0.0243038,-0.139578,-0.0201278,0,0,0,0,0,0,0,0,0,0,0,0,0,0,0,0,0,0,0,0,0
4205.95,0.0461171,0.024999,-0.0458864,0.0438657,-0.137528,-0.117329,0,0,0,0,0.0455895,-0.00370244,-0.0469046,0.00753526,-0.139631,-0.0273195,0,0,0,0,0,0,0,0,0,0,0,0,0,0,0,0,0,0,0,0,0
4205.96,0.0457026,-0.0464756,-0.0452409,0.0422963,-0.138678,-0.102779,0,0,0,0,0.0455895,-0.00370244,-0.0469046,0.00753526,-0.139631,-0.0273195,0,0,0,0,0,0,0,0,0,0,0,0,0,0,0,0,0,0,0,0,0
4205.97,0.0457026,-0.0464756,-0.0452409,0.0422963,-0.138678,-0.102779,0,0,0,0,0.0452593,-0.0213183,-0.0465385,0.0265345,-0.139848,0.00316891,0,0,0,0,0,0,0,0,0,0,0,0,0,0,0,0,0,0,0,0,0
4205.97,0.0457026,-0.0464756,-0.0452409,0.0422963,-0.138678,-0.102779,0,0,0,0,0.0452345,-0.0172924,-0.0465035,0.0163643,-0.139911,-0.0137764,0,0,0,0,0,0,0,0,0,0,0,0,0,0,0,0,0,0,0,0,0
4205.98,0.0450813,-0.0400821,-0.0440433,0.0646204,-0.139882,-0.0405405,0,0,0,0,0.0452345,-0.0172924,-0.0465035,0.0163643,-0.139911,-0.0137764,0,0,0,0,0,0,0,0,0,0,0,0,0,0,0,0,0,0,0,0,0
4205.98,0.0448028,-0.0362762,-0.0435001,0.086879,-0.140009,-0.02145,0,0,0,0,0.0452345,-0.0172924,-0.0465035,0.0163643,-0.139911,-0.0137764,0,0,0,0,0,0,0,0,0,0,0,0,0,0,0,0,0,0,0,0,0
4206,0.0442513,-0.00319667,-0.0417228,0.15655,-0.140258,-0.0206963,0,0,0,0,0.044647,-0.02739,-0.0452818,0.0641186,-0.140201,-0.0235159,0,0,0,0,0,0,0,0,0,0,0,0,0,0,0,0,0,0,0,0,0
4206,0.0441024,-0.049034,-0.0415506,0.131637,-0.140222,0.00803302,0,0,0,0,0.0445899,-0.0173532,-0.0449294,0.109392,-0.140223,-0.00510886,0,0,0,0,0,0,0,0,0,0,0,0,0,0,0,0,0,0,0,0,0
4206.01,0.043632,-0.0612078,-0.0405264,0.127628,-0.140345,-0.0186132,0,0,0,0,0.0445899,-0.0173532,-0.0449294,0.109392,-0.140223,-0.00510886,0,0,0,0,0,0,0,0,0,0,0,0,0,0,0,0,0,0,0,0,0
4206.02,0.043632,-0.0612078,-0.0405264,0.127628,-0.140345,-0.0186132,0,0,0,0,0.0441903,-0.020911,-0.0420873,0.207482,-0.140524,-0.0350987,0,0,0,0,0,0,0,0,0,0,0,0,0,0,0,0,0,0,0,0,0
4206.03,0.043632,-0.0612078,-0.0405264,0.127628,-0.140345,-0.0186132,0,0,0,0,0.0440786,-0.0257001,-0.0407777,0.198194,-0.140621,-0.0173599,0,0,0,0,0,0,0,0,0,0,0,0,0,0,0,0,0,0,0,0,0
4206.04,0.043632,-0.0612078,-0.0405264,0.127628,-0.140345,-0.0186132,0,0,0,0,0.0437746,-0.0295949,-0.0389606,0.23565,-0.140818,-0.0385629,0,0,0,0,0,0,0,0,0,0,0,0,0,0,0,0,0,0,0,0,0
4206.04,0.043632,-0.0612078,-0.0405264,0.127628,-0.140345,-0.0186132,0,0,0,0,0.0436151,-0.03929,-0.0383141,0.188876,-0.140919,-0.014873,0,0,0,0,0,0,0,0,0,0,0,0,0,0,0,0,0,0,0,0,0
4206.06,0.0369693,-0.170867,-0.0331132,0.101238,-0.140997,-0.00390907,0,0,0,0,0.0436151,-0.03929,-0.0383141,0.188876,-0.140919,-0.014873,0,0,0,0,0,0,0,0,0,0,0,0,0,0,0,0,0,0,0,0,0
4206.07,0.0362377,-0.211212,-0.0326449,0.103589,-0.141043,-0.0171339,0,0,0,0,0.0421156,-0.0659596,-0.0334431,0.135006,-0.141133,0.00592622,0,0,0,0,0,0,0,0,0,0,0,0,0,0,0,0,0,0,0,0,0
4206.07,0.0362377,-0.211212,-0.0326449,0.103589,-0.141043,-0.0171339,0,0,0,0,0.0418666,-0.0788192,-0.0330058,0.116898,-0.141214,-0.0287485,0,0,0,0,0,0,0,0,0,0,0,0,0,0,0,0,0,0,0,0,0
4206.09,0.0362377,-0.211212,-0.0326449,0.103589,-0.141043,-0.0171339,0,0,0,0,0.0408994,-0.0512274,-0.0306128,0.108708,-0.14126,0.00613688,0,0,0,0,0,0,0,0,0,0,0,0,0,0,0,0,0,0,0,0,0
4206.09,0.0292189,-0.198762,-0.0305191,0.03925,-0.141259,-0.0106034,0,0,0,0,0.0405594,-0.0788754,-0.0302362,0.104615,-0.14124,0.0245006,0,0,0,0,0,0,0,0,0,0,0,0,0,0,0,0,0,0,0,0,0
4206.1,0.0288122,-0.17866,-0.0304457,0.0418259,-0.141211,0.0211314,0,0,0,0,0.0397099,-0.0962244,-0.0294119,0.0779707,-0.141345,-0.00914301,0,0,0,0,0,0,0,0,0,0,0,0,0,0,0,0,0,0,0,0,0
4206.1,0.0288122,-0.17866,-0.0304457,0.0418259,-0.141211,0.0211314,0,0,0,0,0.0392455,-0.113859,-0.0290993,0.064657,-0.141414,-0.0140327,0,0,0,0,0,0,0,0,0,0,0,0,0,0,0,0,0,0,0,0,0
4206.11,0.0288122,-0.17866,-0.0304457,0.0418259,-0.141211,0.0211314,0,0,0,0,0.0390833,-0.0851531,-0.0289763,0.0666301,-0.141453,-0.0180551,0,0,0,0,0,0,0,0,0,0,0,0,0,0,0,0,0,0,0,0,0
4206.11,0.0264257,-0.0727322,-0.0301443,0.025673,-0.141552,-0.0273017,0,0,0,0,0.0385036,-0.073974,-0.0287595,0.02649,-0.141572,-0.0375213,0,0,0,0,0,0,0,0,0,0,0,0,0,0,0,0,0,0,0,0,0
4206.12,0.025947,-0.0591844,-0.0301565,-0.00220557,-0.141603,-0.0189221,0,0,0,0,0.0383985,-0.0597334,-0.0288196,-0.012426,-0.141599,-0.0253463,0,0,0,0,0,0,0,0,0,0,0,0,0,0,0,0,0,0,0,0,0
4206.12,0.0257279,-0.0688315,-0.0300351,0.0138456,-0.141642,-0.00608123,0,0,0,0,0.0383985,-0.0597334,-0.0288196,-0.012426,-0.141599,-0.0253463,0,0,0,0,0,0,0,0,0,0,0,0,0,0,0,0,0,0,0,0,0
4206.13,0.025618,-0.0291115,-0.0300103,0.00741575,-0.141704,-0.0260425,0,0,0,0,0.0383985,-0.0597334,-0.0288196,-0.012426,-0.141599,-0.0253463,0,0,0,0,0,0,0,0,0,0,0,0,0,0,0,0,0,0,0,0,0
4206.13,0.0253698,-0.0253547,-0.029843,0.0375097,-0.141701,-0.0087964,0,0,0,0,0.0383985,-0.0597334,-0.0288196,-0.012426,-0.141599,-0.0253463,0,0,0,0,0,0,0,0,0,0,0,0,0,0,0,0,0,0,0,0,0
4206.14,0.0252916,-0.0434586,-0.0298592,0.00055993,-0.141662,0.0143903,0,0,0,0,0.0383985,-0.0597334,-0.0288196,-0.012426,-0.141599,-0.0253463,0,0,0,0,0,0,0,0,0,0,0,0,0,0,0,0,0,0,0,0,0
4206.14,0.0252916,-0.0434586,-0.0298592,0.00055993,-0.141662,0.0143903,0,0,0,0,0.0362747,-0.0637219,-0.0287786,0.000340052,-0.142049,-0.0204262,0,0,0,0,0,0,0,0,0,0,0,0,0,0,0,0,0,0,0,0,0
4206.15,0.0252916,-0.0434586,-0.0298592,0.00055993,-0.141662,0.0143903,0,0,0,0,0.0360317,-0.0492191,-0.0287996,0.000789462,-0.14213,-0.0292716,0,0,0,0,0,0,0,0,0,0,0,0,0,0,0,0,0,0,0,0,0
4206.15,0.0252916,-0.0434586,-0.0298592,0.00055993,-0.141662,0.0143903,0,0,0,0,0.0354091,-0.0838516,-0.0288077,0.00166956,-0.142277,-0.0146728,0,0,0,0,0,0,0,0,0,0,0,0,0,0,0,0,0,0,0,0,0
4206.16,0.0252916,-0.0434586,-0.0298592,0.00055993,-0.141662,0.0143903,0,0,0,0,0.0348884,-0.0916976,-0.0287564,0.00893734,-0.142441,-0.0286431,0,0,0,0,0,0,0,0,0,0,0,0,0,0,0,0,0,0,0,0,0
4206.17,0.0252916,-0.0434586,-0.0298592,0.00055993,-0.141662,0.0143903,0,0,0,0,0.0339631,-0.0692178,-0.0287229,-0.00500369,-0.142877,-0.0678435,0,0,0,0,0,0,0,0,0,0,0,0,0,0,0,0,0,0,0,0,0
4206.17,0.0252916,-0.0434586,-0.0298592,0.00055993,-0.141662,0.0143903,0,0,0,0,0.03365,-0.0734403,-0.0286445,0.0118164,-0.143078,-0.0547381,0,0,0,0,0,0,0,0,0,0,0,0,0,0,0,0,0,0,0,0,0
4206.18,0.0252916,-0.0434586,-0.0298592,0.00055993,-0.141662,0.0143903,0,0,0,0,0.0331221,-0.0897501,-0.0285738,0.0096489,-0.143589,-0.0879451,0,0,0,0,0,0,0,0,0,0,0,0,0,0,0,0,0,0,0,0,0
4206.18,0.0252916,-0.0434586,-0.0298592,0.00055993,-0.141662,0.0143903,0,0,0,0,0.0326438,-0.127351,-0.0284384,0.0383268,-0.144009,-0.108715,0,0,0,0,0,0,0,0,0,0,0,0,0,0,0,0,0,0,0,0,0
4206.19,0.0218253,-0.0995633,-0.028273,0.0342913,-0.14192,-0.00377801,0,0,0,0,0.0321134,-0.142322,-0.0284066,0.0090731,-0.144414,-0.0855518,0,0,0,0,0,0,0,0,0,0,0,0,0,0,0,0,0,0,0,0,0
4206.2,0.0218253,-0.0995633,-0.028273,0.0342913,-0.14192,-0.00377801,0,0,0,0,0.0308152,-0.10003,-0.0280476,0.0446653,-0.145439,-0.090885,0,0,0,0,0,0,0,0,0,0,0,0,0,0,0,0,0,0,0,0,0
4206.2,0.0218253,-0.0995633,-0.028273,0.0342913,-0.14192,-0.00377801,0,0,0,0,0.0304771,-0.0988506,-0.0278514,0.0544446,-0.145972,-0.12141,0,0,0,0,0,0,0,0,0,0,0,0,0,0,0,0,0,0,0,0,0
