# File generated by ImageToStl.com - Free Image and 3D model conversion tools

o obj1
v -0.03892557 0.00097546 -0.0255
v -0.039 0 -0.0255
v -0.04013568 0.00246864 -0.0255
v -0.04017678 -0.00223359 -0.0255
v -0.03897151 -0.00039508 -0.0255
v -0.03846697 -0.00210156 -0.0255
v -0.03970575 -0.0032133 -0.0255
v -0.03047727 -0.00336643 -0.0255
v -0.03440948 -0.0056221 -0.0255
v -0.03323296 -0.0036019 -0.0255
v -0.0310642 -0.0008885 -0.0255
v -0.02986433 -0.00246865 -0.0255
v -0.03199586 -0.00268387 -0.0255
v -0.031 -0 -0.0255
v -0.02982322 0.00223358 -0.0255
v -0.03747541 -0.00318403 -0.0255
v -0.0355058 -0.00566168 -0.0255
v -0.03462331 -0.00401075 -0.0255
v -0.03237195 0.00308291 -0.0255
v -0.03029425 0.0032133 -0.0255
v -0.03107958 0.00103893 -0.0255
v -0.03449421 0.00566168 -0.0255
v -0.03800415 0.00268387 -0.0255
v -0.03613096 -0.00384734 -0.0255
v -0.03559053 0.0056221 -0.0255
v -0.0353767 0.00401075 -0.0255
v -0.03952273 0.00336643 -0.0255
v -0.03386904 0.00384734 -0.0255
v -0.03676704 0.0036019 -0.0255
v -0.03097131 -2.56E-05 -0.04230194
v -0.03147442 0.00200162 -0.04230316
v -0.03296348 0.00347615 -0.04230194
v -0.03497067 0.00405406 -0.04230316
v -0.03699217 0.00350175 -0.04230194
v -0.03812443 0.00251456 -0.04230108
v -0.03892441 0.00099694 -0.04229964
v -0.03895532 -0.00059617 -0.0423
v -0.03864083 -0.00172492 -0.04230194
v -0.03753186 -0.0031338 -0.04230194
v -0.03619926 -0.00382712 -0.04230108
v -0.03472447 -0.00401934 -0.04230194
v -0.03274051 -0.00336614 -0.04230316
v -0.03138138 -0.00177105 -0.04230194
v -0.03659772 -0.00057658 -0.0428
v -0.03746743 -0.00254798 -0.04280052
v -0.03828301 -0.00123837 -0.04280005
v -0.03850007 -5.97E-06 -0.0428011
v -0.03665 -0 -0.0428
v -0.0365966 0.00059968 -0.0428
v -0.03843015 0.00091538 -0.04279774
v -0.03431549 -0.00157927 -0.0428
v -0.03560338 -0.00349523 -0.04280047
v -0.03574793 -0.00150467 -0.0428
v -0.03339472 -0.00050001 -0.0428
v -0.03246189 -0.00244566 -0.04280018
v -0.03377437 -0.00330468 -0.04280021
v -0.03423021 0.00153951 -0.0428
v -0.03253258 0.00254798 -0.04280052
v -0.03338604 0.00042709 -0.0428
v -0.03171699 0.00123837 -0.04280005
v -0.03147764 -0.00061272 -0.0428011
v -0.03335 -0 -0.0428
v -0.03567188 0.00154013 -0.0428
v -0.03571941 0.00345044 -0.04280021
v -0.03415107 0.0034209 -0.04280018
v -0.03735648 0.00265098 -0.04280047
v -0.03338604 -0.00042709 -0.0328
v -0.0333846 0.00039236 -0.0328
v -0.03384189 0.00121745 -0.0328
v -0.03474697 0.00164656 -0.0328
v -0.03574793 0.00150467 -0.0328
v -0.03659772 0.00057658 -0.0328
v -0.03661952 -0.00035631 -0.0328
v -0.03605713 -0.0013298 -0.0328
v -0.03481181 -0.00166973 -0.0328
v -0.03390132 -0.00125223 -0.0328
v -0.03335 -0 -0.0328
v -0.03665 -0 -0.0328
v -0.0385 -0 -0.0428
v -0.039 -0 -0.0423
v -0.03957361 0.00332246 -0.024
v -0.03565405 0.00560002 -0.024
v -0.03034975 0.00326887 -0.024
v -0.03457007 0.00568195 -0.024
v -0.02984395 -0.0023928 -0.024
v -0.02983586 0.00229963 -0.024
v -0.03434596 -0.00560002 -0.024
v -0.03042639 -0.00332246 -0.024
v -0.03965026 -0.00326887 -0.024
v -0.03542993 -0.00568195 -0.024
v -0.04015606 0.0023928 -0.024
v -0.04016414 -0.00229963 -0.024
v -0.02873052 0.00980053 -0.02872295
v -0.00303093 0.01621614 -0.02429796
v -0.00291554 0.01624417 -0.02686092
v -0.02864068 0.00982655 -0.03887319
v -0.02145259 0.01162125 -0.0413608
v -0.03005897 0.00945988 -0.02754895
v -0.02528818 0.0106475 -0.04293067
v -0.0311564 0.00918643 -0.04369373
v -0.0292299 0.00968037 -0.03995413
v -0.03766565 0.00754451 -0.02713032
v -0.03760111 0.00754265 -0.02426253
v -0.03157122 0.00908122 -0.02719817
v -0.03697281 0.00771546 -0.0437365
v -0.03761969 0.0075291 -0.04074776
v -0.03083329 0.00928533 -0.04085344
v 0.01601863 0.00055114 -0.02897814
v -0.02774501 0.00833031 -0.02910298
v 0.01608669 0.00059387 -0.03867333
v -0.02735002 0.00818432 -0.03910374
v -0.00286127 -0.01625581 -0.02709772
v -0.00290507 -0.01622415 -0.02428218
v -0.03764492 -0.00752194 -0.02724472
v -0.03771176 -0.00750445 -0.02427223
v -0.0001341 0.01650515 -0.02547852
v -0.0003008 0.01649934 -0.02435466
v 0.00251758 0.01631143 -0.02497869
v 0.00186776 0.01638663 -0.0243698
v 0.00399975 0.0160098 -0.02435575
v 0.00453402 0.01585969 -0.02514964
v 0.0060415 0.01534325 -0.02436176
v 0.00655984 0.01514368 -0.02581337
v 0.00801994 0.0144253 -0.02436282
v 0.00906492 0.01379063 -0.02748381
v 0.01044797 0.01278047 -0.02434386
v 0.01100074 0.0122764 -0.02964856
v 0.01251182 0.01076729 -0.03182596
v 0.01252678 0.01073282 -0.02432511
v 0.01385093 0.00894967 -0.0243649
v 0.01404377 0.00861597 -0.03539719
v 0.01492386 0.00704364 -0.02435792
v 0.01506848 0.00667533 -0.03848466
v 0.01571229 0.00499457 -0.04121226
v 0.01596632 0.00420912 -0.0243733
v 0.01605539 0.0037844 -0.04242316
v 0.01645062 0.00089386 -0.03895525
v 0.01647515 0.00040442 -0.04371079
v 0.0163916 0.00184053 -0.04337733
v 0.01648415 -0.00073141 -0.04081073
v 0.0163686 -0.00210033 -0.04367268
v -0.00292742 -0.01623879 -0.04087114
v -0.00286329 -0.01625538 -0.04359788
v -0.00046827 -0.01649353 -0.04085128
v -0.00038898 -0.01648841 -0.04368811
v 0.00235147 -0.01633795 -0.04087656
v 0.00175174 -0.01639245 -0.04367329
v 0.0038401 -0.01604043 -0.04368619
v 0.00509727 -0.01570313 -0.0408693
v 0.00587427 -0.01540275 -0.04367515
v 0.00770287 -0.01456423 -0.04074687
v 0.00775572 -0.01453769 -0.04374929
v 0.01011058 -0.01304427 -0.04086732
v 0.00960154 -0.01337237 -0.04376224
v 0.01126788 -0.0120469 -0.04368239
v 0.01162422 -0.01167663 -0.04078319
v 0.01316647 -0.00996203 -0.04087222
v 0.01311722 -0.00999731 -0.04368912
v 0.01425828 -0.00823041 -0.04376104
v 0.01466172 -0.00756838 -0.04084941
v 0.01497222 -0.0068944 -0.04367871
v 0.0157234 -0.00501531 -0.04086259
v 0.01577747 -0.00482533 -0.04366402
v 0.0161465 -0.00319695 -0.04072304
v 0.01648558 0.0004238 -0.02792693
v 0.0164613 0.00097712 -0.02906311
v 0.0164641 0.0007137 -0.02428775
v 0.01631566 0.00208914 -0.02422341
v 0.01645633 -0.00085609 -0.02428607
v 0.01647307 -0.00083643 -0.02719413
v 0.01623583 -0.00289258 -0.0271314
v 0.01623593 -0.00295284 -0.02435691
v 0.01574912 -0.00495593 -0.02708975
v 0.01569075 -0.00504942 -0.02432103
v 0.01487277 -0.00714466 -0.02433477
v 0.01462022 -0.00765407 -0.02717283
v 0.01343032 -0.00959267 -0.02433738
v 0.01309108 -0.01003162 -0.02718899
v 0.01153326 -0.01179629 -0.02432876
v 0.01166836 -0.01161034 -0.027264
v 0.01003276 -0.0130718 -0.02724726
v 0.0092883 -0.01364064 -0.02435549
v 0.0077229 -0.01455253 -0.027252
v 0.00677307 -0.01505575 -0.02436689
v 0.00586614 -0.01540754 -0.02717226
v 0.00456413 -0.01585058 -0.02437463
v -0.00038045 -0.01649676 -0.02435368
v -0.00029714 -0.01647395 -0.02724862
v 0.00243727 -0.01632178 -0.02435691
v 0.001765 -0.01638132 -0.02721698
v 0.00381335 -0.01604469 -0.02718975
v 0.00375513 -0.0002 -0.02
v 0.00213442 0.00786687 -0.02
v 0.00165384 0.00667329 -0.02
v 0.00476314 0.00275 -0.02
v 0.00457897 0.00314495 -0.02
v 0.00501309 0.00239303 -0.02
v 0.00649408 0.00153798 -0.02
v 0.00607315 0.00165077 -0.02
v 0.0056782 0.00183494 -0.02
v 0.00532123 0.00208489 -0.02
v 0.00909327 0.00275 -0.02
v 0.013 -0 -0.02
v 0.00927744 0.00314495 -0.02
v 0.01282079 0.00248184 -0.02000003
v 0.00939022 0.00356588 -0.02
v 0.00884331 0.00239303 -0.02
v 0.00853517 0.00208489 -0.02
v 0.0081782 0.00183494 -0.02
v 0.00778325 0.00165077 -0.02
v 0.00736232 0.00153798 -0.02
v 0.0069282 0.0015 -0.02
v 0.01152477 -0.00609 -0.02000005
v 0.01282701 -0.0023984 -0.02000003
v 0.00893962 -0.003207 -0.02
v 0.00933242 -0.00910011 -0.02000005
v 0.00847769 -0.00547397 -0.02
v 0.00750517 -0.00602668 -0.02
v 0.00483258 -0.00367795 -0.02
v 0.00537872 -0.00252603 -0.02
v 0.00668868 -0.00187489 -0.02
v 0.00794757 -0.00214091 -0.02
v 0.00897184 -0.00451367 -0.02
v 0.00642645 -0.00607888 -0.02
v 0.00460905 -0.01218587 -0.02
v 0.00508505 -0.00513024 -0.02
v 0.00702833 -0.0109363 -0.02
v 0.0025 -0.008 -0.02
v 0.00246202 -0.00843412 -0.02
v 0.00234923 -0.00885505 -0.02
v -0.00160697 -0.00991511 -0.02
v -0.00191511 -0.00960697 -0.02
v -0.00445394 -0.01224959 -0.02000001
v -0.00216506 -0.00925 -0.02
v 0.0019608 -0.01285963 -0.02
v 0.00216506 -0.00925 -0.02
v 0.00191511 -0.00960697 -0.02
v 0.00043412 -0.01046202 -0.02
v 0 -0.013 -0.02
v 0.00085505 -0.01034923 -0.02
v 0.00125 -0.01016506 -0.02
v 0.00160697 -0.00991511 -0.02
v -0 -0.0105 -0.02
v -0.00043412 -0.01046202 -0.02
v -0.0006929 -0.0129558 -0.02000013
v -0.00085505 -0.01034923 -0.02
v -0.00125 -0.01016506 -0.02
v -0.01038646 -0.00787396 -0.02000001
v -0.00773602 -0.01048991 -0.02000005
v -0.01274316 -0.00273237 -0.01999998
v -0.01182522 -0.0054004 -0.02
v -0.01299709 0.00088901 -0.02000002
v -0.00927744 0.00314495 -0.02
v -0.00939022 0.00356588 -0.02
v -0.01227651 0.00438139 -0.02000005
v -0.0094282 0.004 -0.02
v -0.00939022 0.00443412 -0.02
v -0.00927744 0.00485505 -0.02
v -0.01053665 0.00767375 -0.02000003
v -0.00474357 0.01213818 -0.02000003
v -0.00793677 0.01033984 -0.02000008
v 0.00073385 0.01003345 -0.02
v 0.00181235 0.00910034 -0.02
v 0.00199505 0.01285708 -0.02
v -0.00211971 0.00795325 -0.02
v -0.0017819 0.00918251 -0.02
v -0.00138874 0.01290695 -0.02000033
v -0.00061326 0.01004659 -0.02
v 0 0.013 -0.02
v 0 0.0101 -0.02
v 0.00555714 0.01182853 -0.02000007
v 0.01140468 0.00630933 -0.02000002
v 0.00939022 0.00443412 -0.02
v 0.0094282 0.004 -0.02
v 0.00909327 0.00525 -0.02
v 0.00927744 0.00485505 -0.02
v 0.00501309 0.00560697 -0.02
v 0.00532123 0.00591511 -0.02
v 0.0056782 0.00616506 -0.02
v 0.00607315 0.00634923 -0.02
v 0.00778325 0.00634923 -0.02
v 0.0081782 0.00616506 -0.02
v 0.00915516 0.00927708 -0.02000002
v 0.00853517 0.00591511 -0.02
v 0.00884331 0.00560697 -0.02
v 0.00649408 0.00646202 -0.02
v 0.0069282 0.0065 -0.02
v 0.00736232 0.00646202 -0.02
v 0.0044282 0.004 -0.02
v 0.00446618 0.00443412 -0.02
v 0.00457897 0.00485505 -0.02
v 0.00446618 0.00356588 -0.02
v -0.00501309 0.00560697 -0.02
v -0.00476314 0.00525 -0.02
v -0.00457897 0.00485505 -0.02
v -0.00302756 0.0012625 -0.02
v -0.00446618 0.00443412 -0.02
v -0.0044282 0.004 -0.02
v -0.00607315 0.00634923 -0.02
v -0.0056782 0.00616506 -0.02
v -0.00532123 0.00591511 -0.02
v -0.00909327 0.00525 -0.02
v -0.00884331 0.00560697 -0.02
v -0.00853517 0.00591511 -0.02
v -0.0081782 0.00616506 -0.02
v -0.00778325 0.00634923 -0.02
v -0.00736232 0.00646202 -0.02
v -0.0069282 0.0065 -0.02
v -0.00649408 0.00646202 -0.02
v -0.00532123 0.00208489 -0.02
v -0.0056782 0.00183494 -0.02
v -0.00853517 0.00208489 -0.02
v -0.00884331 0.00239303 -0.02
v -0.00909327 0.00275 -0.02
v -0.00501309 0.00239303 -0.02
v -0.00736232 0.00153798 -0.02
v -0.00778325 0.00165077 -0.02
v -0.0081782 0.00183494 -0.02
v -0.00607315 0.00165077 -0.02
v -0.00649408 0.00153798 -0.02
v -0.0069282 0.0015 -0.02
v -0.00446618 0.00356588 -0.02
v -0.00457897 0.00314495 -0.02
v -0.00476314 0.00275 -0.02
v 0.00191511 -0.00639303 -0.02
v 0.00216506 -0.00675 -0.02
v 0.00234923 -0.00714495 -0.02
v 0.00246202 -0.00756588 -0.02
v -0.00234923 -0.00714495 -0.02
v -0.00216506 -0.00675 -0.02
v -0.00191511 -0.00639303 -0.02
v -0.00160697 -0.00608489 -0.02
v -0.00125 -0.00583494 -0.02
v -0.00085505 -0.00565077 -0.02
v -0.00043412 -0.00553798 -0.02
v 0 -0.0055 -0.02
v 0.00043412 -0.00553798 -0.02
v 0.00085505 -0.00565077 -0.02
v 0.00125 -0.00583494 -0.02
v 0.00160697 -0.00608489 -0.02
v -0.00234923 -0.00885505 -0.02
v -0.00246202 -0.00843412 -0.02
v -0.0025 -0.008 -0.02
v -0.00172064 0.00673001 -0.02
v 0 0.0059 -0.02
v -0.00054358 0.00594587 -0.02
v 0.00476314 0.00525 -0.02
v -0.00246202 -0.00756588 -0.02
v 0.00063638 0.00595691 -0.02
v -0.00908954 -0.00405724 -0.02
v -0.00847769 -0.00252604 -0.02
v -0.00533446 -0.00260167 -0.02
v -0.00480309 -0.00376047 -0.02
v -0.00668868 -0.00612511 -0.02
v -0.00827364 -0.00569247 -0.02
v -0.00642645 -0.00192113 -0.02
v -0.00523573 -0.00534543 -0.02
v -0.00750517 -0.00197332 -0.02
v -0.03093444 0.00025359 -0.0275
v -0.03107391 0.00086379 -0.0255
v -0.03204861 0.00280756 -0.0275
v -0.03174834 0.00235302 -0.0255
v -0.03390102 0.00386034 -0.0275
v -0.03474642 0.00406556 -0.0255
v -0.03595571 0.00395976 -0.0275
v -0.03827741 0.00241903 -0.0275
v -0.03839409 0.0022524 -0.0255
v -0.03899253 0.00041195 -0.0275
v -0.038981 0.00023451 -0.0255
v -0.0388245 -0.00129725 -0.0275
v -0.03889159 -0.00121215 -0.0255
v -0.03766349 -0.0030357 -0.0275
v -0.03545624 -0.00404783 -0.0275
v -0.03525359 -0.00406556 -0.0255
v -0.03305835 -0.00354113 -0.0275
v -0.03184984 -0.00252707 -0.0255
v -0.03154791 -0.00209588 -0.0275
v -0.03107886 -0.00089548 -0.0255
v -0.03107391 -0.00086378 -0.0429
v -0.03107391 0.00086379 -0.0405
v -0.03107886 0.00089548 -0.0429
v -0.03204861 0.00280756 -0.04290001
v -0.03219245 0.0029514 -0.0405
v -0.03390102 0.00386034 -0.04290001
v -0.03402158 0.00389264 -0.0405
v -0.03595571 0.00395976 -0.04290001
v -0.03615221 0.00390711 -0.0405
v -0.03827741 0.00241903 -0.04290001
v -0.03839409 0.0022524 -0.0405
v -0.03896124 0.00046037 -0.0429
v -0.03900341 0.00028762 -0.0405
v -0.03889867 -0.00113746 -0.0429
v -0.03876359 -0.00146459 -0.0405
v -0.03766349 -0.0030357 -0.04290001
v -0.03752707 -0.00315017 -0.0405
v -0.03545624 -0.00404783 -0.04290001
v -0.03525359 -0.00406556 -0.0405
v -0.03336049 -0.0036636 -0.04290001
v -0.03290412 -0.00345209 -0.0405
v -0.03196431 -0.00266349 -0.04290001
v -0.03167675 -0.00225078 -0.0405
v -0.03107886 -0.00089548 -0.0405
v -0.0392502 -0.00678074 -0.02714192
v -0.03929632 -0.00675162 -0.0243581
v -0.04042356 -0.00585815 -0.02717861
v -0.0408706 -0.00542915 -0.0243017
v -0.04142401 -0.00477086 -0.02714469
v -0.04200006 -0.00386741 -0.02432966
v -0.04218621 -0.00350181 -0.02712602
v -0.04274942 -0.00201953 -0.02713519
v -0.04275065 -0.00199698 -0.02433686
v -0.04300962 -3.236E-05 -0.0270932
v -0.04298453 -0.00039734 -0.02437541
v -0.04292862 0.00103823 -0.02432526
v -0.04275517 0.00196893 -0.0271764
v -0.04241169 0.00304115 -0.02437584
v -0.04200006 0.00386742 -0.02717034
v -0.04142401 0.00477086 -0.02435532
v -0.04082523 0.00548885 -0.02716321
v -0.04025241 0.00596249 -0.02418696
v -0.03929632 0.00675162 -0.0271419
v -0.0392502 0.00678074 -0.02435808
v -0.03764347 -0.00753471 -0.04370251
v -0.03769285 -0.0075014 -0.04074293
v -0.03928405 -0.00672865 -0.04374949
v -0.03929632 -0.00675162 -0.0408581
v -0.04080805 -0.00550342 -0.04367616
v -0.04045754 -0.00583578 -0.04086211
v -0.04114924 -0.00505779 -0.04073802
v -0.04199779 -0.00382826 -0.04374975
v -0.04200006 -0.00386741 -0.04082967
v -0.04274258 -0.0020179 -0.04367641
v -0.04275065 -0.00199699 -0.04083686
v -0.04300962 -3.236E-05 -0.04359319
v -0.04300272 2.8E-05 -0.04085903
v -0.04275517 0.00196893 -0.0436764
v -0.04274942 0.00201953 -0.04086482
v -0.04201424 0.00383483 -0.04368486
v -0.04204005 0.00370894 -0.04071319
v -0.04142401 0.00477086 -0.04085533
v -0.04084205 0.00546729 -0.04367609
v -0.04025241 0.0059625 -0.04068696
v -0.03963866 0.00647202 -0.04376159
v -0.03925019 0.00678074 -0.04085809
v -0.03842284 0.00722823 -0.04366836
v -0.03712511 0.00023953 -0.044
v -0.04243961 -0.00195271 -0.04398839
v -0.04248147 0.00182522 -0.04398233
v -0.03669247 -0.00134543 -0.044
v -0.0409632 -0.0049012 -0.04398363
v -0.00782419 -0.00028772 -0.044
v -0.01000077 -0.00173216 -0.044
v -0.03287489 -0.00023953 -0.044
v -0.03541412 -0.00207939 -0.044
v -0.03431895 -0.00200786 -0.044
v -0.03340626 -0.00139833 -0.044
v -0.0107134 -0.00391652 -0.044
v -0.03330753 0.00134543 -0.044
v -0.03091314 0.00890629 -0.04397259
v 0.01616796 -0.00052648 -0.04399369
v -0.01011016 -0.00611162 -0.044
v -0.03825938 -0.00698321 -0.04398611
v -0.04171275 0.00376666 -0.04398149
v -0.03647397 0.00154948 -0.044
v -0.04056059 0.00533308 -0.04397709
v -0.03494276 0.00216133 -0.044
v -0.03807843 0.00710837 -0.04397565
v -0.0080084 -0.00766292 -0.044
v -0.00075761 -0.01616746 -0.04399117
v -0.0054012 -0.00750029 -0.044
v 0.00327885 -0.00491727 -0.044
v 0.00397492 -0.00636913 -0.044
v 0.00846524 -0.00743463 -0.044
v 0.00830751 -0.01388148 -0.04398418
v 0.00684473 -0.00778519 -0.044
v 0.00321501 -0.0032605 -0.044
v 0.00508326 -0.01537387 -0.04398786
v 0.00528511 -0.00738518 -0.044
v 0.01011016 -0.00188838 -0.044
v 0.0107134 -0.00408348 -0.044
v 0.01516757 -0.00584736 -0.04396749
v 0.01000077 -0.00626784 -0.044
v 0.01299113 -0.00968011 -0.04398215
v 0.01097126 -0.01191571 -0.04398142
v 0.00830126 -0.00047163 -0.044
v -0.00397492 -0.00163087 -0.044
v 0.00387978 -0.00179404 -0.044
v -0.00555515 -0.00047163 -0.044
v 0.0051079 -0.00068019 -0.044
v 0.00665857 -0.00024681 -0.044
v -0.00350851 -0.00569985 -0.044
v -0.00318602 -0.00342492 -0.044
v 0.00212511 0.00776047 -0.023
v 0.00169247 0.00934543 -0.023
v 0.00041412 0.01007939 -0.023
v -0.00085512 0.00996017 -0.023
v -0.00181235 0.00910034 -0.023
v -0.00213442 0.00786687 -0.023
v -0.00165384 0.00667329 -0.023
v -0.00076891 0.00602411 -0.023
v 0.00050175 0.00592113 -0.023
v 0.00159374 0.00660167 -0.023
v -0.00491679 -0.00479301 -0.023
v -0.00496804 -0.00314488 -0.023
v -0.00582787 -0.00218765 -0.023
v -0.00688146 -0.00188029 -0.023
v -0.00794757 -0.00214091 -0.023
v -0.00893962 -0.00320699 -0.023
v -0.00897184 -0.00451367 -0.023
v -0.00847769 -0.00547397 -0.023
v -0.00698544 -0.00616133 -0.023
v -0.00574655 -0.00574471 -0.023
v 0.00900759 -0.00441412 -0.023
v 0.00888837 -0.00314488 -0.023
v 0.00802854 -0.00218765 -0.023
v 0.00679507 -0.00186558 -0.023
v 0.00545424 -0.00245052 -0.023
v 0.00484882 -0.00358588 -0.023
v 0.00492034 -0.00468106 -0.023
v 0.00552987 -0.00559374 -0.023
v 0.00668868 -0.00612511 -0.023
v 0.00827364 -0.00569247 -0.023
v -0.04121485 0.00457212 -0.04051336
v -0.04251477 0.00184041 -0.04052586
v -0.03848333 0.0068827 -0.04051599
v -0.03122529 0.00871582 -0.04046763
v 0.00350851 -0.00569985 -0.0405
v -0.00408223 -0.00150298 -0.0405
v -0.00321501 -0.0032605 -0.0405
v 0.00540121 -0.00750029 -0.0405
v -0.00603222 -0.00028772 -0.0405
v -0.04252762 -0.00173915 -0.04052457
v 0.00317501 -0.00373037 -0.0405
v 0.00374625 -0.00188838 -0.0405
v -0.01045657 -0.00537305 -0.0405
v -0.01067039 -0.00342491 -0.0405
v -0.02839596 0.00701887 -0.04045674
v -0.00684473 -0.00778519 -0.0405
v -0.00260729 -0.01602051 -0.04052007
v -0.00528511 -0.00738518 -0.0405
v -0.00903982 -0.00718196 -0.0405
v -0.03840598 -0.00691254 -0.04051432
v -0.04182321 -0.0036148 -0.04052294
v -0.03994857 -0.00595427 -0.04052875
v 0.00684473 -0.00021481 -0.0405
v 0.01610164 -0.0009138 -0.04046468
v 0.00903982 -0.00081804 -0.0405
v 0.01045657 -0.00262695 -0.0405
v 0.0154738 -0.00485112 -0.04051647
v 0.01064048 -0.00489598 -0.0405
v 0.01441883 -0.00745733 -0.0405235
v 0.00963 -0.00661905 -0.0405
v 0.01272893 -0.01006951 -0.04051531
v 0.0080084 -0.00766292 -0.0405
v 0.00828258 -0.01386478 -0.04050878
v -0.00327885 -0.00491727 -0.0405
v -0.00397492 -0.00636913 -0.0405
v -0.031 -0 -0.0405
v -0.00988149 -0.00163087 -0.0405
v -0.00830126 -0.00047163 -0.0405
v 0.00341112 -0.01579934 -0.04050519
v 0.00528511 -0.00061482 -0.0405
v -0.0378073 -0.00709915 -0.02749362
v -0.0107134 -0.00391652 -0.0275
v -0.01011016 -0.00611162 -0.0275
v -0.03890827 0.00666803 -0.027484
v -0.03127122 0.00873605 -0.02753011
v -0.04197063 0.00335798 -0.02747538
v -0.04068926 0.00523468 -0.02747023
v -0.04227815 -0.00260798 -0.0274826
v -0.04272667 0.00074589 -0.02746187
v -0.03946237 -0.00634932 -0.02746731
v -0.04128441 -0.00453045 -0.02746549
v -0.0080084 -0.00766292 -0.0275
v -0.00174053 -0.01608332 -0.02749058
v -0.0054012 -0.00750029 -0.0275
v 0.00327885 -0.00491727 -0.0275
v 0.00397492 -0.00636913 -0.0275
v 0.00846524 -0.00743463 -0.0275
v 0.00952194 -0.01315361 -0.02748375
v 0.00684473 -0.00778519 -0.0275
v 0.00579282 -0.01510672 -0.02748323
v 0.00278375 -0.0159802 -0.02748473
v 0.00528511 -0.00738518 -0.0275
v 0.01011016 -0.00188838 -0.0275
v 0.01620272 -0.00115406 -0.0274765
v 0.0107134 -0.00408348 -0.0275
v 0.01594661 -0.00303028 -0.02746759
v 0.01437991 -0.00744004 -0.02748612
v 0.01000077 -0.00626784 -0.0275
v 0.01284248 -0.00986815 -0.02748215
v 0.00830126 -0.00047163 -0.0275
v -0.02824504 0.00681095 -0.02752106
v 0.00665857 -0.00024681 -0.0275
v 0.0051079 -0.00068019 -0.0275
v 0.00321501 -0.0032605 -0.0275
v -0.00350851 -0.00569985 -0.0275
v -0.00397492 -0.00163087 -0.0275
v 0.00387978 -0.00179404 -0.0275
v -0.00555515 -0.00047163 -0.0275
v -0.00318602 -0.00342492 -0.0275
v -0.00782419 -0.00028772 -0.0275
v -0.01000077 -0.00173216 -0.0275
v -0.00101535 0.01169169 -0.03464174
v -0.00310187 0.01020469 -0.03809263
v -0.00376651 0.00828649 -0.04172765
v 3.82E-06 0.01175115 -0.03423197
v 0.0154419 0.0052782 -0.04111067
v 0.00369938 0.00715127 -0.04149258
v 0.00341969 0.00969984 -0.03690253
v 0.00151154 0.01150364 -0.03419551
v -0.0139446 -1.439E-05 -0.02399081
v -0.01298481 0.00503757 -0.02399104
v -0.02961112 0.00221683 -0.024
v -0.0300043 0.00324604 -0.024
v -0.04034906 -0.00255486 -0.024
v -0.04269803 -0.00034998 -0.02400875
v -0.04181428 -0.0036436 -0.02402721
v -0.03974367 -0.00346015 -0.024
v 0.0065914 -0.01203174 -0.02396755
v 0.00373095 -0.01323282 -0.02398076
v 0.00534257 -0.01534225 -0.02403312
v -0.04034371 0.00253809 -0.024
v -0.04107279 0.00474015 -0.02401255
v -0.01173976 0.00711316 -0.02396005
v -0.00733723 -0.0116312 -0.02396908
v -0.01000815 -0.00936826 -0.02396329
v -0.01280204 -0.00547208 -0.02398985
v -0.00288937 -0.01588785 -0.02400962
v -0.0301129 -0.00335499 -0.024
v -0.03437527 -0.00583821 -0.024
v -0.03834689 -0.0069529 -0.02401617
v -0.03546196 -0.00590985 -0.024
v -0.0385025 0.00687265 -0.02401646
v -0.03562474 0.00583821 -0.024
v -0.03453804 0.00590985 -0.024
v -0.00289491 0.0158757 -0.02400782
v -0.03975428 0.00345948 -0.024
v -0.04002617 -0.00589498 -0.02402738
v -0.00571873 0.01272121 -0.02398993
v 0.0138455 -0.00172242 -0.02399222
v 0.01616313 8.73E-05 -0.02401409
v 0.01582502 0.00354281 -0.02402389
v 0.01352962 0.00240262 -0.02397264
v 0.01508065 0.00600311 -0.02401678
v 0.01194464 0.00676124 -0.02397022
v 0.0098273 0.00978241 -0.02398887
v 0.012356 0.01050791 -0.02402057
v 0.00606672 0.01255021 -0.02399131
v 0.0054279 0.01528918 -0.02401331
v 0.00033021 0.01403068 -0.02399335
v 0.00208598 0.01609695 -0.02401678
v 1.044E-05 -0.01623155 -0.02401678
v 0.00182244 -0.0135751 -0.02396463
v -0.0018308 -0.01357624 -0.02395907
v -0.0296316 -0.00237807 -0.024
v 0.00801569 -0.01412101 -0.0240258
v 0.01269966 -0.01011354 -0.02401762
v 0.00925292 -0.01005342 -0.02395385
v 0.01266948 -0.00554923 -0.02398288
v 0.01478673 -0.00666884 -0.02402282
v 0.01591726 -0.00329234 -0.02402791
v 0.00202392 -0.00822812 -0.0255
v 0.00202722 -0.00780523 -0.02050259
v 0.00161188 -0.00671864 -0.0255
v 0.00142775 -0.00654773 -0.02050259
v 5.451E-05 -0.00594159 -0.0255
v 0.00046436 -0.00604189 -0.02049954
v -0.00072588 -0.00606856 -0.02049891
v -0.00140378 -0.0065243 -0.0255
v -0.00194047 -0.00731368 -0.02050451
v -0.00202392 -0.00777188 -0.0255
v -0.00183835 -0.00887637 -0.02050259
v -0.00161188 -0.00928137 -0.0255
v -0.00073267 -0.0099257 -0.0204963
v -0.00022812 -0.01002392 -0.0255
v 0.00058141 -0.00994848 -0.02049975
v 0.00128136 -0.00961188 -0.0255
v 0.00167813 -0.00915387 -0.02050259
v -0.00489542 0.00412679 -0.0255
v -0.00489796 0.00383979 -0.02050259
v -0.00526997 0.00518228 -0.02050259
v -0.00535312 0.00526354 -0.0255
v -0.0063521 0.00595356 -0.0255
v -0.0062517 0.00590277 -0.0205015
v -0.00764976 0.00592765 -0.02050451
v -0.0079102 0.00580989 -0.0255
v -0.00878121 0.00484493 -0.02050259
v -0.00881 0.0047323 -0.0255
v -0.00890808 0.00352214 -0.0255
v -0.0089143 0.00363449 -0.0205015
v -0.00846546 0.00269041 -0.0205015
v -0.00800462 0.00224462 -0.0255
v -0.00760471 0.00209723 -0.0205015
v -0.00645035 0.00202012 -0.0255
v -0.00638437 0.0020374 -0.02050259
v -0.0052895 0.00279048 -0.0255
v -0.00537157 0.00271351 -0.0205015
v 0.00890857 0.0036056 -0.0255
v 0.00885585 0.00472156 -0.02050451
v 0.00879503 0.0048144 -0.0255
v 0.00797614 0.00572604 -0.0255
v 0.00777314 0.00585301 -0.02050259
v 0.00697272 0.00601877 -0.0255
v 0.00656269 0.0059861 -0.0205015
v 0.00595738 0.00577057 -0.0255
v 0.00547593 0.00542774 -0.02050259
v 0.00520216 0.00504794 -0.0255
v 0.00489796 0.00416021 -0.02050259
v 0.00489542 0.00387321 -0.0255
v 0.00526997 0.00281772 -0.02050259
v 0.00526658 0.00287461 -0.0255
v 0.00602162 0.00217616 -0.0255
v 0.00658927 0.00196983 -0.02050451
v 0.00740606 0.00202012 -0.0255
v 0.00811049 0.00234176 -0.02050259
v 0.00844605 0.00266826 -0.0255
v 0.00883097 0.00332349 -0.0205015
v 0.00364982 0.00709474 -0.02300001
v 0.00297975 0.00566256 -0.023
v 0.00142998 0.00448131 -0.02299998
v -0.00065966 0.00427132 -0.023
v -0.00249573 0.00514446 -0.02299999
v -0.00356576 0.00672916 -0.02300001
v -0.00372555 0.00868942 -0.02300001
v -0.00263208 0.01076693 -0.023
v -0.00032857 0.01179127 -0.02300002
v 0.0014788 0.01146063 -0.023
v 0.00287987 0.01048014 -0.02299998
v 0.00372064 0.00865605 -0.023
v -0 0.01175 -0.03423269
v -0.00352922 0.00663622 -0.04311959
v -0.00268645 0.0053502 -0.04364601
v -0.00098623 0.00431744 -0.04385443
v 0.00021482 0.00425867 -0.04381821
v 0.00162935 0.00459662 -0.04364518
v 0.00288308 0.00555022 -0.04309811
v 0.01064048 -0.00489598 -0.023
v 0.01045657 -0.00262695 -0.023
v 0.00903982 -0.00081804 -0.023
v 0.00684473 -0.00021481 -0.023
v 0.00528511 -0.00061482 -0.023
v 0.00397492 -0.00163087 -0.023
v 0.00318602 -0.00342492 -0.023
v 0.00350851 -0.00569985 -0.023
v 0.0051079 -0.00731981 -0.023
v 0.00701168 -0.00778519 -0.023
v 0.00919605 -0.00707257 -0.023
v -0.00321501 -0.0032605 -0.023
v -0.00408223 -0.00150298 -0.023
v -0.00603222 -0.00028772 -0.023
v -0.00830126 -0.00047163 -0.023
v -0.00988149 -0.00163087 -0.023
v -0.01067039 -0.00342491 -0.023
v -0.01045657 -0.00537305 -0.023
v -0.00903982 -0.00718196 -0.023
v -0.00684473 -0.00778519 -0.023
v -0.00528511 -0.00738518 -0.023
v -0.00397492 -0.00636913 -0.023
v -0.00327885 -0.00491727 -0.023
v 0.01563153 0.00449637 -0.04210684
v 0.01608469 0.00264155 -0.04336383
v 0.01591396 0.00345118 -0.04292343
v 0.01617895 0.00127344 -0.04385195
v 0 0.00425 -0.04382801
v -0.02773833 0.00978991 -0.04364833
v -0.02316415 0.01107803 -0.04236535
v -0.03352604 0.00154948 -0.04290001
v -0.03505724 0.00216133 -0.04290001
v -0.03654949 0.00147396 -0.04290001
v -0.0370586 0.00047014 -0.0429
v -0.0371 -0 -0.0429
v -0.039 -0 -0.0429
v -0.0370612 -0.0004535 -0.0429
v -0.03647397 -0.00154948 -0.04290001
v -0.03532205 -0.00209562 -0.04290001
v -0.0340481 -0.00191503 -0.04290001
v -0.03296655 -0.00073384 -0.0429
v -0.0329 -0 -0.0429
v -0.031 -0 -0.0429
v -0.0329388 0.00045349 -0.0429
v -0.00295195 -0.01606205 -0.04390025
v 0.01584164 -0.00357405 -0.04395568
v 0.00224972 -0.01608322 -0.04395568
v -0.02799038 0.00992832 -0.04349555
v -0.0428551 6.51E-06 -0.04388436
v 0 -0.006 -0.0205
v 0 -0.0055 -0.02
v -0 -0.01 -0.0205
v -0 -0.0105 -0.02
v -0.03438116 -0.00584707 -0.0255
v -0.03013009 -0.00335874 -0.0255
v -0.031 -0 -0.0255
v -0.02962687 -0.0023876 -0.0255
v -0.02965629 0.00253809 -0.0255
v -0.03547381 -0.00589684 -0.0255
v -0.03975428 -0.00345948 -0.0255
v -0.04034371 -0.0025381 -0.0255
v -0.039 -0 -0.0255
v -0.04034906 0.00255486 -0.0255
v -0.03974367 0.00346015 -0.0255
v -0.03561885 0.00584707 -0.0255
v -0.0345262 0.00589684 -0.0255
v -0.03024571 0.00345947 -0.0255
v 0.01296295 -0.00126984 -0.02328759
v 0.013 -0 -0.02
v 0.01264021 -0.00318131 -0.02326469
v 0.0118475 -0.00546724 -0.02333819
v 0.01053464 -0.00768942 -0.02329409
v 0.00883391 -0.00958306 -0.02326158
v 0.00745266 -0.01070026 -0.02336834
v 0.00575155 -0.01169905 -0.0232802
v 0.00357783 -0.01256728 -0.02343123
v 0.00214817 -0.01284649 -0.02319509
v -0.00030157 -0.01302987 -0.02325635
v -0.00400146 -0.01240738 -0.02327969
v -0.00217051 -0.01283997 -0.02328153
v -0.00603147 -0.01158486 -0.02345047
v -0.00738017 -0.01074614 -0.02327905
v -0.00932087 -0.009123 -0.02329469
v -0.01052429 -0.0076958 -0.02336451
v -0.0115395 -0.00607245 -0.02327502
v -0.01249466 -0.00372595 -0.02328291
v -0.01288365 -0.00190905 -0.02328648
v -0.01303606 -7.07E-06 -0.0232643
v -0.01279136 0.00254622 -0.02329342
v -0.01204831 0.00497279 -0.02326397
v -0.01115805 0.00679086 -0.0234503
v -0.01014172 0.00818818 -0.02326257
v -0.00935315 0.00914552 -0.02344794
v -0.00735346 0.01075246 -0.02320178
v -0.00522687 0.01194389 -0.02328126
v -0.00344612 0.01255777 -0.0232813
v -0.00157687 0.01293653 -0.02325387
v 0.00029019 0.01301896 -0.0232817
v 0.00217716 0.01286743 -0.02336024
v 0.00575982 0.01169099 -0.02325512
v 0.00400141 0.01239232 -0.02328188
v 0.00740769 0.01072469 -0.0233591
v 0.00885994 0.00955757 -0.02325425
v 0.0112228 0.00663468 -0.023282
v 0.0101456 0.008163 -0.02328053
v 0.01204107 0.00496431 -0.02328509
v 0.01265024 0.00313743 -0.02325839
v 0.01302859 0.00066649 -0.02330003
v 0.01310423 0.00251282 -0.02373128
v 0.00858879 0.010129 -0.02372087
v 0.00582287 0.01189053 -0.02364328
v -0.00164551 0.01313708 -0.02364328
v -0.00757427 0.01099752 -0.02378891
v -0.01228108 0.00494627 -0.02364328
v -0.01331276 0.00135478 -0.02380578
v -0.01121354 -0.00724373 -0.02377809
v 0.00095349 -0.01331937 -0.02378891
v 0.00905302 -0.00966092 -0.02364328
v 0.01296371 -0.00323461 -0.02378579
v 0.01269569 0.00445809 -0.0238475
v 0.01145925 0.00675849 -0.02370787
v 0.0100555 0.00890392 -0.02383432
v 0.00289068 0.01318046 -0.02385083
v -0.00029623 0.0134959 -0.02388416
v -0.00289528 0.01314049 -0.0238475
v -0.00536081 0.01231481 -0.02383432
v -0.01287881 0.00382814 -0.02383155
v -0.01336025 -0.00121674 -0.02382287
v -0.01298599 -0.00342461 -0.02382374
v -0.01238855 -0.00522006 -0.02384358
v -0.00905575 -0.0097765 -0.02370436
v -0.00448928 -0.01266622 -0.02382854
v -0.00158748 -0.01320876 -0.02370786
v 0.00591069 -0.0119187 -0.02370787
v 0.01086397 -0.00789728 -0.02383432
v 0.01219054 -0.00564882 -0.02383155
v 0.0134152 -0.00065223 -0.02383432
v 0.00656471 0.01187632 -0.0238881
v -0.00964173 0.00960394 -0.02392746
v 0.00789163 0.01427063 -0.02408218
v 0.01402956 0.00833129 -0.02409067
v 0.0103293 -0.0126304 -0.02409043
v -0.00045954 0.01631035 -0.02409067
v 0.01037822 0.01252651 -0.02405479
v 0.0025622 -0.01611441 -0.02409067
v -0.04256489 -0.0018667 -0.02407411
v -0.04254328 0.00191754 -0.02406258
v -0.04186407 0.00373824 -0.0240904
v -0.02806083 0.00852235 -0.03891777
v -0.02880162 0.00909197 -0.03880778
v -0.02880283 0.00907328 -0.02909513
v 0.01611124 -0.00077591 -0.02759563
v -0.02797577 0.00752785 -0.02785666
v 0.01606167 -1.004E-05 -0.02804789
v -0.027419 0.00801547 -0.0285119
v -0.02818349 0.00820945 -0.02833787
v -0.02921756 0.00900872 -0.02841791
v -0.02997657 0.00893792 -0.02789891
v 0.01602724 0.00038351 -0.03941803
v 0.01607076 -9.458E-05 -0.04000901
v -0.02796666 0.00767565 -0.04004665
v -0.02820747 0.00823107 -0.03965134
v -0.02953069 0.00896612 -0.03984981
v -0.02919736 0.00911511 -0.03946417
v -0.03033416 0.00896125 -0.04021901
v -0.00292065 -0.01607972 -0.02738744
v -0.04279501 -0.00083846 -0.02739432
v -0.03761897 0.00737782 -0.02740156
v 0.01557843 -0.00498019 -0.02738418
v -0.03142867 0.00891484 -0.02744277
v 0.01634086 -0.00031794 -0.02767598
v 0.01633004 0.00023215 -0.02814638
v 0.01630132 0.00067842 -0.02897893
v -0.02889154 0.00936076 -0.02920363
v -0.02914807 0.00939376 -0.0286217
v -0.02961684 0.00922 -0.02813257
v -0.03043721 0.00912266 -0.02767546
v -0.02959291 0.00947225 -0.02800838
v -0.02882349 0.00966748 -0.02906735
v -0.02887938 0.00954486 -0.03882625
v 0.01616993 0.00054065 -0.03913034
v 0.01632262 0.00041999 -0.03959395
v 0.01639689 0.00015473 -0.04003434
v 0.01632852 -0.00086642 -0.04057531
v -0.02896875 0.00928442 -0.03905954
v -0.03157791 0.00895675 -0.04062312
v -0.02980215 0.00919845 -0.03999979
v -0.02914043 0.00960005 -0.03954516
v -0.03003204 0.00938805 -0.04031642
v 0.00997311 -0.01294391 -0.04060551
v 0.00513442 -0.01548714 -0.0405907
v 0.00225634 -0.01618383 -0.04060551
v -0.00041082 -0.01631089 -0.0405907
v -0.04281545 -7.2E-06 -0.04059014
v -0.075 0.0198 0.00635
v -0.075 0.0325 0.00635
v -0.075 0.0198 -0.00635
v -0.075 0.0325 -0.00635
v -0.06775839 0.0198 -0.00249479
v -0.06912972 0.0198 -0.00184463
v -0.06982881 0.0198 -0.00053989
v -0.069875 0.0198 0
v -0.06982572 0.0198 0.00055968
v -0.06635702 0.0198 0.00233353
v -0.06495592 0.0198 0.00090861
v -0.01975 0.0198 0.00635
v -0.01975 0.0198 -0.00635
v -0.06495422 0.0198 -0.00087361
v -0.06624179 0.0198 -0.0022798
v -0.02839969 0.0198 -0.00228975
v -0.02942338 0.0198 -0.00151189
v -0.02985078 0.0198 -0.00028771
v -0.06921963 0.0198 0.00175472
v -0.02553038 0.0198 -0.00175473
v -0.02708985 0.0198 -0.00252989
v -0.06487501 0.0198 0
v -0.029875 0.0198 0
v -0.02981166 0.0198 0.00071091
v -0.02721651 0.0198 0.00254098
v -0.02562028 0.0198 0.00184463
v -0.0249212 0.0198 0.00053986
v -0.067868 0.0198 0.00247546
v -0.0288869 0.0198 0.00204838
v -0.024875 0.0198 0
v -0.02492429 0.0198 -0.00055968
v -0.01975 0.0325 0.00635
v -0.01975 0.0325 -0.00635
v -0.06643096 0.0325 0.00239454
v -0.068393 0.0325 0.00233353
v -0.06979409 0.0325 0.00090862
v -0.069875 0.0325 0
v -0.0249212 0.0325 -0.00053986
v -0.024875 0.0325 -0
v -0.06635702 0.0325 -0.00233353
v -0.06495592 0.0325 -0.0009086
v -0.02986313 0.0325 -0.00014655
v -0.0294963 0.0325 -0.00140775
v -0.06495422 0.0325 0.00087361
v -0.06921963 0.0325 -0.00175472
v -0.067868 0.0325 -0.00247546
v -0.02878274 0.0325 0.00212131
v -0.02980725 0.0325 0.0007576
v -0.029875 0.0325 0
v -0.06487501 0.0325 -0
v -0.06982572 0.0325 -0.00055969
v -0.02492429 0.0325 0.00055967
v -0.02553038 0.0325 0.00175473
v -0.02708985 0.0325 0.00252989
v -0.02562028 0.0325 -0.00184463
v -0.02829037 0.0325 -0.00235224
v -0.02699162 0.0325 -0.00249479
v 0.01975 0.0198 0.00635
v 0.01975 0.0325 0.00635
v 0.01975 0.0198 -0.00635
v 0.01975 0.0325 -0.00635
v 0.075 0.0198 0.00635
v 0.06982881 0.0198 0.00053989
v 0.069875 0.0198 -0
v 0.075 0.0198 -0.00635
v 0.06979579 0.0198 -0.00087363
v 0.029875 0.0198 -0
v 0.06655901 0.0198 -0.00244115
v 0.06495592 0.0198 -0.00090861
v 0.06912972 0.0198 0.00184463
v 0.02708985 0.0198 0.00252989
v 0.02839969 0.0198 0.00228975
v 0.02942338 0.0198 0.00151189
v 0.02985078 0.0198 0.00028771
v 0.06850823 0.0198 -0.0022798
v 0.0288869 0.0198 -0.00204838
v 0.02981166 0.0198 -0.00071091
v 0.0249212 0.0198 -0.00053986
v 0.024875 0.0198 0
v 0.02492429 0.0198 0.00055968
v 0.06624179 0.0198 0.0022798
v 0.06495422 0.0198 0.00087361
v 0.02562028 0.0198 -0.00184463
v 0.02553038 0.0198 0.00175473
v 0.02721651 0.0198 -0.00254098
v 0.06775839 0.0198 0.00249479
v 0.06487501 0.0198 0
v 0.075 0.0325 0.00635
v 0.075 0.0325 -0.00635
v 0.0249212 0.0325 0.00053986
v 0.024875 0.0325 0
v 0.02492429 0.0325 -0.00055967
v 0.02553038 0.0325 -0.00175473
v 0.02708985 0.0325 -0.00252989
v 0.06979409 0.0325 -0.00090862
v 0.069875 0.0325 -0
v 0.06982572 0.0325 0.00055969
v 0.06495422 0.0325 -0.00087361
v 0.06643096 0.0325 -0.00239454
v 0.068393 0.0325 -0.00233353
v 0.06921963 0.0325 0.00175472
v 0.06487501 0.0325 0
v 0.02878274 0.0325 -0.00212131
v 0.02980725 0.0325 -0.0007576
v 0.029875 0.0325 -0
v 0.06495592 0.0325 0.0009086
v 0.02986313 0.0325 0.00014655
v 0.0294963 0.0325 0.00140775
v 0.02562028 0.0325 0.00184463
v 0.06635702 0.0325 0.00233353
v 0.02829037 0.0325 0.00235224
v 0.02699162 0.0325 0.00249479
v 0.067868 0.0325 0.00247546
v 0.01675029 0.02820327 -0.00873982
v 0.01670196 0.02798942 -0.00300059
v 0.0167683 0.03279609 -0.00859521
v 0.01674883 0.03427861 -0.00284377
v 0.01676989 0.03394054 -0.00769596
v 0.00732588 0.0189698 -0.00953975
v 0.00159847 0.01898197 -0.01009527
v 0.00786758 0.01903788 -0.00314139
v -0.00777436 0.0190326 -0.00308683
v -0.00764737 0.01900024 -0.00935677
v -0.01676473 0.03428206 -0.00301385
v -0.0166839 0.02804575 -0.00276437
v -0.01675981 0.03416733 -0.00686941
v -0.01674838 0.02820025 -0.00873147
v -0.01677344 0.03240611 -0.00871254
v -0.01677661 0.03326833 -0.00839942
v 0.00869669 0.01916592 -0.00915114
v 0.01173992 0.02038443 -0.00268723
v 0.01200066 0.02045434 -0.00873868
v 0.01050763 0.01977251 -0.00270594
v 0.01048451 0.01967826 -0.00884364
v 0.00934162 0.01940206 -0.00265755
v 0.01535395 0.02399921 -0.00267709
v 0.01553506 0.0241446 -0.00873015
v 0.01459756 0.02286367 -0.00270251
v 0.01461564 0.02278927 -0.00873109
v 0.01378249 0.02197305 -0.00265733
v 0.0134303 0.0215097 -0.00872843
v 0.01286322 0.02110893 -0.00287142
v 0.0163585 0.02642325 -0.00267233
v 0.01641113 0.02625707 -0.00874297
v 0.01597655 0.02519326 -0.00286828
v -0.01651221 0.02673084 -0.00873129
v -0.01622651 0.02587497 -0.00271587
v -0.01602875 0.02517616 -0.0087271
v -0.01539286 0.02406681 -0.00267711
v -0.01522316 0.02364746 -0.00873134
v -0.01464955 0.02289504 -0.0028772
v -0.01424271 0.02232399 -0.00872579
v -0.01377738 0.02196792 -0.00265735
v -0.01297528 0.02114601 -0.00873086
v -0.01288738 0.02115325 -0.00270254
v -0.01181859 0.02034514 -0.0087327
v -0.01176148 0.02040219 -0.00267733
v -0.01057162 0.01977838 -0.00287224
v -0.01054051 0.01971574 -0.00884223
v -0.00938626 0.01941446 -0.00265755
v -0.00933887 0.0193008 -0.00911706
v -0.01695818 0.03460359 -0.00682433
v -0.0170971 0.03479065 -0.00302265
v -0.01738354 0.03494229 -0.00678863
v -0.01733771 0.0349805 -0.00275808
v 0.01748642 0.03499266 -0.00296369
v 0.01746282 0.03495866 -0.00681613
v 0.01708097 0.03477408 -0.00302748
v 0.0168683 0.03449478 -0.007
v 0.03475 0.03283871 -0.00939604
v 0.03475 0.02008983 -0.00743475
v 0.03475 0.01831772 -0.00943656
v 0.03475 0.03341936 -0.00584525
v 0.03475 0.03361639 -0.0065134
v 0.03475 0.03491557 -0.00731264
v 0.03475 0.03328244 -0.0072209
v 0.03475 0.03416144 -0.00854524
v 0.03475 0.03226564 -0.00745494
v 0.03475 0.01879505 -0.00595901
v 0.03475 0.01480259 -0.00669811
v 0.03475 0.01874219 -0.00682762
v 0.03475001 0.01481475 0.00696445
v 0.03475 0.01894108 0.00578413
v 0.03475 0.01867079 0.00642275
v 0.03475 0.01921459 -0.00733528
v 0.03475 0.0166497 -0.00894244
v 0.03475 0.01527112 -0.00791246
v 0.03474998 0.01586636 0.00852757
v 0.03475 0.01896215 0.00715189
v 0.03475 0.01824773 0.0094366
v 0.03475 0.03336216 0.00577931
v 0.03475 0.03499482 0.006775
v 0.03475 0.03361639 0.00638661
v 0.03475 0.03137571 -0.00652626
v 0.03475 0.02092004 -0.00653584
v 0.03475 0.03445805 0.00826428
v 0.03475 0.0333172 0.00720752
v 0.03475 0.01958594 0.00746196
v 0.03475 0.02031537 0.00727213
v 0.03475 0.0321725 0.00742804
v 0.03475 0.03278929 0.00939594
v 0.03475 0.01966713 0.00516849
v 0.03475 0.01966425 -0.00518019
v 0.03475 0.02099315 0.00650739
v 0.03475 0.03134888 0.00652639
v 0.03475 0.03268642 -0.00523152
v 0.03475 0.0326574 0.00515686
v -0.01743573 0.02745808 0.00943039
v -0.01744377 0.0323813 0.00940014
v -0.03475 0.03283871 0.00939604
v -0.01664228 0.02487382 0.00942035
v -0.03475 0.01831772 0.00943656
v -0.02217822 0.00606733 0.00945436
v -0.01518679 0.02234918 0.00942031
v -0.01375442 0.02073159 0.00944304
v 0.01743573 0.02745808 -0.00943039
v 0.01744377 0.0323813 -0.00940014
v 0.01632606 0.02368739 -0.00944174
v 0.02194005 0.00584842 -0.00947004
v 0.01761526 0.01409724 -0.00948484
v 0.01273727 0.02006625 -0.00942241
v 0.01024917 -0.00954936 -0.01600127
v 0.00924511 -0.01056105 0.0160023
v 0.00714221 -0.01208612 -0.016
v 0.00553267 -0.01290252 0.016
v 0.00307451 -0.01369791 -0.016
v 0.00129183 -0.01397915 0.016
v -0 -0.014 -0.016
v -0.00307451 -0.01369791 0.016
v -0.00345445 -0.01360707 -0.016
v -0.00714221 -0.01208612 0.016
v -0.00747573 -0.01188272 -0.016
v -0.01024917 -0.00954936 0.01600127
v -0.01055235 -0.00923257 -0.01600033
v -0.00487999 -0.01052277 -0.02000026
v 0.0048532 -0.000425 -0.02
v 0.01150875 0.00078331 -0.02000009
v 0.01063076 0.00447772 -0.02000017
v 0.00860086 0.00768693 -0.02000014
v 0.00488002 0.01052283 -0.0200002
v 0.00167572 0.0080768 -0.02
v 0.00113251 0.00927945 -0.02000003
v -0.00131569 0.00907859 -0.01999999
v -0.00167027 0.0078334 -0.02
v -0.00443674 0.01071723 -0.02000024
v 0.00016975 0.01153404 -0.02000017
v -0.00014653 0.00967482 -0.02
v -0.00181887 0.00039063 -0.02
v -0.00900262 0.0073137 -0.02000051
v -0.01113944 0.002996 -0.02000017
v -0.01150879 -0.00078331 -0.02000005
v -0.00860089 -0.00768696 -0.0200001
v -0.01063056 -0.00447764 -0.02000038
v -0.00720438 -0.00567872 -0.01999999
v -0.00594875 -0.00536317 -0.02
v -0.00543504 -0.00318985 -0.02
v -0.00659471 -0.00233915 -0.01999999
v -0.00830535 -0.00496436 -0.02
v -0.00531601 -0.00446199 -0.02
v -0.00860253 -0.00365901 -0.02000003
v -0.00783265 -0.00258724 -0.02
v 0.00071645 -0.0115769 -0.02000048
v 0 -0.0105 -0.02
v 0.00461951 -0.01053139 -0.02
v 0.01113944 -0.002996 -0.02000017
v 0.00852011 -0.00339983 -0.01999999
v 0.00761902 -0.00247018 -0.02
v 0.00548001 -0.00311196 -0.02
v 0.00532313 -0.00454167 -0.01999999
v 0.00652217 -0.00237281 -0.02
v 0.00615684 -0.00548962 -0.02
v 0.00695039 -0.00920623 -0.02000019
v 0.00747003 -0.00562051 -0.02000003
v 0.00956307 -0.00645063 -0.02000017
v 0.00845191 -0.00471054 -0.02
v 0.00276955 0.0028375 -0.02
v 0.0002506 0.0063198 -0.02
v 0.0011537 0.00681315 -0.02
v 0.00148311 0.00726558 -0.02
v -0.00111543 0.00672251 -0.02
v 0 -0.0055 -0.02
v 0.01247913 0.0012192 -0.016
v 0.01232952 0.00205743 -0.019
v 0.01150897 0.00498049 -0.0190043
v 0.01140711 0.0052051 -0.016
v 0.00986426 0.00767766 -0.019
v 0.00986426 0.00767766 -0.016
v 0.00775138 0.00985787 -0.0190043
v 0.00755489 0.01000693 -0.016
v 0.00413055 0.01184061 -0.0190043
v 0.00389631 0.0119178 -0.016
v 6.21E-05 0.01254025 -0.0190043
v -0.00018451 0.01253719 -0.016
v -0.00401309 0.01188094 -0.0190043
v -0.00424534 0.01179798 -0.016
v -0.00765337 0.00993415 -0.0190043
v -0.00784611 0.00978027 -0.016
v -0.00986426 0.00767766 -0.019
v -0.00986426 0.00767766 -0.016
v -0.01145908 0.00509422 -0.0190043
v -0.01155534 0.00486716 -0.016
v -0.01249229 0.00109745 -0.0190043
v -0.01232952 0.00205743 -0.016
v -0.01247913 -0.0012192 -0.016
v -0.01232952 -0.00205743 -0.019
v -0.01150897 -0.00498049 -0.0190043
v -0.01140711 -0.0052051 -0.016
v -0.00986426 -0.00767766 -0.019
v -0.00986426 -0.00767766 -0.016
v -0.00775138 -0.00985787 -0.0190043
v -0.00755489 -0.01000693 -0.016
v -0.00413055 -0.01184061 -0.0190043
v -0.00389631 -0.0119178 -0.016
v -6.21E-05 -0.01254025 -0.0190043
v 0.00018451 -0.01253719 -0.016
v 0.00401309 -0.01188094 -0.0190043
v 0.00424534 -0.01179798 -0.016
v 0.00765337 -0.00993415 -0.0190043
v 0.00784611 -0.00978027 -0.016
v 0.00986426 -0.00767766 -0.019
v 0.00986426 -0.00767766 -0.016
v 0.01145908 -0.00509422 -0.0190043
v 0.01155534 -0.00486716 -0.016
v 0.01249229 -0.00109745 -0.0190043
v 0.01232952 -0.00205743 -0.016
v -0.01379944 -0.00242817 -0.01600002
v -0.01161592 -0.00784162 -0.01599783
v -0.01295566 -0.00540116 -0.01599962
v 0.01081873 0.00898183 -0.01600017
v 0.00721591 0.0120685 -0.01600017
v 0.00338511 0.01361765 -0.01600007
v 0.01234742 -0.00674806 -0.01599873
v 0.01375671 -0.00276628 -0.01600007
v 0.01399153 0.00139829 -0.01600016
v 0.0129524 0.00539767 -0.01600007
v 0.00048865 0.01400292 -0.01600002
v -0.00312225 0.0137102 -0.01600017
v -0.00639112 0.01246892 -0.01600002
v -0.00940258 0.01045512 -0.01600017
v -0.0140237 0.00048519 -0.01600007
v -0.01201292 0.00725184 -0.01600007
v -0.01345077 0.00399704 -0.01600006
v 0.01140711 -0.0052051 0.016
v 0.01390456 -0.00188755 0.01600006
v 0.01247913 -0.0012192 0.016
v 0.01129181 -0.00832141 0.01599441
v 0.01295566 -0.00540117 0.01599962
v 0.00986426 -0.00767766 0.016
v 0.00755489 -0.01000693 0.016
v -0.00018451 -0.01253719 0.016
v 0.00389631 -0.0119178 0.016
v -0.01247913 0.0012192 0.016
v -0.01389366 0.00196615 0.01600006
v -0.01389339 -0.00216602 0.01600017
v -0.01232952 -0.00205743 0.016
v -0.00986426 -0.00767766 0.016
v -0.00784611 -0.00978027 0.016
v -0.00424534 -0.01179798 0.016
v -0.01234742 -0.00674806 0.01599873
v -0.01155534 -0.00486716 0.016
v -0.01081872 0.00898183 0.01600017
v -0.01140711 0.0052051 0.016
v -0.00986426 0.00767766 0.016
v 0.00784611 0.00978027 0.016
v 0.00750404 0.01189149 0.01600017
v 0.00424534 0.01179798 0.016
v 0.0036736 0.01354268 0.01600006
v -0.0129524 0.00539767 0.01600007
v -0.00755489 0.01000693 0.016
v -0.00823401 0.01133673 0.01600002
v -0.00389631 0.0119178 0.016
v -0.00507653 0.01311285 0.01600017
v 0.00986426 0.00767766 0.016
v 0.01061736 0.00917448 0.01600007
v 0.01155534 0.00486716 0.016
v 0.0125837 0.00620888 0.01600006
v 0.01232952 0.00205743 0.016
v 0.01388092 0.00224454 0.01600017
v 0.00018451 0.01253719 0.016
v -0.00042673 0.01405475 0.01600017
v 0.01250254 -0.00097368 0.0190043
v 0.01232952 0.00205743 0.019
v 0.01145908 0.00509422 0.0190043
v 0.00986426 0.00767766 0.019
v 0.00765338 0.00993415 0.0190043
v 0.00401308 0.01188094 0.0190043
v -6.21E-05 0.01254025 0.0190043
v -0.00413055 0.01184061 0.0190043
v -0.00775138 0.00985787 0.0190043
v -0.00986426 0.00767766 0.019
v -0.01150897 0.00498049 0.0190043
v -0.01250254 0.00097368 0.0190043
v -0.01232952 -0.00205743 0.019
v -0.01145908 -0.00509422 0.0190043
v -0.00986426 -0.00767766 0.019
v -0.00765338 -0.00993415 0.0190043
v -0.00401308 -0.01188094 0.0190043
v 6.21E-05 -0.01254025 0.0190043
v 0.00413055 -0.01184061 0.0190043
v 0.00775138 -0.00985787 0.0190043
v 0.00986426 -0.00767766 0.019
v 0.01150897 -0.00498049 0.0190043
v 0 0.01 0.02
v 0.00071642 0.01157636 0.02000102
v -0.00259675 0.0096912 0.02
v -0.00487972 0.01052219 0.0200009
v -0.005 0.00866025 0.02
v -0.00709445 0.00709445 0.02
v -0.00860078 0.00768685 0.02000025
v -0.00866025 0.005 0.02
v -0.01063068 0.00447769 0.02000025
v -0.0096912 0.00259675 0.02
v -0.01150858 0.0007833 0.02000025
v -0.01 0 0.02
v -0.0096912 -0.00259675 0.02
v -0.01113935 -0.00299598 0.02000025
v -0.00866025 -0.005 0.02
v -0.009563 -0.00645058 0.02000025
v -0.00709445 -0.00709445 0.02
v -0.00613987 -0.00984023 0.0200009
v -0.005 -0.00866025 0.02
v -0.00259675 -0.0096912 0.02
v -0.00071642 -0.01157636 0.02000102
v -0 -0.01 0.02
v 0.00259675 -0.0096912 0.02
v 0.00487972 -0.01052219 0.0200009
v 0.005 -0.00866025 0.02
v 0.00709445 -0.00709445 0.02
v 0.00860078 -0.00768685 0.02000025
v 0.00866025 -0.005 0.02
v 0.01063068 -0.00447769 0.02000025
v 0.0096912 -0.00259675 0.02
v 0.01150858 -0.0007833 0.02000025
v 0.01 0 0.02
v 0.0096912 0.00259675 0.02
v 0.01113935 0.00299598 0.02000025
v 0.00866025 0.005 0.02
v 0.009563 0.00645058 0.02000025
v 0.00709445 0.00709445 0.02
v 0.00613987 0.00984023 0.0200009
v 0.005 0.00866025 0.02
v 0.00259675 0.0096912 0.02
v 0.00982036 0.00193747 -0.00930202
v 0.00917267 0.00384894 -0.00975454
v 0.00760155 0.006456 -0.0097044
v 0.00857414 0.00500166 -0.00981179
v 0.00610998 0.0079053 -0.00929596
v 0.00335513 0.00939183 -0.0097044
v 0.00492459 0.00861863 -0.00981179
v 0.00063441 0.00997442 -0.00952256
v -0.00193747 0.00982036 -0.00930202
v -0.00384894 0.00917267 -0.00975454
v -0.006456 0.00760155 -0.0097044
v -0.00500166 0.00857414 -0.00981179
v -0.0079053 0.00610998 -0.00929596
v -0.00947342 0.00323228 -0.00930202
v -0.00861863 0.00492459 -0.00981179
v -0.00986823 0.00125305 -0.00975454
v -0.00981113 -0.00179028 -0.0097044
v -0.00992625 -4.45E-05 -0.00981179
v -0.0089553 -0.0044378 -0.00952256
v -0.00753594 -0.00658808 -0.00930203
v -0.00601929 -0.00791961 -0.00975454
v -0.00323228 -0.00947342 -0.00930202
v -0.00492459 -0.00861863 -0.00981179
v -0.00125305 -0.00986823 -0.00975454
v 0.00193747 -0.00982036 -0.00930202
v 4.45E-05 -0.00992625 -0.00981179
v 0.00384894 -0.00917267 -0.00975454
v 0.006456 -0.00760155 -0.0097044
v 0.00500166 -0.00857414 -0.00981179
v 0.0083209 -0.00553662 -0.00952256
v 0.00947342 -0.00323228 -0.00930202
v 0.00992625 4.45E-05 -0.00981179
v 0.00986823 -0.00125305 -0.00975454
v -0.00682166 0.00276976 -0.01199008
v -0.00667823 -0.00235614 -0.01200158
v -0.00577009 -0.00278255 -0.012
v 0.00538808 -0.00332812 -0.012
v 0.00390264 0.00647754 -0.0119767
v 0.00147242 0.00723558 -0.01198382
v 0.00700677 -0.00232081 -0.01199157
v 0.00099454 0.00664569 -0.01200113
v -0.00494876 0.00576114 -0.01197756
v 0.00605485 -0.00258222 -0.012
v -0.0002506 0.0063198 -0.012
v 0.00693154 0.0032652 -0.01196143
v -0.00137258 0.00703797 -0.01200735
v -0.0052602 -0.00380302 -0.012
v 0.00537443 -0.00466152 -0.01200749
v -0.00543089 -0.00472121 -0.01199681
v -0.00365584 -0.00649579 -0.01198363
v 0.00046687 -0.00751448 -0.01198101
v 0.02986386 0.00994354 0.00409936
v 0.03136845 0.01143902 0.00261097
v 0.03082917 0.01090303 -0.00330686
v 0.02891548 0.00900091 -0.00454159
v 0.02230773 0.00245777 0.00698808
v 0.01767238 -0.00214448 0.009451
v 0.02361947 0.00373708 0.00301215
v 0.03201426 0.01208098 0.00112881
v 0.03206578 0.01213221 -0.00114308
v 0.02488615 0.00499605 -0.00409936
v 0.02336805 0.00348717 -0.002598
v 0.02246163 0.00261227 -0.00696288
v 0.02688582 0.00698357 -0.00474113
v 0.02266463 0.00278802 -0.00083063
v 0.02270956 0.00283268 0.00100463
v 0.02583452 0.00593866 0.00454159
v 0.02786419 0.007956 0.00474113
v 0.01798118 -0.00184817 -0.00905755
v 0.01251534 -0.00727454 0.01447094
v 0.01222931 -0.00756516 -0.01463748
v 0.01733771 0.0349805 0.00275808
v 0.01738354 0.03494229 0.00678863
v -0.03475 0.03498464 0.00714583
v -0.01745681 0.03495498 0.00682715
v -0.01748075 0.03499004 0.00297104
v -0.01601612 0.0349985 0.00149763
v -0.01512898 0.03499924 0.00126239
v -0.01575759 0.03499478 -0.00142786
v 0.01601612 0.0349985 -0.00149763
v 0.01512236 0.03499924 -0.00126114
v 0.01575759 0.03499478 0.00142786
v 0.01512885 0.03499894 0.00126111
v -0.01682864 0.03499732 -0.00209552
v -0.0151391 0.03499894 -0.001263
v 0.01682852 0.03499711 0.00209557
v -0.01695588 0.03498865 0.00224178
v 0.01695588 0.03498865 -0.00224177
v -0.03475 0.03492359 -0.00733779
v 0.01667673 0.02801182 0.00275147
v 0.01674838 0.02820025 0.00873147
v 0.0167628 0.03427859 0.00300857
v 0.01675534 0.03339821 0.00815357
v 0.0167607 0.03416691 0.00690112
v -0.00732707 0.01897026 0.0095383
v -0.00159847 0.01898197 0.01009527
v -0.00786757 0.01903787 0.00314139
v 0.00777436 0.0190326 0.00308683
v 0.00765648 0.01900215 0.0093525
v -0.01675029 0.02820327 0.00873982
v -0.01670196 0.02798942 0.00300059
v -0.01675511 0.03382729 0.00783119
v -0.01674883 0.03427861 0.00284377
v -0.01676961 0.03424993 0.00688414
v -0.03475 0.01824773 -0.0094366
v -0.03475 0.01896215 -0.00715189
v -0.03475 0.01958594 -0.00746196
v -0.03475 0.0333172 -0.00720752
v -0.03475 0.03360494 -0.00611565
v -0.03475001 0.01481475 -0.00696445
v -0.03475 0.01895145 -0.00576937
v -0.03475 0.01867079 -0.00642275
v -0.03474998 0.01586636 -0.00852757
v -0.03475 0.03341936 0.00584525
v -0.03475 0.03361639 0.0065134
v -0.03475 0.02031537 -0.00727213
v -0.03475 0.03221017 -0.00743475
v -0.03475 0.03278929 -0.00939594
v -0.03475 0.03409525 -0.00861144
v -0.03475 0.03226564 0.00745494
v -0.03475 0.01879505 0.00595901
v -0.03475 0.01480259 0.00669811
v -0.03475 0.01874219 0.00682762
v -0.03475 0.01527112 0.00791246
v -0.03475 0.01966425 0.00518019
v -0.03475 0.02008983 0.00743475
v -0.03475 0.01921459 0.00733528
v -0.03475 0.0166497 0.00894244
v -0.03475 0.03268642 0.00523152
v -0.03475 0.03267778 -0.00522736
v -0.03475 0.03328244 0.0072209
v -0.03475 0.03416144 0.00854524
v -0.03475 0.01967441 -0.00513236
v -0.03475 0.03138152 -0.00653642
v -0.03475 0.02099315 -0.00650739
v -0.03475 0.02092004 0.00653584
v -0.03475 0.03137571 0.00652626
v -0.02230773 0.00245777 -0.00698808
v -0.01767238 -0.00214448 -0.009451
v -0.02361947 0.00373708 -0.00301215
v -0.02986386 0.00994354 -0.00409936
v -0.03136845 0.01143902 -0.00261097
v -0.03082917 0.01090303 0.00330686
v -0.02891548 0.00900091 0.00454159
v -0.02488615 0.00499605 0.00409936
v -0.02336805 0.00348717 0.002598
v -0.02246163 0.00261227 0.00696288
v -0.02266463 0.00278802 0.00083063
v -0.02270956 0.00283268 -0.00100463
v -0.02583452 0.00593866 -0.00454159
v -0.03201426 0.01208098 -0.00112881
v -0.03206578 0.01213221 0.00114308
v -0.02688582 0.00698357 0.00474113
v -0.02786419 0.007956 -0.00474113
v -0.01251534 -0.00727454 -0.01447094
v -0.01798118 -0.00184817 0.00905755
v -0.01222931 -0.00756516 0.01463748
v 0.01746442 0.03239455 0.00940352
v 0.01739514 0.02753741 0.00942259
v 0.01610507 0.02369376 0.00942188
v 0.01261057 0.01972158 0.00944324
v 0.01690072 0.0150047 0.00948645
v 0.02172025 0.00636184 0.00948351
v -0.01746442 0.03239455 -0.00940352
v -0.01739153 0.02686925 -0.0094324
v -0.01526909 0.02203285 -0.00944343
v -0.01216317 0.01973522 -0.00943445
v -0.01847526 0.0130157 -0.00948172
v -0.02190107 0.00571321 -0.00946709
v 0.0145721 -0.00246255 -0.01434577
v 0.01477946 3.974E-05 -0.01434418
v 0.01623936 0.00058584 -0.01245149
v -0.01392364 0.00495645 -0.01434419
v -0.01103454 0.00968768 -0.01456305
v -0.00183034 0.01438312 -0.01489018
v 0.00877642 0.01189153 -0.01434418
v 0.01166274 0.00864105 -0.01490123
v -0.01088549 0.01919781 -0.00950524
v -0.01386313 0.0167238 -0.00958843
v -0.01711912 -0.00100538 -0.01159327
v -0.01587783 0.00012633 -0.01285666
v -0.01513204 -0.00329218 -0.01331502
v -0.01334703 -0.00602829 -0.01456808
v 0.01212632 -0.00749792 -0.01530346
v 0.0133432 -0.00600295 -0.01459368
v 0.02084264 0.00390991 -0.00965643
v 0.01919455 0.00694646 -0.00988811
v 0.00832603 0.01857294 -0.00989958
v 0.00783884 0.01707334 -0.01059002
v 0.00416938 0.01871931 -0.01034621
v -0.00530031 0.01734493 -0.01092892
v -0.00787599 0.01867744 -0.0098913
v -0.0042034 0.01864092 -0.01039539
v 0.0139848 -0.00473867 -0.0143706
v 0.00600116 0.01340144 -0.01456304
v -0.01441804 -0.00288947 -0.01451635
v -0.01477945 4.385E-05 -0.01434419
v 0.00377012 0.01501244 -0.01333857
v 0.00305715 0.01417315 -0.01489019
v 0.01615096 -0.00194594 -0.01242314
v 0.01783225 0.00102011 -0.01112437
v 0.00639465 0.01594199 -0.01160003
v 0.00695268 0.01381354 -0.0133344
v 0.00360846 0.01678964 -0.01160328
v 0.0006964 0.01711991 -0.01163736
v 0.00076473 0.01551256 -0.01324982
v 3.49E-05 0.0147862 -0.01435498
v -0.01781164 0.00048166 -0.01113818
v -0.01658907 0.00218134 -0.01202152
v 0.0159099 0.00341262 -0.01242546
v 0.01447624 0.00303904 -0.01435301
v -0.0019636 0.01622667 -0.01233855
v -0.0021678 0.01752334 -0.01126587
v -0.0031618 0.01520616 -0.01324982
v -0.00543817 0.01533381 -0.01242788
v -0.00431826 0.0141346 -0.01434418
v -0.01922781 0.002455 -0.0102777
v -0.01729199 0.00375435 -0.01125811
v -0.0152351 0.00265425 -0.01333441
v -0.01428294 0.00249435 -0.01489019
v 0.0176449 0.0060214 -0.01069529
v 0.01932256 0.00234999 -0.01023434
v 0.01691287 0.00518432 -0.01126049
v 0.00090811 0.01870198 -0.01058482
v -0.00217734 0.01884792 -0.01038471
v -0.0089542 0.01641651 -0.01064076
v -0.00840147 0.01522948 -0.01146163
v -0.00664085 0.01320352 -0.01434419
v 0.00948634 0.01431004 -0.01162283
v -0.00966189 0.01891919 -0.00963817
v -0.01082661 0.01656539 -0.01013966
v -0.00846239 0.01398387 -0.01233855
v 0.01457054 0.00518197 -0.01333441
v 0.01079727 0.01892998 -0.00956507
v 0.01289176 0.01578731 -0.00990693
v 0.01178806 0.01455879 -0.01062227
v 0.0099756 0.01235178 -0.01288917
v -0.00917963 0.0124454 -0.0133344
v -0.00860178 0.01167192 -0.01489018
v -0.02082704 0.00399818 -0.00967687
v -0.0188443 0.00776719 -0.00990693
v -0.01681891 0.00623199 -0.0110347
v -0.01532556 0.00545546 -0.01241512
v 0.013203 0.00599209 -0.01489018
v 0.01535612 0.00770585 -0.01160853
v 0.01348751 0.00756575 -0.01333441
v 0.01649238 0.01109457 -0.01011977
v 0.01748788 0.01171966 -0.00974936
v 0.01383605 0.01018598 -0.01160854
v 0.01507109 0.01112559 -0.01062227
v 0.01201786 0.00973265 -0.0133344
v 0.01191938 0.01237413 -0.01160854
v 0.01019463 0.01068512 -0.01434082
v -0.01154168 0.01211533 -0.01202008
v -0.01199368 0.01366048 -0.01090128
v -0.0111476 0.01071842 -0.0133344
v -0.01539543 0.01257254 -0.01011977
v -0.01628203 0.01334435 -0.00974936
v -0.0141263 0.01144135 -0.01090128
v -0.01346407 0.00926712 -0.01233854
v -0.01264044 0.00710236 -0.01489018
v -0.01348523 0.0075698 -0.0133344
v -0.01585397 0.00889428 -0.01090129
v 0.01090809 0.01918389 0.00951426
v 0.00966189 0.01891919 0.00963817
v 0.01168912 0.01674603 0.00990352
v 0.01334703 -0.00602829 0.01456808
v 0.01513204 -0.00329218 0.01331502
v 0.01410763 -0.00352078 0.01479814
v -0.01212632 -0.00749792 0.01530346
v -0.0133432 -0.00600295 0.01459368
v -0.01439933 -0.0032766 0.0143973
v -0.01584362 -0.00243669 0.01267084
v -0.02003528 0.0039295 0.00988817
v -0.01929593 0.00208644 0.01023288
v -0.01848759 0.00507982 0.01038351
v -0.00832584 0.01857363 0.00989929
v -0.00712319 0.01734174 0.01059719
v -0.0041683 0.01871897 0.01034661
v 0.00219132 0.01703158 0.01160385
v 0.00218708 0.01884782 0.01038433
v -0.00090811 0.01870198 0.01058482
v -0.0006964 0.01711991 0.01163736
v 0.00420469 0.01864086 0.01039524
v 0.00530031 0.01734493 0.01092892
v 0.00787606 0.01867874 0.00989047
v 0.00884504 0.01592498 0.01089316
v -0.01805709 0.01311739 0.00952554
v -0.01175071 0.01944834 0.00945373
v -0.02148703 0.00588523 0.00951687
v 0.0178769 0.01120343 0.00975214
v 0.02082705 0.00399818 0.00967687
v -0.01841721 0.01019718 0.00974936
v -0.01339536 0.01541793 0.0099003
v -0.01011388 0.01874343 0.00967046
v 0.01539542 0.01257254 0.01011977
v 0.01794154 0.00709618 0.01032274
v 0.01922781 0.002455 0.0102777
v -0.01649238 0.01109457 0.01011977
v 0.01199368 0.01366048 0.01090128
v 0.0141263 0.01144135 0.01090128
v 0.01585397 0.00889428 0.01090129
v -0.01617404 0.00835712 0.01089703
v -0.01412403 0.01144416 0.01090128
v -0.01199096 0.01366286 0.01090128
v -0.00951419 0.0154899 0.01090128
v 0.01628022 0.00508272 0.01172729
v 0.01729199 0.00375435 0.01125811
v 0.01781164 0.00048166 0.01113818
v -0.01783225 0.00102011 0.01112437
v -0.01691288 0.00518432 0.01126049
v -0.00639465 0.01594199 0.01160003
v -0.00360846 0.01678964 0.01160328
v -0.01659538 0.00214126 0.01202008
v -0.0155232 0.00624673 0.01202008
v -0.01299606 0.00981174 0.01241683
v -0.01073339 0.01222412 0.01241512
v -0.00851735 0.01385964 0.01241512
v 0.00467289 0.01566285 0.01233854
v 0.00664028 0.01485523 0.01242546
v 0.01020438 0.01269352 0.01242043
v 0.01263895 0.01024166 0.01241512
v 0.01418557 0.00796268 0.01241512
v 0.016256 0.00082439 0.01241765
v 0.01711912 -0.00100538 0.01159327
v -0.01547843 7.223E-05 0.01331421
v -0.0152359 0.00264966 0.01333441
v -0.01457054 0.00518197 0.01333441
v -0.01348751 0.00756575 0.01333441
v -0.00516023 0.01459794 0.01334028
v -0.0011835 0.01543331 0.01333855
v 0.00195846 0.01534008 0.0133344
v 0.00700988 0.01371392 0.01341812
v 0.01456898 0.00518636 0.01333441
v 0.0152351 0.00265425 0.01333441
v -0.01159178 0.00925801 0.01425275
v -0.01024168 0.01066495 0.01435497
v -0.00829573 0.01223985 0.01435497
v -0.00365434 0.01422175 0.01456305
v 0.00431826 0.0141346 0.01434418
v 0.00877311 0.01189398 0.01434419
v 0.01065387 0.01024349 0.01434419
v 0.01186665 0.00879117 0.01434083
v 0.01288792 0.00723432 0.01434419
v 0.01483439 0.00014488 0.01425275
v 0.01464492 -0.0013025 0.0144831
v -0.01444981 -0.00119462 0.01489019
v -0.01439422 0.0018691 0.01490123
v -0.01366286 0.0048529 0.01489018
v -0.01264835 0.00708826 0.01489018
v -0.00652389 0.01294848 0.01489018
v -0.00062232 0.01448575 0.01489018
v 0.00183034 0.01438312 0.01489018
v 0.00650945 0.01295575 0.01489018
v 0.01365744 0.00486812 0.01489019
v 0.01428294 0.00249435 0.01489019
v -0.02662607 0.0197 0.00253962
v -0.01965 0.01969113 0.00497758
v -0.01965 0.01966647 -0.00517769
v -0.0254018 0.0197 -0.00173127
v -0.02480052 0.0197 -0.00051272
v -0.02950531 0.0197 0.00157237
v -0.0299994 0.0197 5.787E-05
v -0.02958116 0.0197 -0.00146406
v -0.02832698 0.0197 -0.00244634
v -0.02821821 0.0197 0.00248593
v -0.02675379 0.0197 -0.00257384
v -0.02502214 0.0197 0.0012766
v -0.01965 0.03267779 0.00522736
v -0.01965 0.03268642 -0.00523152
v -0.01965 0.02092004 -0.00653584
v -0.01965 0.03137737 -0.00652779
v -0.01965 0.0209243 0.00652626
v -0.01965 0.03137997 0.00653584
v -0.01965 0.03360494 0.00611565
v -0.01965 0.03221017 0.00743475
v -0.01965 0.0333172 0.00720752
v -0.01965 0.0192 0.00558397
v -0.01965 0.01879505 -0.00595901
v -0.01965 0.01872322 -0.00673805
v -0.01965 0.02023821 -0.00732769
v -0.01965 0.01928515 -0.00740714
v -0.01965 0.01866367 0.00633071
v -0.01965 0.02033177 0.00723754
v -0.01965 0.01967275 0.00747921
v -0.01965 0.01896215 0.00715189
v -0.01965 0.03358475 -0.00606017
v -0.01965 0.03335752 -0.0071672
v -0.01965 0.03226564 -0.00745494
v 0.01965 0.01966367 0.00518035
v 0.02480052 0.0197 0.00051272
v 0.01965 0.01969113 -0.00497758
v 0.02502214 0.0197 -0.0012766
v 0.0254018 0.0197 0.00173127
v 0.02662607 0.0197 -0.00253962
v 0.02950531 0.0197 -0.00157237
v 0.0299994 0.0197 -5.787E-05
v 0.02675379 0.0197 0.00257384
v 0.02821821 0.0197 -0.00248593
v 0.02958116 0.0197 0.00146406
v 0.02832698 0.0197 0.00244634
v 0.01965 0.03267779 -0.00522736
v 0.01965 0.0326764 0.00519888
v 0.01965 0.03134888 -0.00652639
v 0.01965 0.0209243 -0.00652626
v 0.01965 0.03130686 0.00650739
v 0.01965 0.02092004 0.00653584
v 0.01965 0.03192931 0.00721215
v 0.01965 0.03334856 0.00576937
v 0.01965 0.0336413 0.00651248
v 0.01965 0.03320475 0.00726936
v 0.01965 0.03360494 -0.00611565
v 0.01965 0.0321725 -0.00742804
v 0.01965 0.0333172 -0.00720752
v 0.01965 0.03253661 0.00746639
v 0.01965 0.0192 -0.00558397
v 0.01965 0.01866367 -0.00633071
v 0.01965 0.01879505 0.00595901
v 0.01965 0.01896215 -0.00715189
v 0.01965 0.01967275 -0.00747921
v 0.01965 0.02033177 -0.00723754
v 0.01965 0.01872322 0.00673805
v 0.01965 0.02023821 0.00732769
v 0.01965 0.01928515 0.00740714
v 0.01651221 0.02673084 0.00873129
v 0.01622651 0.02587497 0.00271587
v 0.01602875 0.02517616 0.0087271
v 0.01539286 0.0240668 0.00267711
v 0.01464956 0.02289504 0.0028772
v 0.01535425 0.02379608 0.00889134
v 0.01176148 0.02040218 0.00267733
v 0.01181859 0.02034514 0.0087327
v 0.01337747 0.02154026 0.00271377
v 0.01297528 0.02114601 0.00873086
v 0.01424271 0.02232399 0.00872579
v 0.01057162 0.01977838 0.00287224
v 0.01054051 0.01971574 0.00884223
v 0.00938626 0.01941446 0.00265755
v 0.00933887 0.0193008 0.00911706
v -0.00869669 0.01916592 0.00915114
v -0.01173992 0.02038444 0.00268723
v -0.01200066 0.02045434 0.00873868
v -0.01050762 0.01977251 0.00270594
v -0.01048451 0.01967826 0.00884364
v -0.00934162 0.01940206 0.00265754
v -0.01535395 0.02399921 0.00267709
v -0.01553506 0.0241446 0.00873015
v -0.01459756 0.02286367 0.00270251
v -0.01461564 0.02278926 0.00873109
v -0.01378249 0.02197305 0.00265733
v -0.0134303 0.0215097 0.00872843
v -0.01286322 0.02110893 0.00287142
v -0.0163585 0.02642325 0.00267233
v -0.01641113 0.02625707 0.00874297
v -0.01597655 0.02519326 0.00286828
v 0.02223438 0.0053693 0.00936361
v 0.02295721 0.0044995 0.00876654
v 0.02349841 0.00398033 0.00772036
v 0.0168188 -0.00277448 0.01084157
v 0.02162344 0.00216878 0.00824037
v 0.01981975 0.0004848 0.0090896
v 0.01690506 -0.00198961 0.01145576
v 0.0190727 0.00049143 0.01008213
v 0.0209714 0.00255584 0.00921809
v 0.01964096 0.00194017 0.01001009
v 0.02351332 0.0039961 -0.00771967
v 0.02316047 0.00445695 -0.00856494
v 0.02261526 0.00507673 -0.00916767
v 0.0175769 -0.00061484 -0.01120524
v 0.01981739 0.0017636 -0.00985162
v 0.01743668 -0.00151036 -0.01097761
v 0.0213762 0.00271701 -0.00899342
v 0.01986575 0.00090069 -0.00940352
v 0.01669974 -0.00291378 -0.01089365
v 0.02065105 0.00107767 -0.00833272
v -0.02256024 0.00502139 -0.00917504
v -0.02310944 0.00440822 -0.00857309
v -0.02349841 0.00398033 -0.00772036
v -0.0168188 -0.00277448 -0.01084157
v -0.02162344 0.00216878 -0.00824037
v -0.01981975 0.0004848 -0.0090896
v -0.01690506 -0.00198961 -0.01145576
v -0.0190727 0.00049143 -0.01008213
v -0.0209714 0.00255584 -0.00921809
v -0.01964096 0.00194017 -0.01001009
v -0.02351332 0.0039961 0.00771967
v -0.02316047 0.00445695 0.00856494
v -0.02261526 0.00507673 0.00916767
v -0.0175769 -0.00061484 0.01120524
v -0.02095692 0.00377793 0.00958213
v -0.01981739 0.0017636 0.00985162
v -0.01743668 -0.00151036 0.01097761
v -0.0213762 0.00271701 0.00899342
v -0.01986575 0.00090069 0.00940352
v -0.01669974 -0.00291378 0.01089365
v -0.02065105 0.00107767 0.00833272
v 0.01745613 0.03470549 0.00770882
v 0.01745614 0.03411179 0.00855824
v 0.01745614 0.03326337 0.00915337
v -0.01745614 0.03470336 0.00771338
v -0.01745614 0.03410823 0.00856179
v -0.01745614 0.03325882 0.00915549
v 0.01745614 0.03470336 -0.00771338
v 0.01745614 0.03410823 -0.00856179
v 0.01745614 0.03325882 -0.00915549
v -0.01745613 0.03470549 -0.00770882
v -0.01745614 0.03411179 -0.00855824
v -0.01745614 0.03326337 -0.00915337
v -0.00939437 0.01899342 0.00954847
v -0.01156181 0.01977811 0.009272
v -0.01627708 0.025075 0.00915735
v -0.01516636 0.02305563 0.00915734
v -0.01364642 0.02128138 0.00920805
v -0.01702609 0.02759414 0.00921407
v -0.01680199 0.03267777 0.00873485
v -0.01700589 0.03278095 0.00905346
v 0.01199041 0.01999756 0.00928283
v 0.01068543 0.01951839 0.00924357
v -0.01704226 0.03467644 0.00701088
v -0.01698938 0.034034 0.00820938
v 0.01371007 0.02122986 0.00928422
v 0.01518306 0.02283984 0.00929325
v 0.01676093 0.02613193 0.00926768
v 0.01701698 0.0281531 0.00916337
v -0.01708098 0.03477409 0.00302757
v 0.01686522 0.032329 0.00896061
v -0.01704582 0.03279658 -0.00909282
v -0.01703682 0.03392776 -0.00836406
v -0.01690972 0.03432823 -0.00758385
v 0.01691066 0.03317593 0.00875897
v 0.01703682 0.03392776 0.00836406
v 0.01690972 0.03432823 0.00758385
v 0.01695818 0.03460359 0.00682433
v -0.01710153 0.02758945 -0.00928269
v 0.0170971 0.03479065 0.00302265
v -0.01626567 0.02504743 -0.00915735
v -0.01544688 0.02322751 -0.00927767
v -0.01371007 0.02122986 -0.00928422
v -0.01136016 0.01978011 -0.0091705
v 0.01698938 0.034034 -0.00820938
v 0.01696778 0.03275383 -0.00902275
v 0.01702609 0.02759414 -0.00921407
v 0.01156181 0.01977811 -0.009272
v 0.01368777 0.02123393 -0.00926768
v 0.01526081 0.02296811 -0.00928422
v 0.01638861 0.02501066 -0.00928422
v 0.00939437 0.01899342 -0.00954847
v -0.00187777 0.00961433 -0.01016954
v -0.0006551 0.00954744 -0.01058562
v 0.00062071 0.00957357 -0.01055386
v -0.00146266 0.00880571 -0.01133464
v -0.00303587 0.00881664 -0.01093405
v -0.00738736 -0.00643337 -0.01016954
v -0.00727918 -0.00566903 -0.01105435
v -0.00839005 -0.00484453 -0.01034772
v -0.00604782 -0.00684921 -0.01116137
v -0.00601083 -0.00540519 -0.0118151
v 0.00926514 -0.00318096 -0.01016954
v 0.00858383 -0.00389436 -0.01077746
v 0.00839053 -0.00484376 -0.01034768
v 0.0083573 -0.00313615 -0.01133464
v 0.00915337 -0.00177918 -0.01093405
v -0.00927543 0.00315903 -0.01015711
v -0.00736047 0.00646812 -0.01015712
v 0.00192194 0.00961902 -0.01013338
v 0.00646812 0.00736047 -0.01015712
v 0.00961227 0.00190192 -0.01015711
v 0.00736936 -0.00647395 -0.01013338
v 0.00190192 -0.00961227 -0.01015711
v -0.00315903 -0.00927543 -0.01015711
v -0.00929129 -0.00314507 -0.01013337
v 0.00725915 -0.00567862 -0.01106698
v 0.00612137 -0.00702225 -0.0109446
v 0.0042309 -0.00804956 -0.01119705
v 0.00297194 -0.0088158 -0.01095983
v 0.0012035 -0.00920922 -0.01095506
v -0.00062795 -0.00928206 -0.01095983
v -0.00203811 -0.00886755 -0.01119202
v -0.0040763 -0.00819748 -0.01114163
v 0.00302077 0.00881239 -0.0109446
v 0.00465141 0.00803881 -0.01095505
v 0.00614874 0.00698168 -0.01095983
v 0.00774622 0.00515237 -0.01095983
v 0.0088158 0.00297194 -0.01095983
v 0.00928461 0.00058898 -0.01095982
v -0.00854741 -0.0034473 -0.01106698
v -0.00914214 -0.00179014 -0.0109446
v -0.00928206 0.00062795 -0.01095983
v -0.00886755 0.00203811 -0.01119202
v -0.0083352 0.00413223 -0.01095983
v -0.00698168 0.00614874 -0.01095983
v -0.00515237 0.00774622 -0.01095983
v 0.00144826 0.00882739 -0.01129986
v 0.00562315 -0.00651988 -0.0115531
v 0.00108129 -0.00854129 -0.01157293
v 0.00283481 0.0081297 -0.01155312
v 0.00522577 0.00664085 -0.01167614
v 0.00715914 0.00473948 -0.01156867
v 0.00832708 0.00218691 -0.01157293
v 0.00856494 -0.00059812 -0.01156867
v -0.00857356 -0.0010749 -0.0115541
v -0.00749288 0.00377013 -0.01169636
v -0.0064309 0.00568853 -0.01156867
v -0.00435658 0.00746048 -0.01155079
v 0.00604626 -0.00541506 -0.01179895
v 0.00339762 -0.00713373 -0.0119016
v -0.00164769 -0.00799683 -0.01178183
v -0.00414709 -0.00706209 -0.0117836
v 0.00166644 0.0079437 -0.01179896
v 0.00777517 -0.00256969 -0.01176984
v -0.00757618 -0.0024473 -0.01186658
v -0.00787281 0.00099146 -0.01189529
v -0.00376232 0.00718744 -0.01181141
v -0.00167152 0.00795694 -0.01179451
v 0.00771639 -0.00018118 -0.01193534
v 0.02686228 0.0148 0.00257448
v 0.02821821 0.0148 0.00248593
v 0.02950531 0.0148 0.00157237
v 0.0299994 0.0148 5.787E-05
v 0.02958116 0.0148 -0.00146406
v 0.02832698 0.0148 -0.00244634
v 0.02675379 0.0148 -0.00257384
v 0.0254018 0.0148 -0.00173127
v 0.02469906 0.0148 -7.086E-05
v 0.02545659 0.0148 0.00182491
v -0.02675379 0.0148 0.00257384
v -0.0254018 0.0148 0.00173127
v -0.02469906 0.0148 7.086E-05
v -0.02545659 0.0148 -0.00182491
v -0.02686228 0.0148 -0.00257448
v -0.02821821 0.0148 -0.00248593
v -0.02950531 0.0148 -0.00157237
v -0.0299994 0.0148 -5.787E-05
v -0.02958116 0.0148 0.00146406
v -0.02832698 0.0148 0.00244634
v -0.03108813 0.0148 0.00302816
v -0.03208312 0.01479994 0.00089007
v -0.02372065 0.0148 0.00311602
v -0.02583452 0.0148 0.00454159
v -0.02786419 0.0148 0.00474113
v -0.02945625 0.0148 0.00428789
v -0.0227695 0.0148 0.00123406
v -0.02262517 0.0148 -0.00041554
v -0.02308113 0.01480001 -0.0020836
v -0.0246088 0.0148 -0.00395054
v -0.02688582 0.0148 -0.00474113
v -0.02891548 0.0148 -0.00454159
v -0.03077904 0.01480006 -0.00335011
v -0.03193137 0.01479997 -0.0014897
v 0.03108813 0.0148 -0.00302816
v 0.03208312 0.01479994 -0.00089007
v 0.02372065 0.0148 -0.00311602
v 0.02583452 0.0148 -0.00454159
v 0.02786419 0.0148 -0.00474113
v 0.02945625 0.0148 -0.00428789
v 0.0227695 0.0148 -0.00123406
v 0.02262517 0.0148 0.00041554
v 0.02308113 0.01480001 0.0020836
v 0.0246088 0.0148 0.00395054
v 0.02688582 0.0148 0.00474113
v 0.02891548 0.0148 0.00454159
v 0.03077904 0.01480006 0.00335011
v 0.03193137 0.01479997 0.0014897
v -0.0144544 0.02560756 0.00126677
v 0.01477821 0.02646703 0.00126292
v 0.00905108 0.02094901 0.00126357
v 0.01234321 0.02266259 0.00128212
v -0.0090708 0.02089228 0.00127009
v -0.01258563 0.0228144 0.00127269
v 0.00906123 0.02087934 -0.00127277
v 0.01472341 0.02618719 -0.00126667
v -0.0150036 0.02696165 -0.00127267
v -0.00904858 0.02095732 -0.00126193
v 0.01249811 0.0227545 -0.00127084
v -0.01233758 0.02266856 -0.00127964
v 0.01643083 0.03436379 -0.0021072
v 0.01583184 0.03445578 -0.00152654
v 0.01586134 0.02812665 -0.00156433
v 0.01651658 0.02805631 -0.00236571
v 0.00769559 0.01920087 -0.00243464
v 0.01276084 0.02176393 -0.0017641
v 0.01578031 0.02587878 -0.00194337
v 0.00765725 0.019593 -0.00185204
v 0.00978011 0.02019103 -0.00170024
v 0.01142813 0.02096541 -0.00170159
v 0.01387321 0.02293632 -0.00173439
v 0.01481867 0.02438091 -0.00170158
v 0.01524535 0.02599355 -0.00149618
v 0.00760234 0.02016205 -0.00144054
v -0.00769371 0.01923342 -0.0023657
v -0.00762335 0.01988866 -0.00156433
v -0.01557259 0.02490363 -0.00217621
v -0.01624831 0.02795741 -0.0019585
v -0.01439739 0.02312416 -0.00209797
v -0.00987121 0.01996969 -0.00194337
v -0.01583457 0.02720536 -0.00165002
v -0.01286374 0.02197136 -0.00170024
v -0.01136909 0.02093133 -0.00170158
v -0.01456731 0.02437378 -0.00151688
v -0.00997789 0.02065999 -0.00145117
v -0.01622602 0.03444476 -0.00184718
v -0.01659399 0.0342844 -0.00240785
v 0.01622602 0.03444476 0.00184718
v 0.01659399 0.0342844 0.00240785
v 0.01566394 0.02787914 0.00148406
v 0.01606937 0.02744011 0.00179283
v 0.01456731 0.02437378 0.00151688
v 0.01557259 0.02490364 0.00217621
v 0.01390552 0.02283135 0.00180265
v 0.01181396 0.02135919 0.00160242
v 0.0123424 0.02104114 0.00217622
v 0.00997789 0.02065999 0.00145117
v 0.00987121 0.01996969 0.00194337
v 0.00762335 0.01988866 0.00156433
v 0.00769371 0.01923342 0.0023657
v -0.0076956 0.01920087 0.00243464
v -0.00765725 0.019593 0.00185204
v -0.00760234 0.02016205 0.00144054
v -0.00978011 0.02019103 0.00170024
v -0.01142812 0.02096541 0.00170159
v -0.01276083 0.02176393 0.0017641
v -0.01387321 0.02293632 0.00173439
v -0.01500027 0.02476628 0.00167071
v -0.0157803 0.02587878 0.00194337
v -0.01536824 0.02764806 0.0013521
v -0.01611102 0.02809504 0.00180688
v -0.01651658 0.02805631 0.0023657
v -0.01583184 0.03445578 0.00152654
v -0.01643083 0.03436379 0.0021072
v -0.00890857 0.0036056 -0.0145
v -0.00885585 0.00472156 -0.0194955
v -0.00879503 0.0048144 -0.0145
v -0.00797614 0.00572604 -0.0145
v -0.00777314 0.00585301 -0.01949742
v -0.00697272 0.00601877 -0.0145
v -0.00656269 0.0059861 -0.01949851
v -0.00595738 0.00577057 -0.0145
v -0.00547593 0.00542774 -0.01949742
v -0.00520216 0.00504794 -0.0145
v -0.00489796 0.00416021 -0.01949742
v -0.00489542 0.00387321 -0.0145
v -0.00526997 0.00281772 -0.01949742
v -0.00526658 0.00287461 -0.0145
v -0.00602162 0.00217616 -0.0145
v -0.00658927 0.00196983 -0.0194955
v -0.00740606 0.00202012 -0.0145
v -0.00811049 0.00234176 -0.01949742
v -0.00844605 0.00266826 -0.0145
v -0.00883097 0.00332349 -0.01949851
v 0.00489542 0.00412679 -0.0145
v 0.00489796 0.00383979 -0.01949742
v 0.00526997 0.00518228 -0.01949742
v 0.00535312 0.00526354 -0.0145
v 0.0063521 0.00595356 -0.0145
v 0.0062517 0.00590277 -0.01949851
v 0.00764976 0.00592765 -0.0194955
v 0.0079102 0.00580989 -0.0145
v 0.00878121 0.00484493 -0.01949742
v 0.00881 0.0047323 -0.0145
v 0.00890808 0.00352214 -0.0145
v 0.0089143 0.00363449 -0.01949851
v 0.00846546 0.00269041 -0.01949851
v 0.00800462 0.00224462 -0.0145
v 0.00760471 0.00209723 -0.01949851
v 0.00645035 0.00202012 -0.0145
v 0.00638437 0.0020374 -0.01949742
v 0.0052895 0.00279048 -0.0145
v 0.00537157 0.00271351 -0.01949851
v -0.00202392 -0.00822812 -0.0145
v -0.00202722 -0.00780523 -0.01949742
v -0.00161188 -0.00671864 -0.0145
v -0.00142775 -0.00654773 -0.01949742
v -5.451E-05 -0.00594159 -0.0145
v 1.875E-05 -0.00594182 -0.0194955
v 0.00140378 -0.0065243 -0.0145
v 0.00158871 -0.00669139 -0.0194955
v 0.00202392 -0.00777188 -0.0145
v 0.00200044 -0.00783554 -0.01949922
v 0.00183835 -0.00887637 -0.01949742
v 0.00161188 -0.00928137 -0.0145
v 0.00084494 -0.00985301 -0.01949742
v 0.00022812 -0.01002392 -0.0145
v -0.00036551 -0.0099861 -0.01949851
v -0.00128136 -0.00961188 -0.0145
v -0.00158871 -0.00930861 -0.0194955
v 0.0601217 0.03249957 0.00648667
v 0.07342752 0.0325 0.00650792
v 0.06013761 0.02950001 0.00648611
v 0.07317316 0.0295 0.00647494
v -0.07317316 0.0325 0.00647494
v -0.0599634 0.03249921 0.00650736
v -0.07342751 0.0295 0.00650792
v -0.06040144 0.02950003 0.00646603
v -0.05310052 0.02950665 -0.011418
v -0.05545929 0.02950548 -0.01072485
v -0.07484045 0.02950077 -0.01448048
v 0.07470331 0.0295 -0.00746335
v 0.06008749 0.02950004 -0.00650011
v 0.05920402 0.0295 -0.00706647
v 0.07342751 0.0295 -0.00650792
v 0.05545929 0.02950548 0.01072485
v 0.07484045 0.02950077 0.01448048
v 0.05310052 0.02950665 0.011418
v 0.05295099 0.02950565 -0.01143588
v 0.07680394 0.02950397 -0.01438562
v -0.05771462 0.02950235 -0.00911799
v -0.05811741 0.02950166 0.00863841
v -0.05654919 0.02950484 0.01009591
v -0.07680395 0.02950234 0.01438565
v -0.05467097 0.0295062 0.01101948
v -0.05295099 0.02950565 0.01143588
v 0.07417932 0.0295 0.00704668
v 0.07490335 0.0295 0.00746308
v 0.07977138 0.02950635 0.01367617
v 0.07737197 0.02950626 0.01429002
v 0.0757165 0.0295 0.00720599
v 0.08445824 0.02950635 -0.01097021
v 0.0760153 0.0295 -0.00661408
v 0.08234636 0.02951378 -0.01249439
v 0.07560669 0.0295 -0.00726708
v 0.0797841 0.0295097 -0.01366017
v -0.07977138 0.02950635 -0.01367617
v -0.0757165 0.0295 -0.00720599
v -0.08214729 0.02951378 -0.01260933
v -0.08443802 0.0295097 -0.01097324
v 0.08214729 0.02951378 0.01260933
v 0.08443802 0.0295097 0.01097324
v -0.07490335 0.0295 -0.00746308
v -0.07737197 0.02950626 -0.01429002
v -0.08617599 0.02950911 -0.00920255
v -0.07601336 0.0295 -0.0061533
v -0.08750057 0.02950387 -0.00729703
v -0.08856148 0.02950833 -0.00509077
v -0.08920433 0.0295002 -0.00281442
v -0.07509552 0.0295 0.0049763
v -0.0758685 0.0295 0.00593184
v -0.08445824 0.02950635 0.01097021
v -0.0760153 0.0295 0.00661408
v -0.08234636 0.02951378 0.01249439
v -0.07560669 0.0295 0.00726708
v -0.0797841 0.0295097 0.01366017
v 0.05811743 0.02950332 -0.00863833
v 0.05654915 0.02950323 -0.01009598
v 0.05467097 0.0295062 -0.01101948
v -0.07417932 0.0295 -0.00704668
v -0.08945001 0.0295 0
v -0.08921126 0.02950039 0.00273231
v -0.07470331 0.0295 0.00746335
v 0.08855785 0.02950145 -0.0050772
v 0.0758685 0.0295 -0.00593184
v 0.08756967 0.02950387 -0.00717736
v 0.0861895 0.02950833 -0.00919917
v -0.05931888 0.0295 -0.00692569
v -0.08855764 0.02950911 0.00507738
v -0.08756967 0.02950387 0.00717736
v -0.0861895 0.02950833 0.00919917
v 0.05771462 0.02950235 0.00911799
v 0.05921878 0.0295 0.00704562
v 0.08617599 0.02950911 0.00920255
v 0.07601336 0.0295 0.0061533
v 0.08750057 0.02950387 0.00729703
v 0.08856148 0.02950833 0.00509077
v 0.08920433 0.02950023 0.00281443
v 0.08945001 0.0295 -0
v 0.08921126 0.02950039 -0.00273231
v 0.0750687 0.0295 0.00489789
v 0.07509552 0.0295 -0.0049763
v -0.0750687 0.0295 -0.00489789
v -0.059408 0.0295 0.00683485
v -0.06029174 0.02950002 -0.00647137
v -0.07317316 0.0295 -0.00647494
v 0.07317316 0.0325 -0.00647494
v 0.05996339 0.03249921 -0.00650736
v -0.0601217 0.03249957 -0.00648667
v -0.07342752 0.0325 -0.00650792
v 0.06705607 0.0325 -0.00213844
v 0.05996162 0.03250091 -0.00416188
v 0.06531904 0.0325 -0.00049939
v 0.06527501 0.0325 0
v 0.05995126 0.03249822 0.00418871
v 0.06864499 0.0325 -0.00172064
v 0.06578127 0.0325 -0.00139834
v 0.05905596 0.03249702 -0.00704575
v 0.06528498 0.0325 0.00012315
v 0.06559312 0.0325 0.00118252
v 0.06694333 0.0325 0.00211856
v 0.06855752 0.0325 0.0017819
v 0.06947501 0.0325 0
v 0.0750687 0.0325 -0.00489789
v 0.06941809 0.0325 0.0006364
v 0.07509552 0.0325 0.0049763
v 0.05907279 0.03249933 0.00699888
v 0.07570257 0.0325 0.00723963
v 0.07417931 0.0325 -0.00704668
v 0.0757165 0.0325 -0.00720599
v 0.07462865 0.0325 0.00742115
v 0.07601336 0.0325 -0.0061533
v 0.06942914 0.0325 -0.00054359
v 0.05955237 0.03250271 0.00582852
v 0.07600112 0.0325 0.00614001
v 0.07490335 0.0325 -0.00746308
v -0.06694333 0.0325 -0.00211856
v -0.06855752 0.0325 -0.0017819
v -0.06941809 0.0325 -0.0006364
v -0.07509552 0.0325 -0.0049763
v -0.06527501 0.0325 0
v -0.05995125 0.03249839 -0.0041887
v -0.06531904 0.0325 0.00049939
v -0.05996161 0.03250101 0.00416184
v -0.06559312 0.0325 -0.00118252
v -0.0750687 0.0325 0.00489789
v -0.06947501 0.0325 0
v -0.07570257 0.0325 -0.00723963
v -0.07600112 0.0325 -0.00614001
v -0.06705607 0.0325 0.00213844
v -0.06528498 0.0325 -0.00012315
v -0.06864499 0.0325 0.00172064
v -0.05907279 0.03249933 -0.00699888
v -0.07462865 0.0325 -0.00742115
v -0.06578127 0.0325 0.00139834
v -0.05905596 0.03249702 0.00704574
v -0.05955237 0.03250271 -0.00582852
v -0.06942914 0.0325 0.00054359
v -0.07417931 0.0325 0.00704668
v -0.0757165 0.0325 0.00720599
v -0.07601336 0.0325 0.0061533
v -0.07490335 0.0325 0.00746308
v -0.07638448 0.0327094 0.01424242
v 0.0763037 0.03279129 0.01423403
v -0.07629144 0.0348165 0.01376802
v 0.07633167 0.03485933 0.01375502
v -0.07641611 0.03656413 0.01308163
v 0.07643523 0.03657496 0.01307484
v -0.07613403 0.03823745 0.0122063
v 0.07614199 0.03825581 0.01219117
v -0.0760448 0.03997957 0.01091602
v 0.07606655 0.03998522 0.01090835
v -0.07656198 0.04153712 0.00931394
v 0.07593078 0.0415252 0.00936959
v -0.07677875 0.04281513 0.00753613
v 0.07628895 0.04279341 0.00762275
v -0.07632604 0.04378136 0.00573665
v 0.07652251 0.04369002 0.00588426
v 0.07610924 0.04440154 0.00403893
v -0.07685554 0.04445655 0.0036369
v -0.0749983 0.04483719 0.00228457
v 0.07539975 0.04484552 -0.00212784
v -0.075 0.045 -0
v 0.075 0.045 -0
v 0.07624244 0.04489253 0.00154929
v 0.07638448 0.0327094 -0.01424242
v -0.0763037 0.03279129 -0.01423403
v 0.07629144 0.0348165 -0.01376802
v -0.07633167 0.03485933 -0.01375502
v 0.07641611 0.03656413 -0.01308163
v -0.07643523 0.03657496 -0.01307484
v 0.07613403 0.03823745 -0.0122063
v -0.07614199 0.03825581 -0.01219117
v 0.0760448 0.03997957 -0.01091602
v -0.07606655 0.03998522 -0.01090835
v 0.07656198 0.04153712 -0.00931394
v -0.07593078 0.0415252 -0.00936959
v 0.07677875 0.04281513 -0.00753613
v -0.07628895 0.04279341 -0.00762275
v 0.07632604 0.04378136 -0.00573665
v -0.07652251 0.04369002 -0.00588426
v -0.07610924 0.04440154 -0.00403893
v 0.07685554 0.04445655 -0.0036369
v -0.07499808 0.04484335 -0.00226885
v -0.07696 0.04485689 0.00082046
v -0.075 0.045 0
v -0.07683595 0.04485415 -0.00100871
v -0.07904693 0.03359249 -0.01357588
v -0.08105274 0.03360176 -0.0128054
v -0.08292112 0.03360207 -0.01174191
v -0.08460726 0.03359323 -0.01041112
v -0.08607172 0.03357393 -0.00884648
v -0.0872616 0.03363044 -0.00707275
v -0.08814178 0.03363971 -0.00525135
v -0.08878052 0.03359249 -0.00328321
v -0.08911617 0.0336018 -0.0011609
v -0.08949339 0.02949886 -0.00011046
v -0.08912934 0.03360213 0.00098894
v -0.08881993 0.03359318 0.00311454
v -0.08831422 0.03260645 0.00522544
v -0.08725599 0.03363042 0.00708248
v -0.0861187 0.03363971 0.00875544
v -0.08472846 0.03260645 0.01048478
v -0.08306345 0.03360177 0.01164453
v -0.08120825 0.03360207 0.01273084
v -0.07921586 0.03260645 0.01366748
v -0.07899105 0.03561429 0.01297244
v -0.08422434 0.03561429 0.00995612
v -0.08763066 0.03561429 0.00496784
v -0.07982581 0.0365827 -0.01225075
v -0.0832224 0.0365827 -0.01028404
v -0.08588835 0.03658272 -0.00740358
v -0.08723558 0.03655275 -0.00480211
v -0.08802237 0.0365827 -0.00194608
v -0.08801746 0.0365827 0.00197873
v -0.08586974 0.03658272 0.00743086
v -0.08156918 0.03658269 0.01141119
v -0.07858308 0.03836226 0.01161605
v -0.08106783 0.03839133 0.01055081
v -0.08235379 0.03943192 0.00879905
v -0.08504479 0.0383913 0.00687318
v -0.0854433 0.03943192 0.004737
v -0.0870322 0.03839131 0.00183423
v -0.08703829 0.03839134 -0.00179373
v -0.08597477 0.03839131 -0.00526241
v -0.08393604 0.03839128 -0.00826353
v -0.08110331 0.0383913 -0.01053034
v -0.0789433 0.03943191 -0.01076811
v -0.08108465 0.04096034 -0.00805279
v -0.08302854 0.04003634 -0.00741743
v -0.08485818 0.04003632 -0.00472147
v -0.08564679 0.04001274 -0.00243006
v -0.08593048 0.04003632 2.345E-05
v -0.08497557 0.04079688 0.00231288
v -0.08257557 0.04096035 0.00666942
v -0.07897151 0.04003634 0.01018345
v -0.07848356 0.04148671 -0.0088065
v -0.08283914 0.0414867 -0.00531392
v -0.0840572 0.0414867 -0.00276718
v -0.08447044 0.04148671 2.537E-05
v -0.08352157 0.04148671 0.00413192
v -0.07971326 0.04148671 0.00821432
v -0.07985495 0.04271519 0.00613028
v -0.08176018 0.04273284 0.00394823
v -0.08272861 0.04271518 0.0011916
v -0.08273647 0.04271518 -0.00113939
v -0.08179935 0.04273284 -0.0038804
v -0.07944236 0.04273284 -0.00644625
v -0.07876841 0.04369819 -0.00468272
v -0.08045477 0.04371887 -0.00257603
v -0.0810036 0.04370515 0.00048893
v -0.08040386 0.04369819 0.00263195
v -0.0790684 0.04370514 0.00444189
v -0.0782219 0.04441763 -0.00252158
v -0.07906743 0.04442086 -0.00056934
v -0.0787947 0.04441763 0.00152946
v -0.06797992 0.043 -0.00205123
v -0.06669395 0.043 -0.00200786
v -0.06578127 0.043 -0.00139835
v -0.06529562 0.043 -0.00041415
v -0.06547461 0.043 0.00103109
v -0.06694333 0.043 0.00211856
v -0.06855752 0.043 0.0017819
v -0.06949357 0.043 0.00043168
v -0.06915691 0.043 -0.0011825
v 0.07696 0.04485689 -0.00082046
v 0.07904693 0.03359249 0.01357588
v 0.08105274 0.03360176 0.0128054
v 0.08292112 0.03360207 0.01174191
v 0.08460726 0.03359323 0.01041112
v 0.08607172 0.03357393 0.00884648
v 0.0872616 0.03363044 0.00707275
v 0.08814178 0.03363971 0.00525135
v 0.08878052 0.03359249 0.00328321
v 0.08911617 0.0336018 0.0011609
v 0.08949339 0.02949886 0.00011046
v 0.08912934 0.03360213 -0.00098894
v 0.08881993 0.03359318 -0.00311454
v 0.08831422 0.03260645 -0.00522544
v 0.08725599 0.03363042 -0.00708248
v 0.0861187 0.03363971 -0.00875544
v 0.08472846 0.03260645 -0.01048478
v 0.08306345 0.03360177 -0.01164453
v 0.08120825 0.03360207 -0.01273084
v 0.07921586 0.03260645 -0.01366748
v 0.07899105 0.03561429 -0.01297244
v 0.08422434 0.03561429 -0.00995612
v 0.08763066 0.03561429 -0.00496784
v 0.07982581 0.0365827 0.01225075
v 0.0832224 0.0365827 0.01028404
v 0.08588835 0.03658272 0.00740358
v 0.08723558 0.03655275 0.00480211
v 0.08802237 0.0365827 0.00194608
v 0.08801746 0.0365827 -0.00197873
v 0.08586974 0.03658272 -0.00743086
v 0.08156918 0.03658269 -0.01141119
v 0.07858308 0.03836226 -0.01161605
v 0.08106783 0.03839133 -0.01055081
v 0.08235379 0.03943192 -0.00879905
v 0.08504479 0.0383913 -0.00687318
v 0.0854433 0.03943192 -0.004737
v 0.0870322 0.03839131 -0.00183423
v 0.08703829 0.03839134 0.00179373
v 0.08597477 0.03839131 0.00526241
v 0.08393604 0.03839128 0.00826353
v 0.08110331 0.0383913 0.01053034
v 0.0789433 0.03943191 0.01076811
v 0.08108465 0.04096034 0.00805279
v 0.08302854 0.04003634 0.00741743
v 0.08485818 0.04003632 0.00472147
v 0.08564679 0.04001274 0.00243006
v 0.08593048 0.04003632 -2.345E-05
v 0.08497557 0.04079688 -0.00231288
v 0.08257557 0.04096035 -0.00666942
v 0.07897151 0.04003634 -0.01018345
v 0.07848356 0.04148671 0.0088065
v 0.08283914 0.0414867 0.00531392
v 0.0840572 0.0414867 0.00276718
v 0.08447044 0.04148671 -2.537E-05
v 0.08352157 0.04148671 -0.00413192
v 0.07971326 0.04148671 -0.00821432
v 0.07985495 0.04271519 -0.00613028
v 0.08176018 0.04273284 -0.00394823
v 0.08272861 0.04271518 -0.0011916
v 0.08273647 0.04271518 0.00113939
v 0.08179935 0.04273284 0.0038804
v 0.07944236 0.04273284 0.00644625
v 0.07876841 0.04369819 0.00468272
v 0.08045477 0.04371887 0.00257603
v 0.0810036 0.04370515 -0.00048893
v 0.08040386 0.04369819 -0.00263195
v 0.0790684 0.04370514 -0.00444189
v 0.0782219 0.04441763 0.00252158
v 0.07906743 0.04442086 0.00056934
v 0.0787947 0.04441763 -0.00152946
v 0.06694333 0.043 -0.00211856
v 0.06855752 0.043 -0.0017819
v 0.06949357 0.043 -0.00043168
v 0.06915691 0.043 0.0011825
v 0.06797992 0.043 0.00205123
v 0.06669395 0.043 0.00200786
v 0.06578127 0.043 0.00139835
v 0.06529562 0.043 0.00041415
v 0.06547461 0.043 -0.00103109
v -0.05291665 0.03245348 -0.01125181
v 0.05292031 0.0324608 -0.01125072
v -0.05290404 0.03430251 -0.01077961
v 0.05290992 0.03431161 -0.01077687
v -0.05289312 0.03604669 -0.01000581
v 0.05290108 0.03605755 -0.0100006
v -0.05288379 0.03763727 -0.00895224
v 0.05289375 0.03764958 -0.00894366
v -0.0528759 0.0390299 -0.00764846
v 0.05288787 0.03904304 -0.00763565
v -0.05286942 0.04018577 -0.00613101
v 0.05288346 0.04019876 -0.00611321
v -0.05286423 0.04107266 -0.00444236
v 0.05288046 0.04108425 -0.00441904
v -0.05286022 0.04166593 -0.00262957
v 0.05284924 0.04165711 -0.00267731
v -0.05285744 0.04194903 -0.00074328
v 0.05300064 0.04191666 -0.00086092
v 0.05285744 0.04194903 0.00074329
v -0.05300064 0.04191666 0.00086092
v -0.05284924 0.04165711 0.00267731
v 0.05286022 0.04166594 0.00262957
v -0.05288047 0.04108425 0.00441904
v 0.05286423 0.04107266 0.00444236
v -0.05288346 0.04019876 0.00611321
v 0.05286942 0.04018577 0.00613101
v -0.05288787 0.03904304 0.00763565
v 0.0528759 0.0390299 0.00764846
v -0.05289375 0.03764958 0.00894366
v 0.05288379 0.03763727 0.00895224
v -0.05290108 0.03605755 0.0100006
v 0.05289312 0.03604669 0.01000581
v -0.05290992 0.03431161 0.01077687
v 0.05290404 0.03430251 0.01077961
v -0.05292031 0.0324608 0.01125072
v 0.05291665 0.03245348 0.01125181
v 0.05996849 0.03480468 0.0011071
v -0.05996849 0.03480468 -0.0011071
v 0.05919514 0.0314244 -0.00704903
v 0.05988545 0.03381096 0.00361357
v 0.05814567 0.03278365 -0.00829929
v 0.05819815 0.03266833 0.00827758
v 0.05928116 0.03133501 0.00694775
v 0.05952054 0.03471638 0.00459003
v 0.05893598 0.03460109 0.00626644
v 0.05814306 0.03523014 0.00721973
v 0.05716401 0.03287978 0.00930541
v 0.05953348 0.03643565 0.00209765
v 0.05895004 0.03678282 0.0041352
v 0.05716401 0.03577501 0.00804474
v 0.05539547 0.03402183 0.01014951
v 0.05539547 0.03230393 0.01058253
v 0.05539547 0.03232726 -0.01057864
v 0.05814307 0.03732079 0.00530891
v 0.05539547 0.03564505 0.00943964
v 0.05539547 0.04095155 -0.00262184
v 0.05539549 0.04037815 -0.00429809
v 0.05539547 0.03953666 -0.00585715
v 0.05716401 0.03813579 -0.00587148
v 0.05866862 0.03665563 -0.00507764
v 0.05858478 0.03501318 -0.0067276
v 0.05951394 0.03488925 -0.00455954
v 0.05539546 0.03404419 -0.01014184
v 0.05539547 0.03566584 -0.00942838
v 0.05716401 0.03292992 -0.00929271
v 0.05539547 0.03714792 -0.00845775
v 0.05539547 0.03845003 -0.00725643
v 0.05716401 0.0358183 -0.00801646
v 0.05539546 0.04124123 -0.00087404
v 0.05716401 0.03963124 -0.00309026
v 0.05814306 0.03813155 -0.00406795
v 0.05539546 0.04123928 0.00089761
v 0.05539547 0.04094575 0.00264475
v 0.05716401 0.0401426 2.585E-05
v 0.05814306 0.03904164 -0.00138581
v 0.05895004 0.03781374 -0.00178494
v 0.05539549 0.04036864 0.00431977
v 0.05952499 0.03659678 -0.0014665
v 0.0598808 0.03522269 -0.00150475
v 0.05539547 0.03952372 0.00587695
v 0.05716401 0.03961444 0.00313918
v 0.05866862 0.03842099 0.00105305
v 0.05539546 0.03843402 0.00727382
v 0.05814306 0.03867774 0.00282278
v 0.05539547 0.03712925 0.00847229
v 0.05716401 0.03810402 0.0059123
v -0.05928116 0.03133501 -0.00694775
v -0.05988545 0.03381096 -0.00361357
v -0.05919514 0.03142439 0.00704903
v -0.05814567 0.03278365 0.00829929
v -0.05819815 0.03266833 -0.00827758
v -0.05952054 0.03471638 -0.00459003
v -0.05893598 0.03460109 -0.00626644
v -0.05814306 0.03523014 -0.00721973
v -0.05716401 0.03287978 -0.00930541
v -0.05953348 0.03643565 -0.00209765
v -0.05895004 0.03678282 -0.0041352
v -0.05716401 0.03577501 -0.00804474
v -0.05539547 0.03402183 -0.01014951
v -0.05539547 0.03230393 -0.01058253
v -0.05539547 0.03232726 0.01057864
v -0.05814307 0.03732079 -0.00530891
v -0.05539547 0.03564505 -0.00943964
v -0.05539547 0.04095155 0.00262184
v -0.05539549 0.04037815 0.00429809
v -0.05539547 0.03953666 0.00585715
v -0.05716401 0.03813579 0.00587148
v -0.05866862 0.03665563 0.00507764
v -0.05858478 0.03501318 0.0067276
v -0.05951394 0.03488925 0.00455954
v -0.05539546 0.03404419 0.01014184
v -0.05539547 0.03566584 0.00942838
v -0.05716401 0.03292992 0.00929271
v -0.05539547 0.03714792 0.00845775
v -0.05539547 0.03845003 0.00725643
v -0.05716401 0.0358183 0.00801646
v -0.05539546 0.04124123 0.00087404
v -0.05716401 0.03963124 0.00309026
v -0.05814306 0.03813155 0.00406795
v -0.05539546 0.04123928 -0.00089761
v -0.05539547 0.04094575 -0.00264475
v -0.05716401 0.0401426 -2.585E-05
v -0.05814306 0.03904164 0.00138581
v -0.05895004 0.03781374 0.00178494
v -0.05539549 0.04036864 -0.00431977
v -0.05952499 0.03659678 0.0014665
v -0.0598808 0.03522269 0.00150475
v -0.05539547 0.03952372 -0.00587695
v -0.05716401 0.03961444 -0.00313918
v -0.05866862 0.03842099 -0.00105305
v -0.05539546 0.03843402 -0.00727382
v -0.05814306 0.03867774 -0.00282278
v -0.05539547 0.03712925 -0.00847229
v -0.05716401 0.03810402 -0.0059123
vn 0 0 -1
vn 0.99995 0.00798 0.00594
vn 0.97052 0.24085 -0.00901
vn 0.84517 0.53439 0.01076
vn 0.7036 0.71055 -0.00814
vn 0.45475 0.89061 0.00483
vn 0.27668 0.96094 -0.00632
vn 0.10776 0.99416 0.00517
vn -0.26356 0.96464 -0.00388
vn -0.28212 0.95938 -0.00194
vn -0.59592 0.80304 0.0032
vn -0.65717 0.75374 -0.00289
vn -0.88462 0.46631 0.00163
vn -0.88015 0.4747 0.00055
vn -0.99944 0.0335 -3E-05
vn -0.99981 0.0194 -0.0012
vn -0.96331 -0.2684 0.00228
vn -0.95896 -0.28353 0.00357
vn -0.78576 -0.6185 -0.00573
vn -0.73739 -0.67546 0.00046
vn -0.46154 -0.88712 -0.0011
vn -0.44245 -0.89679 0.00072
vn -0.12924 -0.99161 -0.00067
vn -0.10776 -0.99418 0.00116
vn 0.31272 -0.94984 -0.0014
vn 0.28211 -0.95937 -0.00519
vn 0.59591 -0.80303 0.0062
vn 0.76114 -0.64854 -0.0074
vn 0.88758 -0.46059 0.00744
vn 0.97347 -0.22871 -0.00636
vn -9E-05 0.0003 -1
vn 0.00034 -0.00079 -1
vn 0.0006 5E-05 -1
vn 0.0006 -5E-05 -1
vn -0.0006 0.0037 -0.99999
vn 1E-05 0.00024 -1
vn 0.00015 0.00025 -1
vn 0.00019 0.00018 -1
vn -7E-05 6E-05 -1
vn -5E-05 0.0001 -1
vn 0.00013 0.00016 -1
vn -0.00021 -0.00016 -1
vn 0.00011 -0.00029 -1
vn -0.00029 0.00053 -1
vn -0.00061 -5E-05 -1
vn -0.00057 5E-05 -1
vn -0.00059 -0.00019 -1
vn -0 -0.00011 -1
vn 1E-05 -0.0001 -1
vn -0.00025 -9E-05 -1
vn -0.00136 -0.00074 -1
vn 0.00017 -0.00017 -1
vn 0.00021 -0.0001 -1
vn -1 0.00176 0.00015
vn -0.87465 -0.48475 -0.00156
vn -0.79655 -0.60447 0.01146
vn -0.42837 -0.90352 -0.01246
vn -0.00043 -0.99994 0.01068
vn 0.14035 -0.9901 -0.00244
vn 0.71304 -0.70112 0.00294
vn 0.73753 -0.67531 -0.00148
vn 0.99973 -0.02336 6E-05
vn 1 -0.00095 0.0022
vn 0.86586 0.50021 -0.00913
vn 0.73749 0.67527 0.01099
vn 0.26332 0.96467 -0.00873
vn 0.05201 0.99858 0.01161
vn -0.41678 0.90892 -0.01246
vn -0.76072 0.649 0.01028
vn -0.8482 0.52967 -0.00313
vn -0.99996 0.00936 0.0008
vn 0.6483 0.08426 -0.75671
vn 0.74211 0.18379 -0.64459
vn 0.53665 0.33393 -0.77492
vn 0.572 0.57812 -0.58189
vn 0.29954 0.55567 -0.77557
vn 0.21988 0.76239 -0.60862
vn 0.01182 0.62685 -0.77905
vn -0.2088 0.76287 -0.6119
vn -0.27903 0.57163 -0.77161
vn -0.51211 0.58682 -0.6272
vn -0.55426 0.34168 -0.75898
vn -0.64021 0.33681 -0.69042
vn -0.70419 0.05549 -0.70784
vn -0.70609 0.0538 -0.70608
vn -0.70041 0.13732 -0.70041
vn -0.70726 -0.053 -0.70497
vn -0.66238 -0.11729 -0.73993
vn -0.69766 -0.19319 -0.68988
vn -0.56379 -0.35084 -0.7477
vn -0.60515 -0.47633 -0.63789
vn -0.30381 -0.59789 -0.74177
vn -0.30401 -0.58526 -0.7517
vn -0.10061 -0.76909 -0.63117
vn 0.06552 -0.62785 -0.77557
vn 0.2478 -0.75377 -0.60862
vn 0.34336 -0.52459 -0.77905
vn 0.60226 -0.5127 -0.6119
vn 0.54518 -0.29315 -0.78539
vn 0.7906 -0.18574 -0.58348
vn -0.5024 0.8646 0.00831
vn -0.49757 0.86739 -0.0083
vn 0.50358 0.86384 -0.01337
vn 0.49632 0.86804 0.01337
vn 0.99988 -0.00874 -0.01314
vn 0.99996 -0.00172 0.0085
vn 0.49757 -0.86739 -0.0083
vn 0.5024 -0.8646 0.0083
vn -0.50358 -0.86384 -0.01337
vn -0.49632 -0.86804 0.01337
vn -0.99988 0.00874 -0.01314
vn -0.99996 0.00172 0.0085
vn 0 0 1
vn -0.84732 0.53086 0.01533
vn -0.82582 0.56381 -0.01148
vn -0.8834 -0.46837 0.01533
vn -0.90119 -0.43328 -0.01148
vn 0.07536 -0.99709 0.01148
vn 0.03608 -0.99923 -0.01533
vn 0.84732 -0.53086 0.01533
vn 0.82582 -0.56381 -0.01149
vn 0.8834 0.46837 0.01533
vn 0.90119 0.43328 -0.01148
vn -0.07536 0.99709 0.01148
vn -0.03608 0.99923 -0.01533
vn -0.24216 0.97024 -0.00029
vn -0.2422 0.97023 0.00034
vn -0.24216 0.97024 0.00025
vn -0.24321 0.96995 0.00623
vn -0.24112 0.97049 -0.00397
vn -0.24201 0.97027 0.0007
vn -0.24333 0.96992 -0.00709
vn -0.24443 0.96965 0.00613
vn -0.24334 0.96991 0.00738
vn -0.2389 0.97087 0.01812
vn -0.24523 0.96944 0.00737
vn -0.23549 0.97185 -0.00705
vn -0.25061 0.96808 -0.0052
vn -0.17499 -0.98455 -0.00557
vn -0.17221 -0.98503 0.00758
vn -0.24355 -0.96986 0.00712
vn -0.24301 -0.97002 0.00024
vn -0.09664 0.9953 0.00653
vn -0.10338 0.99459 -0.01019
vn 0.06994 0.99743 0.01553
vn 0.05131 0.99635 -0.06828
vn 0.17329 0.98282 0.06357
vn 0.21524 0.97576 -0.03965
vn 0.31029 0.9502 0.02915
vn 0.3297 0.94401 -0.01205
vn 0.42075 0.90681 0.02558
vn 0.46176 0.88663 -0.02569
vn 0.56065 0.82783 0.01937
vn 0.60761 0.79414 -0.01215
vn 0.712 0.70214 0.00747
vn 0.70174 0.71243 0.00187
vn 0.81184 0.58387 -0.00347
vn 0.80286 0.59617 0.00114
vn 0.88215 0.47096 -0.00325
vn 0.87142 0.49053 0.00039
vn 0.93514 0.35428 0.00242
vn 0.93854 0.34517 0.00061
vn 0.96163 0.27435 -0.00171
vn 0.9983 0.05827 -0.00085
vn 0.98684 0.1603 0.02115
vn 0.99985 0.0167 0.00344
vn 0.99889 -0.04279 -0.01986
vn -0.10307 -0.99467 0.00363
vn -0.09392 -0.99557 -0.00442
vn 0.05509 -0.99848 -0.00026
vn 0.04471 -0.99895 0.00988
vn 0.1661 -0.98597 -0.0164
vn 0.22519 -0.97418 0.01615
vn 0.29917 -0.954 -0.01928
vn 0.39998 -0.91644 0.01265
vn 0.41772 -0.90857 -0.00068
vn 0.53389 -0.84555 0.00192
vn 0.53385 -0.84558 0.00196
vn 0.62299 -0.78195 -0.02092
vn 0.66998 -0.74227 0.01245
vn 0.74332 -0.66891 -0.00593
vn 0.74243 -0.66991 -0.00459
vn 0.83988 -0.54272 -0.00789
vn 0.84811 -0.52982 0.00295
vn 0.88226 -0.47052 -0.01526
vn 0.92332 -0.38391 0.00988
vn 0.93191 -0.36264 -0.00661
vn 0.97392 -0.22688 0.00341
vn 0.97725 -0.21201 -0.00524
vn 0.99057 -0.13478 0.02448
vn 0.99884 0.04809 0.00207
vn 0.99424 0.10705 0.00532
vn 0.98675 0.16207 -0.00755
vn 0.98877 0.14945 0.00136
vn 0.99113 0.13289 -0.00219
vn 0.99997 -0.00495 0.00573
vn 0.99996 -0.00621 0.0064
vn 0.99341 -0.11447 0.00495
vn 0.99453 -0.10446 -0.0023
vn 0.97325 -0.22968 -0.00502
vn 0.9678 -0.25145 0.01191
vn 0.93149 -0.3637 0.00736
vn 0.92257 -0.38561 -0.01288
vn 0.86146 -0.50762 0.01445
vn 0.841 -0.54078 -0.01681
vn 0.75783 -0.65237 0.01026
vn 0.74302 -0.66921 -0.0082
vn 0.66611 -0.74567 -0.01658
vn 0.63467 -0.7727 0.01139
vn 0.53953 -0.84155 -0.02664
vn 0.49028 -0.87151 0.0094
vn 0.41743 -0.90847 -0.02103
vn 0.33854 -0.94091 0.00855
vn -0.10708 -0.9942 0.00951
vn -0.08536 -0.9963 -0.01031
vn 0.06197 -0.99806 -0.00608
vn 0.04471 -0.99895 0.01029
vn 0.16237 -0.98657 -0.01763
vn 0.21637 -0.97626 0.00961
vn 0.29651 -0.95494 -0.01323
vn 1E-05 1E-05 1
vn 1E-05 -0 1
vn 1E-05 -1E-05 1
vn 1E-05 -1E-05 1
vn 2E-05 -1E-05 1
vn 1E-05 -1E-05 1
vn 2E-05 0 1
vn 2E-05 -1E-05 1
vn 0 -0 1
vn -0 -0 1
vn 1E-05 -1E-05 1
vn -4E-05 7E-05 1
vn 0 -0 1
vn 0 -0 1
vn -0 -0 1
vn -0 -0 1
vn 0 -0 1
vn -0.00019 -3E-05 1
vn -1E-05 -5E-05 1
vn 2E-05 -5E-05 1
vn -0 -0 1
vn -0 -0 1
vn -4E-05 -6E-05 1
vn 7E-05 2E-05 1
vn 1E-05 0 1
vn -2E-05 -1E-05 1
vn -2E-05 -0 1
vn -2E-05 0 1
vn -2E-05 0 1
vn -2E-05 0 1
vn -7E-05 9E-05 1
vn -0 -0 1
vn -0.00053 0.00015 1
vn -0.00024 5E-05 1
vn -7E-05 0.0001 1
vn -0 -0 1
vn 2E-05 0 1
vn -0 -0 1
vn 1E-05 0 1
vn 1E-05 0 1
vn 1E-05 -0 1
vn 1E-05 0 1
vn 1E-05 0 1
vn -1E-05 1E-05 1
vn -1E-05 1E-05 1
vn -1E-05 1E-05 1
vn 0 1E-05 1
vn 0 1E-05 1
vn 0 1E-05 1
vn 0 0 1
vn 0 0 1
vn -0 1E-05 1
vn -0 1E-05 1
vn -0 1E-05 1
vn 0 1E-05 1
vn 0 1E-05 1
vn -0 -0 1
vn -0 -0 1
vn 1E-05 0 1
vn 1E-05 0 1
vn 1E-05 0 1
vn 0 0 1
vn 0 0 1
vn 0 0 1
vn -1E-05 0 1
vn -1E-05 1E-05 1
vn -1E-05 1E-05 1
vn -1E-05 1E-05 1
vn -0 1E-05 1
vn -0 1E-05 1
vn -0 2E-05 1
vn -0 1E-05 1
vn 0 0 1
vn 0 0 1
vn -0 -0 1
vn -1E-05 1E-05 1
vn -0 -0 1
vn -0 -0 1
vn -0 -1E-05 1
vn -0 -0 1
vn -0 -0 1
vn -0 -1E-05 1
vn 2E-05 -0.00019 1
vn -0 -1E-05 1
vn 0 -0 1
vn 0 0 1
vn 0 0 1
vn -0 -0 1
vn -0 -0 1
vn -0 -0 1
vn 1E-05 1E-05 1
vn -3E-05 1E-05 1
vn -2E-05 1E-05 1
vn 8E-05 6E-05 1
vn -1E-05 0 1
vn -0 -0 1
vn -1E-05 0 1
vn -1E-05 0 1
vn -0 0 1
vn -0 -0 1
vn 0 -0 1
vn 0 -0 1
vn -0 0 1
vn -0 0 1
vn -0 0 1
vn -0 -0 1
vn 0 -0 1
vn -0 -0 1
vn -0 -0 1
vn -0.91504 -0.39918 0.05798
vn -0.9101 -0.41216 0.04296
vn -0.75987 -0.64922 -0.03347
vn -0.49372 -0.86871 0.03978
vn -0.38154 -0.92195 -0.06667
vn -0.04817 -0.99549 0.08179
vn 0.22287 -0.97128 -0.08338
vn 0.55139 -0.83087 0.07501
vn 0.63817 -0.76942 -0.02688
vn 0.94165 -0.33551 0.02698
vn 0.95977 -0.27915 -0.0303
vn 0.9952 0.09783 0.00294
vn 0.99762 0.06165 0.03084
vn 0.83159 0.55537 0.00427
vn 0.81179 0.58302 -0.0331
vn 0.41665 0.90863 0.0282
vn 0.36864 0.92912 -0.02912
vn -0.20665 0.97797 0.02961
vn -0.22364 0.97462 0.01009
vn -0.61334 0.78927 -0.02957
vn -0.69043 0.72157 0.05134
vn -0.90325 0.42681 -0.04434
vn -0.96483 0.25193 0.07507
vn -0.99751 0.00281 -0.07042
vn -0.99999 -0.00281 0.00203
vn -0.89185 -0.45232 -0.00413
vn -0.88118 -0.47214 -0.02452
vn -0.49398 -0.86918 0.02249
vn -0.45753 -0.88913 -0.01102
vn -0.04833 -0.99877 0.01102
vn -0.00679 -0.99972 -0.02249
vn 0.55274 -0.83292 0.02698
vn 0.59363 -0.80428 -0.02698
vn 0.94386 -0.32953 0.02301
vn 0.95511 -0.2962 -0.00454
vn 0.99903 0.03912 0.02037
vn 0.99008 0.13551 -0.03725
vn 0.83787 0.5452 0.02716
vn 0.80618 0.59141 -0.01762
vn 0.41674 0.90882 0.01966
vn 0.37339 0.92735 -0.02468
vn -0.18029 0.98336 0.02249
vn -0.25247 0.96689 -0.0372
vn -0.58189 0.81233 0.03906
vn -0.69895 0.71411 -0.03906
vn -0.89587 0.44323 0.03112
vn -0.91492 0.40362 0.00344
vn -0.99999 0.00281 -0.00203
vn -0.41941 -0.90779 -0.00409
vn -0.42924 -0.90319 0.00233
vn -0.61805 -0.78613 -0.00202
vn -0.64285 -0.76586 0.01431
vn -0.73603 -0.67682 -0.01344
vn -0.81029 -0.58561 0.02213
vn -0.85728 -0.51474 -0.01023
vn -0.93471 -0.35505 0.0158
vn -0.92806 -0.37242 0.00259
vn -0.99153 -0.12985 0.00061
vn -0.98939 -0.14491 -0.01032
vn -0.99916 0.03841 0.01438
vn -0.99193 0.12531 -0.01944
vn -0.96788 0.25038 0.02285
vn -0.92881 0.36952 -0.02756
vn -0.86834 0.49561 0.01863
vn -0.80952 0.58665 -0.02262
vn -0.71469 0.69895 0.02632
vn -0.63681 0.77102 -0.00014
vn -0.63218 0.77482 0.00237
vn -0.43727 0.89933 -0.00216
vn -0.41988 0.90752 0.01004
vn -0.44104 -0.89748 0.00274
vn -0.42303 -0.90607 -0.00899
vn -0.62681 -0.77912 -0.00885
vn -0.61916 -0.78511 -0.01561
vn -0.74612 -0.66566 0.01432
vn -0.81514 -0.57923 -0.00681
vn -0.81322 -0.58189 -0.00843
vn -0.92486 -0.38026 -0.00582
vn -0.92806 -0.37242 0.00011
vn -0.99109 -0.13322 -0.00183
vn -0.99233 -0.12347 0.00523
vn -0.99202 0.12612 -0.00028
vn -0.99201 0.12617 -0.00024
vn -0.9294 0.36903 -0.00474
vn -0.92225 0.38649 0.00836
vn -0.8641 0.50313 0.01381
vn -0.812 0.58318 -0.02354
vn -0.71463 0.69906 0.02516
vn -0.64093 0.7676 -0.00073
vn -0.6322 0.7748 0.0022
vn -0.52694 0.84967 -0.01984
vn -0.41824 0.90808 0.02146
vn -0.31892 0.94773 -0.00993
vn -0.24371 -0.96982 0.00685
vn -0.24321 -0.96997 0.00018
vn -0.00283 0.00157 -0.99999
vn -0.00196 -0.00054 -1
vn -0.00176 -0.00249 -1
vn -0.00156 -0.00273 -1
vn 0.00026 0.00354 -0.99999
vn -0.00049 -0.00013 -1
vn -0.00284 0.00156 -0.99999
vn -0.00292 0.00145 -0.99999
vn -0.00179 0.00412 -0.99999
vn 0.00156 0.00313 -0.99999
vn -0.0007 0.00448 -0.99999
vn -0.00157 0.00393 -0.99999
vn -0.00212 0.00377 -0.99999
vn 0.00043 -0.00666 -0.99998
vn -0.00039 -0.00477 -0.99999
vn -0.00047 -0.00064 -1
vn -0.00049 -0.00146 -1
vn 0.00053 -0.00247 -1
vn 0.00211 -0.00209 -1
vn -0.00039 -0.00151 -1
vn 0.00078 -0.00154 -1
vn 0.00098 0.00027 -1
vn 0.00498 -0.00586 -0.99997
vn 0.00646 -0.00211 -0.99998
vn 0.00627 0.00026 -0.99998
vn 0.00276 -0.00282 -0.99999
vn 0.00221 -0.00291 -0.99999
vn 0.0029 -0.00253 -0.99999
vn 0.00081 0.00103 -1
vn 6E-05 -0.00099 -1
vn 0.00012 -0.00096 -1
vn -0.00051 -0.00066 -1
vn 0.00253 0.0635 -0.99798
vn 0.00085 0.00618 -0.99998
vn -0.00056 0.00047 -1
vn -0.96463 -0.26331 0.01233
vn -0.9674 -0.2526 0.01802
vn -0.65388 -0.75576 -0.03562
vn -0.49752 -0.86654 0.03976
vn -0.00975 -0.99985 -0.01427
vn 0.0935 -0.99539 0.02114
vn 0.59434 -0.80383 -0.02476
vn 0.66818 -0.74387 0.01359
vn 0.96756 -0.25264 -0.0029
vn 0.96425 -0.26499 0.0029
vn 0.9506 0.31012 -0.01359
vn 0.92754 0.37347 0.01359
vn 0.5915 0.80631 -0.00207
vn 0.55431 0.83207 -0.01993
vn 0.08077 0.99653 0.01992
vn -0.00935 0.99989 -0.01151
vn -0.52886 0.8486 0.01361
vn -0.57568 0.81763 -0.00799
vn -0.90896 0.4168 0.00826
vn -0.92758 0.37348 -0.01037
vn -0.99834 -0.03104 0.04852
vn -0.90842 -0.41655 -0.03553
vn -0.74361 -0.66794 0.03012
vn -0.52867 -0.84829 -0.03012
vn -0.27993 -0.95957 0.0294
vn 0.04832 -0.99861 -0.02092
vn 0.23742 -0.97122 0.01924
vn 0.49396 -0.86914 -0.02429
vn 0.73143 -0.68063 0.04187
vn 0.92701 -0.37042 -0.05866
vn 0.99877 -0.02463 0.04293
vn 0.88864 0.45728 -0.03471
vn 0.89444 0.44628 -0.02833
vn 0.41808 0.90763 0.03767
vn 0.26315 0.96402 -0.03767
vn -0.31869 0.94765 0.02008
vn -0.47252 0.88055 -0.03674
vn -0.75312 0.65662 0.04084
vn -0.9633 0.26295 -0.05399
vn -0.9955 -0.09351 0.01507
vn -0.74394 -0.66824 -0.00113
vn -0.73204 -0.6812 -0.00914
vn -0.25263 -0.96753 0.00826
vn -0.20673 -0.97834 -0.01037
vn 0.39983 -0.91652 0.01134
vn 0.44509 -0.89542 -0.01134
vn 0.88234 -0.4705 0.01037
vn 0.90356 -0.42839 -0.00826
vn 0.99785 0.06517 0.0074
vn 0.98482 0.17121 -0.02844
vn 0.83101 0.55499 0.03747
vn 0.57693 0.81579 -0.0405
vn 0.41671 0.90876 0.02242
vn -0.04832 0.99864 -0.01962
vn -0.26312 0.96393 0.03998
vn -0.49389 0.86902 -0.0297
vn -0.867 0.49778 0.02271
vn -0.88917 0.45755 0.00459
vn -0.99962 -0.02465 -0.01273
vn -0.00611 -0.00167 0.99998
vn -0.00648 0.00201 0.99998
vn -0.00669 0.00013 0.99998
vn -0.00719 0.00039 0.99997
vn -0.00646 -0.00088 0.99998
vn -0.00216 0.00368 0.99999
vn -0.00224 0.00304 0.99999
vn -5E-05 -0.00668 0.99998
vn -0.00266 -0.00517 0.99998
vn -0.00656 -0.00451 0.99997
vn -0.00724 -0.00388 0.99997
vn 0.00055 -0.00215 1
vn -0.00078 -0.00284 1
vn -0.00051 -0.00264 1
vn -0.00641 -0.00154 0.99998
vn -0.00495 -0.00363 0.99998
vn -0.00467 -0.00622 0.99997
vn -0.0002 -0.00694 0.99998
vn -0.00674 -0.03883 0.99922
vn -0.00526 -0.01914 0.9998
vn -0.00505 -0.00396 0.99998
vn -0.00238 -0.01277 0.99992
vn 0.0034 0.00028 0.99999
vn 0.00344 -0.00409 0.99999
vn 0.00445 -0.00261 0.99999
vn 0.0049 -3E-05 0.99999
vn 0.00181 -0.00281 0.99999
vn 0.00258 -0.0013 1
vn -0.00052 -0.00332 0.99999
vn 0.00185 -0.00708 0.99997
vn -0.0014 -0.00348 0.99999
vn -0.01023 -0.00142 0.99995
vn 0.00027 -0.00034 1
vn -9E-05 -0.00142 1
vn -0.00018 -0.00146 1
vn 0.00073 2E-05 1
vn -0.00236 -0.00306 0.99999
vn -0.00071 -0.00154 -1
vn -0.00023 -6E-05 -1
vn -0.00511 -0.00342 -0.99998
vn -0.00509 0.00622 -0.99997
vn -0.00486 -0.00048 -0.99999
vn -0.00978 0.00487 -0.99994
vn -0.0099 0.00353 -0.99994
vn -0.00744 -0.00302 -0.99997
vn -0.01635 -0.00099 -0.99987
vn -0.00704 -0.00605 -0.99996
vn -0.00747 -0.00499 -0.99996
vn -0.00139 -0.00962 -0.99995
vn -0.00022 -0.0003 -1
vn -0.00024 -0.0013 -1
vn 0.00059 -0.00273 -1
vn 0.00115 -0.00246 -1
vn 0.00121 -0.00246 -1
vn -0.00042 -0.00165 -1
vn 0.00373 0.00103 -0.99999
vn 0.00735 -0.00575 -0.99996
vn 0.00576 0.00216 -0.99998
vn 0.00291 -0.00095 -1
vn 0.00234 -0.00311 -0.99999
vn 0.00235 -0.0031 -0.99999
vn 0.00278 -0.00233 -0.99999
vn 0.00334 0.00427 -0.99999
vn 0.00035 -0.00125 -1
vn -0.00379 -0.00166 -0.99999
vn 1E-05 -0.0021 -1
vn 7E-05 -0.00107 -1
vn 0.00013 -0.00104 -1
vn -0.00052 -0.00067 -1
vn 0.00134 -0.00217 -1
vn -0.00269 -0.00473 -0.99999
vn -0.00022 -0.00505 -0.99999
vn 0.0003 0.00624 -0.99998
vn -0.00227 0.00343 -0.99999
vn -0.00962 0.00234 -0.99995
vn 0.00481 0.02124 -0.99976
vn -0.00126 -0.00923 -0.99996
vn -6E-05 -0.00308 -1
vn -0.00031 -0.00387 -0.99999
vn -0.00029 -0.00309 -1
vn 0.00068 -0.00102 -1
vn 0.15193 0.86882 -0.47124
vn 0.15037 0.87164 -0.46651
vn 0.15257 0.86227 -0.48292
vn 0.14001 0.86914 -0.47433
vn 0.15392 0.86911 -0.47006
vn 0.15543 0.86764 -0.47228
vn 0.15531 0.86847 -0.47079
vn 0.1545 0.86897 -0.47012
vn 0.15438 0.86912 -0.46989
vn 0.15526 0.86854 -0.47068
vn 0.15332 0.86933 -0.46985
vn 0.1548 0.86891 -0.47015
vn 0.15213 0.8694 -0.47011
vn 0.15406 0.86929 -0.46968
vn 0.15194 0.86956 -0.46987
vn -0.00056 0.00015 1
vn -0.00051 -0.00019 1
vn -0.01201 -0.00883 0.99989
vn -0.01241 -0.0083 0.99989
vn 0.00439 -0.02146 0.99976
vn -0.00762 0.00318 0.99997
vn 0.00112 -0.0156 0.99988
vn -0.01119 -0.01576 0.99981
vn 0.00374 0.0095 0.99995
vn -0.00058 5E-05 1
vn 0.0002 -0.00034 1
vn -0.00202 -0.0073 0.99997
vn 0.00125 -0.01895 0.99982
vn -0.00372 0 0.99999
vn -0.00089 0.01345 0.99991
vn -0.00224 0.00789 0.99997
vn 0.00016 0.00027 1
vn -0.00587 0.00376 0.99998
vn -0.01227 -0.00982 0.99988
vn -0.00429 0.00993 0.99994
vn 0.00671 0.00349 0.99997
vn 0.02378 -0.00292 0.99971
vn 0.02066 0.00336 0.99978
vn 0.01613 0.00531 0.99986
vn 0.01966 0.01995 0.99961
vn 0.01048 0.00718 0.99992
vn 0.00884 0.01289 0.99988
vn -0.00404 0.00929 0.99995
vn 0.00785 0.00986 0.99992
vn 0.00183 0.00846 0.99996
vn 0.00141 0.01014 0.99995
vn -0.00231 0.0133 0.99991
vn 0.00161 0.00423 0.99999
vn 0.00639 -0.01993 0.99978
vn 0.01363 -0.02892 0.99949
vn 0.00013 -0.01971 0.99981
vn 0.00153 -0.02256 0.99974
vn -0.00821 -0.0181 0.9998
vn -0.00352 0.00611 0.99998
vn -0.00356 0.00613 0.99997
vn -0.00138 1E-05 1
vn -0.00115 0.00057 1
vn -0.00777 -0.01764 0.99981
vn 0.00762 -0.02268 0.99971
vn 0.01396 -0.01836 0.99973
vn 0.01795 -0.03107 0.99936
vn 0.01837 -0.00749 0.9998
vn 0.01489 -0.00751 0.99986
vn 0.01733 -0.00289 0.99985
vn 0.01465 -0.0034 0.99989
vn 0.01339 -0.00506 0.9999
vn -0.01282 -0.00976 0.99987
vn -0.00343 -0.006 0.99998
vn -0.96445 -0.26326 0.02292
vn -0.90252 -0.43025 -0.01854
vn -0.44642 -0.89471 0.01415
vn -0.46473 -0.88522 0.02033
vn 0.02238 -0.99951 -0.02188
vn 0.37084 -0.92806 0.0343
vn 0.7155 -0.69781 -0.0334
vn 0.89517 -0.44497 0.02586
vn 0.99762 0.06517 -0.02264
vn 0.96446 0.26327 0.02237
vn 0.6882 0.725 -0.02757
vn 0.47262 0.88074 0.03037
vn 0.01729 0.99969 -0.01788
vn -0.26323 0.96432 0.02807
vn -0.58654 0.80945 -0.02762
vn -0.88084 0.47267 0.02661
vn -0.96789 0.25053 -0.02056
vn -0.96357 -0.267 -0.01582
vn -0.92759 -0.37348 0.00936
vn -0.56832 -0.82279 -0.00392
vn -0.59165 -0.80619 0.00369
vn -0.01777 -0.99979 -0.0098
vn 0.0918 -0.9956 0.01868
vn 0.69123 -0.72238 -0.01901
vn 0.76755 -0.64091 0.01002
vn 0.99672 -0.08079 -0.00392
vn 0.994 -0.10929 0.00369
vn 0.90309 0.42936 -0.00853
vn 0.81623 0.57724 0.02377
vn 0.56732 0.82323 -0.02112
vn 0.14293 0.98957 0.01774
vn 0.04897 0.99879 -0.0041
vn -0.55294 0.83321 0.00442
vn -0.55521 0.8317 0.00369
vn -0.92178 0.3876 -0.00916
vn -0.95904 0.28282 0.01576
vn -0.99556 -0.09351 0.01038
vn -0.74394 -0.66824 -0.00336
vn -0.72246 -0.69132 -0.01178
vn -0.28003 -0.9599 0.01301
vn -0.10929 -0.99389 -0.01546
vn 0.23744 -0.97131 0.01313
vn 0.45694 -0.88934 -0.01699
vn 0.69124 -0.72242 0.01704
vn 0.90972 -0.41481 -0.01831
vn 0.96747 -0.25262 0.01402
vn 0.96357 0.267 -0.01582
vn 0.93734 0.34839 0.00333
vn 0.67904 0.73406 0.0079
vn 0.54043 0.84097 -0.02668
vn 0.11196 0.99331 0.02831
vn -0.23737 0.97099 -0.02904
vn -0.5288 0.84851 0.01993
vn -0.80609 0.5916 -0.01548
vn -0.89671 0.44247 0.01105
vn -0.99974 0.01776 -0.01452
vn -0 0 -1
vn -0 -1E-05 -1
vn 0 -0 -1
vn -0 -2E-05 -1
vn 1E-05 -1E-05 -1
vn -0 -0 -1
vn -0 -0 -1
vn -0 -0 -1
vn 0 -1E-05 -1
vn 0 0 -1
vn 0 -0 -1
vn 0 -0 -1
vn 0 0 -1
vn -0 -1E-05 -1
vn 0 -1E-05 -1
vn 1E-05 -1E-05 -1
vn 0 0 -1
vn 2E-05 0 -1
vn 0 1E-05 -1
vn -0 0 -1
vn -0.99897 0.04531 -0.00254
vn -0.99146 -0.12989 0.01171
vn -0.90811 -0.41857 -0.01177
vn -0.67544 -0.73726 0.01515
vn -0.57335 -0.81929 -0.00482
vn 0.28517 -0.9584 0.01186
vn -0.16196 -0.9868 -0.00127
vn -0.17995 -0.98367 -0.0043
vn 0.05521 -0.99846 0.00528
vn 0.40627 -0.91361 -0.01615
vn 0.56586 -0.8244 0.0131
vn 0.88486 -0.46574 -0.01019
vn 0.9418 -0.33613 0.00517
vn 0.99669 0.08124 -0.00393
vn 0.98995 0.14138 0.00114
vn 0.82876 0.5596 -0.00108
vn 0.83597 0.54876 -0.00225
vn 0.42945 0.90308 -0.00473
vn 0.51949 0.85447 0.00372
vn -0.09998 0.99498 -0.0048
vn 0.04883 0.99881 0.00144
vn -0.23274 0.97253 0.00318
vn -0.605 0.79622 -0.0014
vn -0.6062 0.79531 -0.00153
vn -0.90576 0.42378 -0.00113
vn -0.8916 0.45282 0.00176
vn -0.99626 -0.08075 -0.03072
vn -0.9638 -0.26486 0.03072
vn -0.78663 -0.61609 -0.04056
vn -0.61609 -0.78663 0.04056
vn -0.26486 -0.9638 -0.03072
vn -0.13559 -0.99068 0.01265
vn 0.26916 -0.96309 -0.00429
vn 0.24844 -0.96864 0.00429
vn 0.61277 -0.79016 -0.01265
vn 0.67175 -0.74067 0.01265
vn 0.91078 -0.41287 -0.00429
vn 0.91537 -0.40252 -0.00881
vn 0.99923 0.0385 0.00784
vn 0.98976 0.14031 -0.02611
vn 0.90134 0.43213 0.02915
vn 0.71128 0.70224 -0.03072
vn 0.61277 0.79016 0.01265
vn 0.24844 0.96864 -0.00429
vn 0.23745 0.97136 -0.00881
vn -0.21143 0.97736 0.00784
vn -0.31005 0.95036 -0.02611
vn -0.60466 0.79575 0.03417
vn -0.83217 0.55225 -0.05006
vn -0.9499 0.3099 0.04056
vn -0.91537 -0.40252 0.00881
vn -0.89673 -0.44248 -0.00881
vn -0.59147 -0.80628 0.00881
vn -0.52879 -0.84849 -0.02138
vn -0.08075 -0.99622 0.03215
vn 0.08075 -0.99622 -0.03215
vn 0.55278 -0.83297 0.02456
vn 0.5915 -0.8063 0.00247
vn 0.9153 -0.40249 -0.0152
vn 0.9504 -0.31006 0.02479
vn 0.9938 0.10907 -0.02141
vn 0.9638 0.26486 0.03072
vn 0.78663 0.61609 -0.04056
vn 0.59311 0.80357 0.05006
vn 0.26475 0.96339 -0.04229
vn -0.0622 0.99713 0.04318
vn -0.2484 0.96848 -0.01837
vn -0.61281 0.79022 -0.00441
vn -0.68878 0.72407 0.0363
vn -0.90134 0.43213 -0.02915
vn -0.98976 0.14031 0.02611
vn -0.99923 0.0385 -0.00784
vn -0.99595 -0.08072 -0.03949
vn -0.9635 -0.26478 0.03949
vn -0.78621 -0.61576 -0.05212
vn -0.61576 -0.78621 0.05212
vn -0.26478 -0.9635 -0.03949
vn -0.13558 -0.99063 0.01627
vn 0.26916 -0.96308 -0.00551
vn 0.24844 -0.96863 0.00551
vn 0.63747 -0.77027 -0.01789
vn 0.67179 -0.74072 0.00566
vn 0.91054 -0.41276 0.02361
vn 0.95473 -0.29608 -0.02884
vn 0.99912 0.0385 0.01659
vn 0.9856 0.16689 -0.02736
vn 0.90109 0.43201 0.03747
vn 0.68848 0.72375 -0.04665
vn 0.61281 0.79021 0.00566
vn 0.24837 0.96838 0.02361
vn 0.06216 0.99652 -0.05548
vn -0.2113 0.97675 0.03613
vn -0.60479 0.79593 -0.02703
vn -0.54107 0.84054 0.02703
vn -0.8619 0.50545 -0.04058
vn -0.9494 0.30973 0.05212
vn -0.91535 -0.40251 0.01133
vn -0.89671 -0.44247 -0.01133
vn -0.59146 -0.80626 0.01133
vn -0.52871 -0.84836 -0.02749
vn -0.08072 -0.99588 0.04133
vn 0.08072 -0.99588 -0.04133
vn 0.55267 -0.8328 0.03157
vn 0.59149 -0.8063 0.00317
vn 0.91523 -0.40246 -0.01955
vn 0.9502 -0.30999 0.03187
vn 0.99365 0.10906 -0.02753
vn 0.9635 0.26478 0.03949
vn 0.78621 0.61576 -0.05212
vn 0.59262 0.80291 0.06431
vn 0.2646 0.96283 -0.05433
vn -0.06216 0.99652 0.05548
vn -0.24837 0.96838 -0.02361
vn -0.61281 0.79021 -0.00566
vn -0.68848 0.72375 0.04665
vn -0.90109 0.43201 -0.03747
vn -0.98954 0.14027 0.03357
vn -0.99921 0.0385 -0.01009
vn 0.14556 0.79154 -0.59352
vn 0.11249 0.67442 -0.72973
vn 0.09064 0.49054 -0.86669
vn 0.11184 0.63039 -0.76818
vn 0.0745 0.42074 -0.90412
vn 0.06415 0.33927 -0.9385
vn 0.04223 0.23733 -0.97051
vn 0.03631 0.20522 -0.97804
vn 0.05035 0.28009 -0.95865
vn 0.07436 0.41913 -0.90488
vn 0.04863 0.2739 -0.96053
vn 0.03783 0.22164 -0.9744
vn 0.13051 0.76193 -0.63437
vn 0.11823 0.6501 -0.75059
vn 0.09916 0.57611 -0.81133
vn 0.08276 0.48982 -0.86788
vn 0.02789 0.15649 -0.98729
vn 0.01526 0.0784 -0.9968
vn 0 0 1
vn -0 0 1
vn 0 -0 1
vn 0 -0 1
vn -0 -0 1
vn -0 -0 1
vn -0 0 1
vn -0 0 1
vn -0.95894 -0.26176 0.1092
vn -0.87809 -0.47048 -0.08715
vn -0.44514 -0.89214 0.07707
vn -0.37078 -0.92792 -0.03859
vn 0.37078 -0.92792 0.03859
vn 0.41814 -0.90776 -0.03361
vn 0.89505 -0.4449 0.0309
vn 0.89111 -0.45194 0.04086
vn 0.99821 -0.00281 -0.05977
vn 0.95894 0.26175 0.10919
vn 0.87809 0.47048 -0.08715
vn 0.49696 0.86557 0.06185
vn 0.42829 0.90336 -0.02252
vn -0.06516 0.99767 0.02018
vn -0.14019 0.98891 -0.04894
vn -0.55415 0.82976 0.06642
vn -0.73285 0.67104 -0.11241
vn -0.90339 0.41425 0.11088
vn -0.99709 0.0233 -0.07261
vn 0.29729 0.86885 -0.39587
vn 0.63939 0.71279 -0.28831
vn 0.41964 0.82473 -0.37911
vn 0.56973 0.06106 -0.81956
vn 0.57937 0.59324 -0.55892
vn 0.70237 0.59304 -0.39367
vn 0.56632 0.69726 -0.43943
vn 0.79976 0.17954 -0.57284
vn 0.70472 0.28099 -0.65148
vn 0.75221 0.43014 -0.49915
vn 0.86092 0.33629 -0.38175
vn 0.77605 -0.29808 -0.55578
vn -0.09896 -0.85128 -0.51529
vn 0.74235 -0.04175 -0.66871
vn 0.63051 -0.07715 -0.77233
vn 0.79881 -0.17511 -0.57554
vn 0.68296 -0.19885 -0.70287
vn 0.66167 -0.31155 -0.682
vn 0.58954 -0.40908 -0.69649
vn 0.51189 -0.46425 -0.7228
vn 0.51673 -0.4671 -0.71749
vn 0.46514 -0.54262 -0.69944
vn 0.34975 -0.56232 -0.74932
vn 0.26365 -0.6356 -0.7256
vn 0.23053 -0.72412 -0.65
vn 0.14703 -0.62222 -0.76891
vn 0.12631 -0.77213 -0.62279
vn 0.03652 -0.70531 -0.70796
vn 0.02751 -0.66941 -0.74239
vn -0.06323 -0.72261 -0.68835
vn 0.4243 -0.2376 -0.8738
vn 0.31183 -0.42136 -0.8516
vn 0.22922 -0.49314 -0.83921
vn 0.09286 -0.02236 -0.99543
vn 0.01464 -0.1036 -0.99451
vn -0.04032 0.70649 -0.70658
vn -0.21085 0.95524 -0.20751
vn -0.10075 0.93684 -0.33494
vn -0.10285 0.64682 -0.75568
vn -0.10626 0.65362 -0.74933
vn -0.05035 -0.20506 -0.97745
vn -0.14635 -0.57673 -0.80372
vn -0.21178 -0.8504 -0.48164
vn -0.14525 0.58024 -0.80139
vn -0.15302 0.62725 -0.76364
vn -0.87366 -0.09752 -0.47667
vn -0.88456 0.09347 -0.45696
vn -0.2792 0.74645 -0.60404
vn -0.32121 -0.69146 -0.64707
vn -0.43479 -0.49582 -0.75174
vn -0.63151 -0.47542 -0.61252
vn -0.66891 -0.24679 -0.70118
vn -0.7012 -0.11131 -0.70422
vn -0.71465 0.1096 -0.69084
vn -0.65685 0.25761 -0.70865
vn -0.64769 0.25677 -0.71733
vn -0.5848 0.42364 -0.69176
vn -0.56383 0.41672 -0.71305
vn -0.49005 0.52792 -0.69365
vn -0.35955 0.65947 -0.66017
vn -0.29743 -0.38522 -0.87358
vn -0.4185 -0.21098 -0.88337
vn -0.28032 0.39264 -0.87593
vn -0.24818 -0.0012 -0.96871
vn -0.7267 -0.19472 0.65878
vn -0.68404 -0.31897 0.65601
vn -0.58322 -0.40837 0.7022
vn -0.4625 -0.44387 0.76751
vn -0.46181 -0.46181 0.75727
vn -0.41153 -0.58772 0.69659
vn -0.31361 -0.67254 0.67033
vn -0.18681 -0.69719 0.69212
vn -0.07227 -0.66338 0.74478
vn -0.05908 -0.67535 0.73513
vn 0.06296 -0.7196 0.69152
vn 0.18745 -0.69957 0.68954
vn 0.30841 -0.60172 0.73676
vn 0.27601 -0.59191 0.75727
vn 0.41152 -0.58772 0.69659
vn 0.52472 -0.52472 0.67033
vn 0.59125 -0.414 0.69212
vn 0.59891 -0.27309 0.75282
vn 0.59191 -0.27601 0.75727
vn 0.69303 -0.1857 0.69659
vn 0.73924 -0.06468 0.67033
vn 0.71904 0.06291 0.69212
vn 0.63433 0.17577 0.75282
vn 0.63085 0.16903 0.75727
vn 0.65025 0.30322 0.69659
vn 0.60786 0.42563 0.67033
vn 0.51038 0.51038 0.69212
vn 0.35201 0.54601 0.76024
vn 0.35747 0.51052 0.78204
vn 0.29801 0.63909 0.70905
vn 0.19472 0.7267 0.65878
vn 0.06578 0.75188 0.65601
vn -0.06205 0.70927 0.7022
vn -0.15316 0.62247 0.76751
vn -0.16903 0.63085 0.75727
vn -0.30322 0.65025 0.69659
vn -0.42563 0.60786 0.67033
vn -0.51038 0.51038 0.69212
vn -0.53837 0.39428 0.74478
vn -0.55533 0.38884 0.73513
vn -0.65467 0.30528 0.69152
vn -0.69957 0.18745 0.68954
vn -0.6708 0.01353 0.74152
vn -0.62085 0.05432 0.78204
vn -0.70248 -0.06146 0.70905
vn -0.63433 -0.17577 0.75282
vn -0.63085 -0.16903 0.75727
vn -0.65025 -0.30322 0.69659
vn -0.60786 -0.42563 0.67033
vn -0.51038 -0.51038 0.69212
vn -0.39428 -0.53837 0.74478
vn -0.38884 -0.55533 0.73513
vn -0.30528 -0.65467 0.69152
vn -0.18745 -0.69957 0.68954
vn -0.01353 -0.6708 0.74152
vn -0.05432 -0.62086 0.78204
vn 0.06146 -0.70248 0.70905
vn 0.19472 -0.7267 0.65878
vn 0.31897 -0.68404 0.65601
vn 0.40837 -0.58321 0.70221
vn 0.44387 -0.4625 0.76751
vn 0.46181 -0.46181 0.75727
vn 0.58772 -0.41153 0.69659
vn 0.67254 -0.31361 0.67033
vn 0.69719 -0.18681 0.69212
vn 0.66338 -0.07227 0.74478
vn 0.67535 -0.05909 0.73513
vn 0.7196 0.06296 0.69152
vn 0.69957 0.18745 0.68954
vn 0.61571 0.29273 0.73158
vn 0.61441 0.28651 0.73513
vn 0.59172 0.41432 0.69152
vn 0.51212 0.51212 0.68954
vn 0.38686 0.56136 0.73158
vn 0.38885 0.55533 0.73513
vn 0.30528 0.65467 0.69152
vn 0.18745 0.69957 0.68954
vn 0.03377 0.67531 0.73676
vn 0.05692 0.65061 0.75727
vn -0.06253 0.71474 0.69659
vn -0.19206 0.71678 0.67033
vn -0.30504 0.65416 0.69212
vn -0.37105 0.55463 0.74478
vn -0.38884 0.55533 0.73513
vn -0.51078 0.51078 0.69152
vn -0.59327 0.41541 0.68954
vn -0.62303 0.2627 0.73676
vn -0.59191 0.27601 0.75727
vn -0.69303 0.1857 0.69659
vn -0.73924 0.06468 0.67033
vn -0.71904 -0.06291 0.69212
vn -0.69719 -0.18681 0.69212
vn -0.59417 -0.28325 0.75282
vn -0.59191 -0.27601 0.75727
vn -0.58772 -0.41153 0.69659
vn -0.52472 -0.52472 0.67033
vn -0.414 -0.59125 0.69212
vn -0.31178 -0.59824 0.73818
vn -0.2929 -0.62813 0.72088
vn -0.18683 -0.69726 0.69205
vn -0.06426 -0.70451 0.70678
vn -0.06175 -0.70576 0.70576
vn 0.0677 -0.70548 0.70548
vn 0.06137 -0.70144 0.71008
vn 0.1947 -0.72661 0.65888
vn 0.3191 -0.68431 0.65567
vn 0.4084 -0.58325 0.70216
vn 0.44842 -0.44092 0.7775
vn 0.44069 -0.44069 0.78204
vn 0.57763 -0.40446 0.70905
vn 0.68185 -0.31795 0.65878
vn 0.72903 -0.19534 0.65601
vn 0.70927 -0.06205 0.7022
vn 0.63961 0.04274 0.76751
vn 0.65061 0.05692 0.75727
vn 0.69303 0.1857 0.69659
vn 0.67254 0.31361 0.67033
vn 0.59125 0.414 0.69212
vn 0.44635 0.47487 0.75847
vn 0.44594 0.44594 0.77607
vn 0.40701 0.58127 0.70461
vn 0.31763 0.68117 0.65963
vn 0.19352 0.72221 0.66405
vn 0.07451 0.69933 0.71091
vn 0.06175 0.70576 0.70576
vn -0.06284 0.70571 0.70571
vn -0.06169 0.70512 0.7064
vn -0.19083 0.71217 0.67557
vn -0.30515 0.6544 0.69184
vn -0.3868 0.53654 0.75001
vn -0.37461 0.53499 0.75727
vn -0.50733 0.50733 0.69659
vn -0.60786 0.42563 0.67033
vn -0.65416 0.30504 0.69212
vn -0.63723 0.16494 0.75282
vn -0.63085 0.16903 0.75727
vn -0.71474 0.06253 0.69659
vn -0.73924 -0.06468 0.67033
vn -0.50615 -0.86146 -0.04111
vn -0.49481 -0.86899 0.00363
vn -0.99957 -0.00597 0.02882
vn -0.99998 0.00446 -0.00318
vn -0.50516 0.86302 0.00363
vn -0.50339 0.86405 -0.00313
vn 0.49481 0.86899 0.00363
vn 0.4966 0.86798 -0.00313
vn 0.99999 0.00105 0.00358
vn 0.99999 -0.00105 -0.00358
vn 0.50086 -0.86552 0.00316
vn 0.49914 -0.86652 -0.00316
vn -0.84092 -0.53795 0.0588
vn -0.93307 -0.35645 -0.04825
vn -0.89703 0.44194 -0.00564
vn -0.88784 0.46006 0.00903
vn -0.06578 0.99782 -0.00564
vn -0.0455 0.99892 0.00903
vn 0.83124 0.55588 -0.00564
vn 0.84234 0.53887 0.00903
vn 0.84234 -0.53887 -0.00903
vn 0.83124 -0.55588 0.00564
vn 0.06578 -0.99782 -0.00564
vn 0.0455 -0.99892 0.00903
vn 0.99727 -0.07193 0.01654
vn 0.98588 -0.16665 -0.01644
vn 0.94273 -0.33256 0.02581
vn 0.94408 -0.32835 0.03002
vn 0.80759 -0.58819 0.04285
vn 0.86081 -0.5088 -0.0117
vn 0.74378 -0.66826 -0.01473
vn 0.6231 -0.78188 0.02054
vn 0.62754 -0.7782 0.02452
vn 0.45873 -0.88814 0.02797
vn 0.50644 -0.86227 0.00338
vn 0.37142 -0.92843 -0.00842
vn 0.19922 -0.97873 0.04892
vn 0.24655 -0.96907 0.01047
vn 0.03622 -0.99934 -0.00198
vn 0.07382 -0.99677 0.03155
vn -0.22989 -0.9731 0.0151
vn -0.18433 -0.98167 0.04835
vn -0.10122 -0.99481 0.01047
vn -0.375 -0.927 -0.00714
vn -0.47201 -0.88038 0.0462
vn -0.52723 -0.84967 0.00918
vn -0.70182 -0.71108 0.04259
vn -0.64148 -0.76708 -0.00967
vn -0.76443 -0.6447 -0.00282
vn -0.84767 -0.53048 0.00663
vn -0.86408 -0.50259 0.02775
vn -0.94526 -0.32522 0.02688
vn -0.9262 -0.37703 -0.00343
vn -0.97778 -0.20936 -0.01065
vn -0.99653 -0.08012 0.02253
vn -0.99707 -0.06992 0.03109
vn -0.99535 0.09523 -0.01426
vn -0.97857 0.20191 0.04047
vn -0.95604 0.29292 -0.01377
vn -0.89514 0.44322 0.0478
vn -0.88391 0.46711 0.02283
vn -0.80838 0.58864 -0.00504
vn -0.71575 0.69797 0.02341
vn -0.76021 0.6435 0.08939
vn -0.62535 0.78023 -0.01338
vn -0.48809 0.87256 0.02023
vn -0.49058 0.87109 0.02288
vn -0.3259 0.94537 -0.00798
vn -0.22321 0.97409 0.0363
vn -0.19884 0.97982 0.0204
vn -0.04393 0.99897 0.01162
vn 0.01472 0.99902 0.04163
vn 0.08035 0.99674 0.00742
vn 0.37063 0.92864 -0.01616
vn 0.27726 0.96021 0.03352
vn 0.25133 0.96776 0.0166
vn 0.5056 0.86276 -0.00497
vn 0.57771 0.81468 0.05055
vn 0.62595 0.7798 0.01043
vn 0.81732 0.57606 0.01181
vn 0.79643 0.60369 0.03544
vn 0.73513 0.67788 -0.00826
vn 0.89801 0.43993 -0.00616
vn 0.93713 0.34672 0.03958
vn 0.9485 0.31648 0.01403
vn 0.99942 -0.03387 0.00182
vn 0.99713 0.072 0.02318
vn 0.9882 0.15167 -0.02121
vn 0.85247 0.29061 0.43455
vn 0.50533 0.67686 0.53526
vn 0.32002 0.82045 0.47375
vn -0.18141 0.86089 0.47535
vn -0.41536 0.77334 0.47898
vn -0.58196 0.64916 0.4898
vn -0.8331 0.24912 0.49385
vn -0.78801 0.08248 0.61012
vn -0.65693 -0.44441 0.60905
vn 0.04778 -0.826 0.56164
vn 0.22857 -0.93175 0.28214
vn 0.65192 -0.57706 0.49193
vn 0.83563 -0.13471 0.53252
vn 0.7856 0.11003 0.60887
vn 0.72051 0.19115 0.66658
vn 0.7531 0.36792 0.54541
vn 0.75943 0.37595 0.53097
vn 0.6945 0.48899 0.52778
vn 0.69197 0.48431 0.53538
vn 0.58674 0.52937 0.61279
vn 0.58779 0.66045 0.46724
vn 0.46997 0.75167 0.46274
vn 0.32065 0.80833 0.49375
vn 0.1565 0.71354 0.68291
vn 0.08941 0.82144 0.56325
vn -0.02462 0.77202 0.63512
vn -0.14653 0.86868 0.47321
vn -0.10602 0.74268 0.6612
vn -0.27251 0.79052 0.54847
vn -0.25579 0.77309 0.58044
vn -0.40988 0.70852 0.57445
vn -0.77282 0.59261 -0.22706
vn -0.78278 0.42946 0.45036
vn -0.67706 0.2451 0.69391
vn -0.84901 0.15422 0.50536
vn -0.87677 0.013 0.48073
vn -0.78904 -0.07035 0.61031
vn -0.83858 -0.17852 0.5147
vn -0.76896 -0.1306 0.62582
vn -0.7832 -0.31701 0.53489
vn -0.69421 -0.2385 0.67911
vn -0.75777 -0.42394 0.49604
vn -0.69376 -0.56301 0.44913
vn -0.50371 -0.59623 0.62513
vn -0.51676 -0.85068 0.09645
vn -0.33669 -0.70027 0.62949
vn -0.19113 -0.81132 0.55248
vn -0.17977 -0.85221 0.49134
vn -0.09018 -0.81093 0.57815
vn -0.02555 -0.90233 0.43029
vn 0.2855 -0.80518 0.51978
vn 0.44829 -0.71632 0.53472
vn 0.53883 -0.70958 0.45404
vn 0.59965 -0.55309 0.57837
vn 0.70365 -0.40412 0.58444
vn 0.7386 -0.27591 0.6151
vn 0.80597 -0.26812 0.52776
vn 0.83323 -0.1356 0.53604
vn 0.78271 -0.02254 0.62198
vn 0.88379 0.07178 0.46234
vn 0.50067 0.63615 0.58706
vn 0.2697 0.55794 0.78484
vn 0.24452 0.66879 0.70209
vn 0.07184 0.79016 0.60868
vn -0.54528 0.41724 0.72704
vn -0.66439 -0.55133 0.5046
vn 0.02653 -0.50333 0.86369
vn 0.22825 -0.51849 0.82406
vn 0.49852 -0.60281 0.62297
vn 0.46501 -0.39147 0.79405
vn 0.67686 -0.4001 0.61789
vn 0.51806 0.15902 0.84044
vn 0.46524 0.19768 0.86283
vn 0.4456 0.34036 0.82801
vn -0.09833 0.78251 0.61482
vn -0.4051 0.5267 0.74732
vn -0.47517 0.38992 0.78878
vn -0.55387 0.25427 0.79283
vn -0.71328 0.27258 0.6457
vn -0.36277 -0.28322 0.8878
vn -0.41958 -0.49717 0.75945
vn -0.32215 -0.41962 0.84861
vn -0.26608 -0.6335 0.72655
vn -0.12909 -0.49994 0.85639
vn 0.00172 -0.5651 0.82502
vn 0.11709 -0.61617 0.77886
vn 0.25319 -0.58065 0.77378
vn 0.22153 -0.53654 0.81428
vn 0.3441 -0.46856 0.81366
vn 0.32185 -0.12087 0.93904
vn 0.26772 0.23397 0.93466
vn 0.30495 0.43437 0.84754
vn 0.08513 0.21202 0.97355
vn -0.4177 0.08271 0.90481
vn -0.26392 -0.12228 0.95676
vn 0.49743 0.02064 0.86726
vn 0.78608 0.28555 0.54822
vn 0.34783 0.24935 0.90379
vn 0.22693 0.30914 0.92354
vn 0.15244 0.59178 0.79155
vn 0.00858 0.19038 0.98167
vn -0.01605 0.21803 0.97581
vn -0.1284 0.59521 0.79324
vn -0.09053 0.28557 0.95407
vn -0.13045 0.25224 0.95883
vn -0.40062 0.51929 0.75488
vn -0.20756 0.10999 0.97202
vn -0.44415 0.08442 0.89197
vn -0.27858 -0.00124 0.96041
vn -0.40376 -0.0688 0.91227
vn -0.55866 -0.11681 0.82113
vn -0.27574 -0.10232 0.95577
vn -0.49777 -0.35153 0.79288
vn -0.32613 -0.92431 -0.19823
vn 0.00143 -0.56301 0.82645
vn 0.78881 -0.59741 0.14451
vn 0.33244 -0.19727 0.92226
vn 0.4334 -0.13101 0.89163
vn 0.2769 -0.03036 0.96042
vn 0.40159 0.02641 0.91544
vn -0.07909 0.07962 -0.99368
vn 0.30644 0.69743 0.64784
vn 0.34628 0.74566 0.56928
vn 0.76523 0.4325 0.47683
vn 0.40501 -0.59866 0.69106
vn -0.00863 0.23369 0.97227
vn -0.08541 0.62628 0.7749
vn -0.07483 0.8316 0.55031
vn 0.04944 0.79783 0.60086
vn 0.04515 0.78577 0.61686
vn 0.13865 0.8059 0.57558
vn 0.15966 0.66368 0.73078
vn 0.2561 0.77932 0.57191
vn 0.45369 0.6764 0.58021
vn 0.43051 0.62402 0.65211
vn 0.08285 0.13362 0.98756
vn 0.03928 0.0554 0.99769
vn 0.5202 0.52115 0.6766
vn 0.54578 0.55979 0.6235
vn 0.19608 0.11942 0.97329
vn 0.60268 0.44199 0.66439
vn 0.63647 0.4588 0.62001
vn 0.66435 0.32135 0.67482
vn 0.80142 0.29191 0.52203
vn 0.69974 0.20973 0.68292
vn 0.75812 0.16945 0.62972
vn 0.63467 0.03237 0.77211
vn 0.50393 0.05175 0.86219
vn 0.67564 -0.00256 0.73723
vn 0.59472 -0.04655 0.80258
vn 0.76505 -0.1019 0.63586
vn 0.7982 -0.19782 0.56899
vn 0.71954 -0.28506 0.63325
vn 0.61932 -0.20622 0.75758
vn 0.56805 -0.33551 0.7515
vn 0.59781 -0.36112 0.71569
vn 0.62939 -0.53965 0.55914
vn 0.4705 -0.46481 0.75005
vn 0.11649 -0.13816 0.98354
vn 0.57018 -0.70025 0.42959
vn 0.41625 -0.74406 0.5226
vn 0.29376 -0.6472 0.70344
vn 0.28424 -0.79515 0.53567
vn 0.03791 -0.20931 0.97711
vn 0.18933 -0.73064 0.65599
vn 0.18524 -0.81551 0.5483
vn 0.05403 -0.79989 0.5977
vn 0.05113 -0.8127 0.58043
vn -0.06205 -0.74799 0.66081
vn -0.07228 -0.62596 0.7765
vn -0.12233 0.48301 0.86703
vn -0.15112 0.60552 0.78135
vn -0.13683 -0.5424 0.82891
vn -0.15453 -0.61771 0.77107
vn -0.46516 -0.36951 0.80442
vn -0.59966 -0.4215 0.68025
vn -0.78991 -0.09544 0.60575
vn -0.77789 -0.09878 0.62058
vn -0.09116 0.02985 0.99539
vn -0.21677 0.09571 0.97152
vn -0.6911 0.26807 0.67121
vn -0.24361 0.29531 0.92382
vn -0.36783 -0.70505 0.6063
vn -0.38085 -0.59705 0.70603
vn -0.53529 -0.65971 0.52749
vn -0.70999 -0.28243 0.6451
vn -0.71119 -0.28345 0.64332
vn -0.20292 -0.05992 0.97736
vn -0.78852 0.00922 0.61494
vn -0.65575 0.06261 0.75238
vn -0.85027 0.23138 0.47276
vn -0.78811 0.44497 0.42531
vn -0.61077 0.43074 0.6644
vn -0.58795 0.48678 0.64604
vn -0.38821 0.6184 0.68328
vn -0.363 0.70999 0.60345
vn -0.60918 -0.79302 0.00409
vn -0.57477 -0.81832 -0.00165
vn -0.43027 -0.90269 -0.00382
vn -0.05498 -0.31212 -0.94845
vn -0.09113 -0.51073 -0.8549
vn -0.07016 -0.40119 -0.91331
vn -0.12947 -0.73964 -0.66044
vn -0.1514 -0.84947 -0.50544
vn -0.15976 -0.90512 -0.394
vn -0.3198 -0.60957 -0.72537
vn -0.30008 -0.90067 -0.31424
vn -0.52429 -0.74206 -0.41769
vn -0.54044 -0.73942 -0.40147
vn -0.41194 -0.6015 -0.68448
vn -0.41267 -0.60592 -0.68012
vn -0.22277 -0.34343 -0.91238
vn -0.2097 -0.33396 -0.91896
vn -0.16793 -0.94509 0.28037
vn -0.13493 -0.77518 0.61717
vn -0.14646 -0.82743 0.54214
vn -0.08655 -0.48632 0.86948
vn -0.08662 -0.48676 0.86923
vn -0.30472 -0.86275 0.40348
vn -0.43824 -0.63954 0.63161
vn -0.44872 -0.63912 0.62463
vn -0.56753 -0.72003 0.39934
vn -0.55159 -0.77628 0.30519
vn -0.44685 -0.63399 0.63117
vn -0.34881 -0.53964 0.76624
vn -0.19919 -0.23942 0.95027
vn -0.24085 -0.39588 0.88616
vn -0.21236 -0.85377 -0.47537
vn -0.13675 -0.54104 -0.8298
vn -0.08308 -0.33384 -0.93896
vn -0.9275 -0.11393 -0.35604
vn -0.80253 0.00918 -0.59654
vn -0.87363 0.0912 -0.47796
vn -0.36719 0.76294 -0.53206
vn -0.35036 -0.66771 -0.65682
vn -0.50496 -0.66415 -0.55129
vn -0.57807 -0.51208 -0.6353
vn -0.68808 -0.40441 -0.60249
vn -0.64496 -0.33948 -0.68467
vn -0.77957 -0.29961 -0.55001
vn -0.71683 -0.17572 -0.67475
vn -0.75699 0.30294 -0.57895
vn -0.61699 0.44988 -0.6457
vn -0.46688 0.5766 -0.67049
vn -0.36134 0.72453 -0.58692
vn -0.46373 -0.46378 -0.7549
vn -0.5978 0.16898 -0.78363
vn -0.57595 0.39521 -0.7156
vn -0.46421 0.57028 -0.67771
vn -0.26753 -0.56307 -0.7819
vn -0.26594 -0.02961 -0.96354
vn 0.85312 -0.21087 -0.47721
vn 0.82758 -0.33233 -0.4524
vn -0.10259 -0.85923 -0.50119
vn 0.77636 -0.10892 -0.62081
vn 0.77513 -0.10842 -0.62243
vn 0.78057 -0.17308 -0.60063
vn 0.65369 -0.28952 -0.69919
vn 0.59285 -0.37645 -0.71191
vn 0.59249 -0.37632 -0.71228
vn 0.5396 -0.45256 -0.70994
vn 0.42968 -0.48957 -0.75875
vn 0.4066 -0.63217 -0.65957
vn 0.27308 -0.65844 -0.70134
vn 0.21579 -0.67589 -0.7047
vn 0.18015 -0.6193 -0.76421
vn 0.13369 -0.76227 -0.63331
vn -0.06523 -0.68845 -0.72234
vn 0.03996 -0.62296 -0.78123
vn 0.32978 -0.33287 -0.88343
vn 0.23032 -0.43999 -0.86796
vn 0.01236 -0.49312 -0.86987
vn 0.27047 -0.09207 -0.95832
vn -0.21174 0.81599 -0.5379
vn -0.19185 0.75589 -0.62596
vn -0.09715 0.36646 -0.92535
vn -0.07139 0.24208 -0.96763
vn 0.54164 -0.40117 -0.73871
vn 0.29034 -0.61862 -0.73008
vn 0.49226 -0.73507 -0.46621
vn 0.3657 -0.815 -0.44948
vn 0.17844 -0.25614 -0.95003
vn 0.8258 -0.25629 -0.50237
vn 0.74846 -0.3389 -0.57005
vn 0.88202 -0.29611 -0.36655
vn 0.87253 -0.41744 -0.25386
vn 0.8162 -0.51238 -0.26698
vn -0.8488 -0.3947 -0.35178
vn -0.84043 -0.12713 -0.5268
vn -0.6489 -0.26112 -0.71466
vn -0.56657 0.04078 -0.823
vn -0.30548 0.3221 -0.89606
vn -0.26679 0.22304 -0.93759
vn -0.47214 -0.12118 -0.87315
vn -0.4787 0.42393 -0.76885
vn -0.84516 0.36217 -0.3931
vn -0.7348 0.35443 -0.57831
vn -0.30001 0.61125 -0.73238
vn -0.32299 0.68434 -0.65372
vn -0.70554 0.70397 -0.08149
vn -0.65075 0.53351 -0.54027
vn -0.49022 0.72905 -0.47767
vn -0.67376 0.2998 -0.67541
vn 0.88188 -0.47147 0.00302
vn 0.6327 -0.77436 -0.00725
vn 0.41056 -0.91183 -0.00114
vn -0.95546 -0.29511 -0.00069
vn -0.98554 -0.16939 -0.00449
vn -0.97653 0.21537 0.00289
vn -0.76324 0.6461 -0.00375
vn -0.8127 0.58266 -0.0057
vn 0.52535 -0.82889 0.19221
vn 0.30863 -0.8908 0.3335
vn 0.43348 -0.68474 0.58586
vn 0.55111 -0.67045 0.49677
vn 0.39541 -0.43506 0.80894
vn 0.46623 -0.43832 0.76844
vn 0.713 -0.66965 0.20784
vn 0.62153 -0.68359 0.38263
vn 0.30031 -0.79384 0.5288
vn 0.86696 -0.27739 0.41404
vn -0.90824 -0.32276 0.2663
vn -0.85531 -0.07149 0.51316
vn -0.30562 0.15858 0.93886
vn -0.41603 0.09754 0.90411
vn -0.65263 -0.31889 0.6873
vn -0.86891 -0.12971 0.47768
vn -0.63418 0.19923 0.74707
vn -0.88678 0.17552 0.42758
vn -0.93944 0.01573 0.34234
vn -0.28449 0.40021 0.87115
vn -0.51312 0.51921 0.68348
vn -0.66166 0.32563 0.67541
vn -0.43327 0.86173 0.26402
vn -0.7012 0.64484 0.30413
vn -0.31008 0.90559 0.28942
vn -0.50107 0.58779 0.63516
vn -0.6839 0.67297 0.28178
vn 0.45079 -0.08357 0.88871
vn 0.49499 -0.09342 0.86386
vn 0.85529 -0.09904 0.5086
vn 0.73842 -0.22072 0.63719
vn 0.70678 -0.28785 0.64622
vn 0.71554 -0.29428 0.63356
vn 0.65299 -0.42046 0.62993
vn 0.63584 -0.40346 0.65797
vn 0.61288 -0.5204 0.59461
vn 0.40601 -0.41482 0.8143
vn 0.54997 -0.64157 0.53472
vn 0.15131 -0.17559 0.97277
vn 0.3397 -0.54295 0.76799
vn 0.47412 -0.70975 0.52103
vn 0.31078 -0.7708 0.55614
vn 0.22217 -0.47413 0.85197
vn 0.08805 -0.21991 0.97154
vn 0.15609 -0.66044 0.73448
vn 0.18779 -0.78822 0.58604
vn 0.18901 -0.82365 0.53466
vn 0.00496 -0.20079 0.97962
vn 0.01996 -0.30811 0.95114
vn 0.04233 -0.82251 0.56717
vn 0.05201 -0.86017 0.50734
vn -0.08838 -0.80777 0.58284
vn -0.08782 -0.80651 0.58466
vn -0.20702 0.83104 0.51625
vn -0.11165 0.4183 0.90142
vn -0.1329 0.48706 0.8632
vn -0.18599 -0.74935 0.63552
vn -0.12336 -0.48541 0.86554
vn -0.38203 -0.30829 0.87121
vn -0.62042 -0.3911 0.6798
vn -0.76703 -0.10349 0.63321
vn -0.82264 -0.09627 0.56036
vn -0.41907 0.19536 0.88668
vn -0.72964 0.24921 0.63681
vn -0.2351 0.27899 0.93107
vn -0.36641 -0.68724 0.62726
vn -0.38007 -0.60124 0.70289
vn -0.51589 -0.65168 0.55602
vn -0.53747 -0.57608 0.61584
vn -0.71142 -0.28301 0.64326
vn -0.67607 -0.2533 0.69193
vn -0.21567 0.00113 0.97647
vn -0.79172 0.10245 0.60223
vn -0.80856 0.11149 0.57775
vn -0.62333 0.44744 0.64129
vn -0.58905 0.48816 0.64399
vn -0.38743 0.61768 0.68438
vn -0.36488 0.70539 0.60769
vn -1 0 0
vn 0 -1 -0
vn 1 0 -0
vn -0 1 0
vn -1 -0.00024 -0.00281
vn -0.89185 0.00049 -0.45232
vn -0.88145 0.0029 -0.47228
vn -0.44511 -0.00319 -0.89547
vn -0.39985 0.00319 -0.91657
vn 0.23462 -0.00319 -0.97208
vn 0.28286 0.00319 -0.95916
vn 0.79951 -0.00311 -0.60064
vn 0.82253 0.0018 -0.56872
vn 0.9981 -0.00012 -0.06169
vn 0.99923 0.00141 -0.03914
vn 0.96021 -0.00217 0.27928
vn 0.94411 0.00272 0.32961
vn 0.6166 -0.00292 0.78727
vn 0.60501 -0.00129 0.79622
vn 0.18033 0.00329 0.9836
vn 0.1091 -0.00359 0.99402
vn -0.4284 0.00082 0.90359
vn -0.44511 0.00319 0.89547
vn -0.88145 -0.0029 0.47228
vn -0.89185 -0.00049 0.45232
vn -1 0.00024 0.00281
vn -1 0.00014 0.00095
vn -0.71745 -0.00182 -0.69661
vn -0.71304 -0.00078 -0.70112
vn -0.09352 0.00424 -0.99561
vn 0.03108 -0.00988 -0.99947
vn 0.4705 0.00959 -0.88235
vn 0.71297 -0.01446 -0.70105
vn 0.89181 0.01021 -0.4523
vn 0.99999 -0.00241 -0.00281
vn 0.99977 -0.00028 -0.02154
vn 0.89185 0.00049 0.45233
vn 0.88144 0.0029 0.47228
vn 0.47052 -0.00292 0.88238
vn 0.4284 0.00232 0.90359
vn -0.09352 -0.00232 0.99561
vn -0.14035 0.00292 0.9901
vn -0.71304 -0.0035 0.70111
vn -0.73753 0.00176 0.67531
vn -1 -0.00014 -0.00095
vn -0.99977 -0.00028 0.02154
vn -0.89185 0.00049 -0.45233
vn -0.88144 0.0029 -0.47228
vn -0.47052 -0.00292 -0.88238
vn -0.4284 0.00232 -0.90359
vn 0.09352 -0.00232 -0.99561
vn 0.14035 0.00292 -0.9901
vn 0.71304 -0.0035 -0.70111
vn 0.73753 0.00176 -0.67531
vn 1 -0.00014 0.00095
vn 1 0.00014 -0.00095
vn 0.71745 -0.00182 0.69661
vn 0.69102 0.00431 0.72283
vn -0.03108 -0.00398 0.99951
vn -0.08249 0.00347 0.99659
vn -0.71304 -0.0035 0.70112
vn -0.73753 0.00176 0.67531
vn -0.99973 -7E-05 0.02335
vn -0.96021 -0.00217 -0.27928
vn -0.94411 0.00272 -0.32961
vn -0.6166 -0.00292 -0.78727
vn -0.60501 -0.00129 -0.79622
vn -0.18033 0.00329 -0.9836
vn -0.1091 -0.00359 -0.99402
vn 0.4284 0.00082 -0.90359
vn 0.44511 0.00319 -0.89547
vn 0.88145 -0.0029 -0.47228
vn 0.89185 -0.00049 -0.45232
vn 1 0.00024 -0.00281
vn 1 -0.00024 0.00281
vn 0.89185 0.00049 0.45232
vn 0.88145 0.0029 0.47228
vn 0.44511 -0.00319 0.89547
vn 0.39985 0.00319 0.91657
vn -0.23462 -0.00319 0.97208
vn -0.28286 0.00319 0.95916
vn -0.79951 -0.00311 0.60064
vn -0.82253 0.0018 0.56872
vn -0.9981 -0.00012 0.06169
vn -0.99923 0.00141 0.03914
vn -0.99996 0.00418 -0.00826
vn -0.99996 0.00759 -0.00534
vn -0.99998 0.00508 -0.00469
vn 0.00318 0.99994 -0.01091
vn -0.00036 0.99997 -0.00771
vn 0.00157 0.99999 -0.00513
vn 0.99992 0.013 0.00089
vn 0.99993 0.00524 -0.01067
vn 0.9999 0.00602 -0.01315
vn 0.99981 0.00974 -0.0167
vn -0.14204 0.98986 0.00149
vn -0.44463 0.89567 -0.00881
vn -0.45496 0.89043 -0.01196
vn -0.30328 0.95281 -0.01349
vn -0.23957 0.97088 -0.00091
vn -0.27272 0.96194 -0.01713
vn -0.83209 0.55452 -0.01158
vn -0.82751 0.56137 -0.00941
vn -0.73793 0.67479 -0.01054
vn -0.73358 0.67954 -0.00931
vn -0.68282 0.7304 -0.01613
vn -0.54142 0.84074 0.00511
vn -0.59375 0.80448 -0.01629
vn -0.95414 0.29891 -0.01646
vn -0.92371 0.38308 0.00104
vn -0.88761 0.46034 -0.0155
vn -0.98515 0.17168 -0.0019
vn -0.97731 0.21133 -0.01426
vn 0.98731 0.15868 -0.00656
vn 0.97845 0.20578 -0.01719
vn 0.95489 0.29694 -0.0031
vn 0.90812 0.41829 -0.01875
vn 0.88464 0.46621 -0.0075
vn 0.84331 0.53726 -0.01358
vn 0.80353 0.59526 -0.00222
vn 0.73014 0.68311 -0.01591
vn 0.68074 0.73247 -0.00922
vn 0.67487 0.73786 -0.01073
vn 0.56921 0.82214 -0.00929
vn 0.55509 0.83169 -0.01307
vn 0.46265 0.88645 -0.01271
vn 0.44129 0.89733 -0.00712
vn 0.29489 0.95549 -0.00849
vn 0.32344 0.94614 -0.01427
vn 0.22659 0.97387 -0.01547
vn 0.17474 0.98461 -0.00154
vn 0.90981 0.41487 -0.01118
vn 0.83706 0.54709 0.00367
vn 0.62202 0.78284 -0.01579
vn 0.60953 0.79263 -0.01445
vn -0.47392 0.88055 -0.00487
vn -0.61057 0.79163 -0.02297
vn -0.82974 0.55813 0.00518
vn -0.98032 0.19661 -0.01795
vn 1 0 0
vn 1 0 -0
vn 1 -1E-05 -0
vn 1 -1E-05 0
vn 1 0 1E-05
vn -7E-05 0.00614 0.99998
vn 0.00207 -0.00325 0.99999
vn -0.00112 0.00279 1
vn 0.00027 0.00173 1
vn 0.00209 0.00119 1
vn -0.0091 0.006 0.99994
vn 7E-05 0.00614 -0.99998
vn 0.00107 0.0027 -1
vn 0.00112 0.00279 -1
vn 0.00082 0.00184 -1
vn 0.01613 0.00666 -0.99985
vn -0.00874 0.00332 -0.99996
vn 0.63244 -0.7746 -0.00464
vn 0.53346 -0.84581 0.00525
vn 0.36837 -0.92966 -0.00519
vn 0.24606 -0.96924 0.00519
vn 0.09778 -0.9952 -0.0033
vn -0.06428 -0.99793 0.00325
vn -0.11302 -0.99359 -0.00148
vn -0.36838 -0.92967 0.00173
vn -0.3941 -0.91907 -0.00173
vn -0.63244 -0.7746 0.00167
vn -0.65264 -0.75767 -0.00132
vn 0.00012 -1E-05 -1
vn -8E-05 -4E-05 -1
vn -0.00017 5E-05 -1
vn -2E-05 3E-05 -1
vn -2E-05 2E-05 -1
vn -1E-05 8E-05 -1
vn -1E-05 4E-05 -1
vn -2E-05 2E-05 -1
vn -2E-05 2E-05 -1
vn -2E-05 2E-05 -1
vn -3E-05 1E-05 -1
vn -0.00015 1E-05 -1
vn -0.00014 -1E-05 -1
vn -4E-05 -8E-05 -1
vn -5E-05 -8E-05 -1
vn 0 -5E-05 -1
vn -4E-05 -7E-05 -1
vn -1E-05 -0.0001 -1
vn -2E-05 -9E-05 -1
vn 1E-05 -5E-05 -1
vn 2E-05 -4E-05 -1
vn 3E-05 -4E-05 -1
vn -0.00014 -4E-05 -1
vn -0.00014 -7E-05 -1
vn -0.00015 -9E-05 -1
vn -0.00012 -8E-05 -1
vn -8E-05 -8E-05 -1
vn -4E-05 -4E-05 -1
vn 7E-05 -2E-05 -1
vn -2E-05 -7E-05 -1
vn -4E-05 -8E-05 -1
vn 3E-05 -0.0001 -1
vn 4E-05 -8E-05 -1
vn -4E-05 -4E-05 -1
vn -6E-05 -4E-05 -1
vn 0.00015 -0.00033 -1
vn 0.00011 -0.00039 -1
vn 4E-05 -0.00051 -1
vn -6E-05 -4E-05 -1
vn -0.00014 -4E-05 -1
vn -8E-05 -4E-05 -1
vn -3E-05 -4E-05 -1
vn -2E-05 -5E-05 -1
vn 0.00014 -0.00011 -1
vn -0.00076 -0.00282 -1
vn -7E-05 -0.0008 -1
vn 0.00021 -0.00029 -1
vn 0.00027 -0.00027 -1
vn 0.00037 -0.00026 -1
vn 0.00058 -0.00027 -1
vn 0.00033 -0.00024 -1
vn 0.00012 -3E-05 -1
vn 0.0001 -1E-05 -1
vn 9E-05 1E-05 -1
vn 9E-05 2E-05 -1
vn 9E-05 4E-05 -1
vn 0.00045 0.0002 -1
vn -0 5E-05 -1
vn -2E-05 5E-05 -1
vn -1E-05 1E-05 -1
vn 3E-05 3E-05 -1
vn -6E-05 4E-05 -1
vn 0 -0 -1
vn 3E-05 2E-05 -1
vn 0.00016 2E-05 -1
vn 1E-05 -2E-05 -1
vn 1E-05 -1E-05 -1
vn 2E-05 1E-05 -1
vn 0.0001 1E-05 -1
vn 9E-05 2E-05 -1
vn 8E-05 4E-05 -1
vn 7E-05 5E-05 -1
vn 7E-05 7E-05 -1
vn 6E-05 9E-05 -1
vn 3E-05 0.00039 -1
vn -0.00062 0.00062 -1
vn 0.00045 0.00097 -1
vn 0.00016 0.00059 -1
vn 4E-05 0.00047 -1
vn -4E-05 0.00042 -1
vn -0.00011 0.0004 -1
vn -0.00019 0.00041 -1
vn -0.00032 0.00046 -1
vn -7E-05 3E-05 -1
vn -1E-05 -2E-05 -1
vn -2E-05 -1E-05 -1
vn 2E-05 -0 -1
vn 0 0 -1
vn -1E-05 0 -1
vn -0.0001 3E-05 -1
vn -1E-05 5E-05 -1
vn -5E-05 5E-05 -1
vn -4E-05 7E-05 -1
vn -9E-05 4E-05 -1
vn -7E-05 1E-05 -1
vn -1E-05 -2E-05 -1
vn 0 0 -1
vn 0 0 -1
vn -0 0 -1
vn -5E-05 -1E-05 -1
vn -8E-05 2E-05 -1
vn 9E-05 -0 -1
vn -1E-05 0 -1
vn 0 -0 -1
vn 0.0001 -1E-05 -1
vn 0.00027 -0.00013 -1
vn 0.00016 -4E-05 -1
vn 4E-05 -4E-05 -1
vn 6E-05 -4E-05 -1
vn 9E-05 -4E-05 -1
vn 4E-05 -4E-05 -1
vn 1E-05 1E-05 -1
vn 8E-05 -4E-05 -1
vn 1E-05 1E-05 -1
vn 1E-05 1E-05 -1
vn 1E-05 1E-05 -1
vn 0 2E-05 -1
vn 0 2E-05 -1
vn 0 2E-05 -1
vn -0.00265 0.00185 -0.99999
vn 8E-05 0.00016 -1
vn -6E-05 4E-05 -1
vn 0.96241 0.2702 0.0275
vn 0.9656 0.2597 0.01332
vn 0.85373 0.52061 -0.00998
vn 0.84838 0.52938 0
vn 0.71811 0.69593 -0
vn 0.71009 0.70402 0.01151
vn 0.48026 0.87704 -0.0121
vn 0.46291 0.8863 0.01332
vn 0.16947 0.98546 -0.01211
vn 0.15005 0.98859 0.01332
vn -0.1597 0.98709 -0.0121
vn -0.17908 0.98374 0.01332
vn -0.47155 0.88175 -0.0121
vn -0.48879 0.8723 0.01332
vn -0.71426 0.69981 -0.00998
vn -0.72145 0.69247 0
vn -0.85092 0.52529 0
vn -0.85679 0.51553 0.01151
vn -0.9681 0.25026 -0.0121
vn -0.96356 0.26549 -0.03263
vn -0.99818 0.04558 0.03952
vn -0.99804 -0.05154 -0.03537
vn -0.96241 -0.2702 0.0275
vn -0.9656 -0.2597 0.01332
vn -0.85373 -0.52061 -0.00998
vn -0.84838 -0.52938 -0
vn -0.71811 -0.69593 0
vn -0.71009 -0.70402 0.01151
vn -0.48026 -0.87704 -0.0121
vn -0.46291 -0.8863 0.01332
vn -0.16947 -0.98546 -0.01211
vn -0.15005 -0.98859 0.01332
vn 0.1597 -0.98709 -0.0121
vn 0.17908 -0.98374 0.01332
vn 0.47155 -0.88175 -0.0121
vn 0.48879 -0.8723 0.01332
vn 0.71426 -0.69981 -0.00998
vn 0.72145 -0.69247 0
vn 0.85092 -0.52529 0
vn 0.85679 -0.51553 0.01151
vn 0.9681 -0.25026 -0.0121
vn 0.96356 -0.26549 -0.03263
vn 0.99818 -0.04558 0.03952
vn 0.99804 0.05154 -0.03537
vn 1E-05 0 -1
vn -0.00014 -0.00081 -1
vn -0.00022 -0.0002 -1
vn -0.0001 -6E-05 -1
vn -0.00117 -0.00073 -1
vn -0.00131 0.00079 -1
vn -8E-05 -7E-05 -1
vn -8E-05 -0.0001 -1
vn -5E-05 -9E-05 -1
vn -5E-05 -6E-05 -1
vn -0.00058 0.00056 -1
vn -0.00055 0.00017 -1
vn 0.00024 0.00073 -1
vn 0.00066 -0.0004 -1
vn -4E-05 1E-05 -1
vn 0.00044 -0.00049 -1
vn -0.0001 0 -1
vn -6E-05 -2E-05 -1
vn -0.0001 -3E-05 -1
vn -4E-05 -5E-05 -1
vn -5E-05 1E-05 -1
vn 0.00011 0 -1
vn 0.00015 0.00014 -1
vn -0 -1E-05 -1
vn -3E-05 -5E-05 -1
vn 2E-05 -0.0001 -1
vn 5E-05 -3E-05 -1
vn 1E-05 -1E-05 -1
vn -2E-05 -8E-05 -1
vn 9E-05 -5E-05 -1
vn 3E-05 -2E-05 -1
vn 4E-05 -0 -1
vn 8E-05 -7E-05 -1
vn 4E-05 -2E-05 -1
vn 5E-05 -7E-05 -1
vn 4E-05 -2E-05 -1
vn 5E-05 -1E-05 -1
vn 4E-05 -1E-05 -1
vn -4E-05 1E-05 1
vn 2E-05 -0.00179 1
vn 0.00022 -0.00019 1
vn 0.00305 -0.00191 0.99999
vn -0.00103 0.00102 1
vn 0.0039 -4E-05 0.99999
vn -0.00111 0.00077 1
vn 6E-05 3E-05 1
vn 0.00011 0 1
vn 0.00058 0.00056 1
vn 0.00055 0.00017 1
vn -0.00024 0.00073 1
vn -0.00066 -0.0004 1
vn 0.0001 -6E-05 1
vn -5E-05 -9E-05 1
vn -5E-05 -5E-05 1
vn 0.00011 3E-05 1
vn -0.00048 -0.00047 1
vn 4E-05 -1E-05 1
vn 4E-05 -5E-05 1
vn 4E-05 -1E-05 1
vn 8E-05 -7E-05 1
vn 5E-05 1E-05 1
vn 5E-05 -9E-05 1
vn -3E-05 -3E-05 1
vn -3E-05 -3E-05 1
vn -4E-05 -9E-05 1
vn -3E-05 -2E-05 1
vn -4E-05 -3E-05 1
vn -0.00011 -3E-05 1
vn -7E-05 0 1
vn -6E-05 -3E-05 1
vn -0.00011 -0 1
vn 2E-05 -0.00011 1
vn 2E-05 -0.00012 1
vn -1E-05 -4E-05 1
vn 1E-05 -0.00011 1
vn 0.99837 0.05699 0
vn 0.96407 0.26564 -0
vn 0.96125 0.27551 0.00998
vn 0.85679 0.51553 -0.01151
vn 0.85092 0.52529 0
vn 0.72145 0.69247 -0
vn 0.71426 0.69981 0.00998
vn 0.48879 0.8723 -0.01332
vn 0.47155 0.88175 0.0121
vn 0.17908 0.98374 -0.01332
vn 0.1597 0.98709 0.0121
vn -0.15005 0.98859 -0.01332
vn -0.16947 0.98546 0.0121
vn -0.46291 0.8863 -0.01332
vn -0.48026 0.87704 0.01211
vn -0.71009 0.70402 -0.01151
vn -0.71811 0.69593 0
vn -0.84838 0.52938 0
vn -0.85373 0.52061 0.00998
vn -0.9656 0.2597 -0.01332
vn -0.97053 0.24066 0.0121
vn -0.99889 -0.04561 -0.01151
vn -0.99837 -0.05699 -0
vn -0.96407 -0.26564 0
vn -0.96125 -0.27551 0.00998
vn -0.85679 -0.51553 -0.01151
vn -0.85092 -0.52529 -0
vn -0.72145 -0.69247 0
vn -0.71426 -0.69981 0.00998
vn -0.48879 -0.8723 -0.01332
vn -0.47155 -0.88175 0.0121
vn -0.17908 -0.98374 -0.01332
vn -0.1597 -0.98709 0.0121
vn 0.15005 -0.98859 -0.01332
vn 0.16947 -0.98546 0.0121
vn 0.46291 -0.8863 -0.01332
vn 0.48026 -0.87704 0.01211
vn 0.71009 -0.70402 -0.01151
vn 0.71811 -0.69593 0
vn 0.84838 -0.52938 0
vn 0.85373 -0.52061 0.00998
vn 0.9656 -0.2597 -0.01332
vn 0.97053 -0.24066 0.0121
vn 0.99889 0.04561 -0.01151
vn 8E-05 -0.00068 1
vn 0.00012 -0.00076 1
vn 0.00022 -0.0005 1
vn 0.00038 -0.00051 1
vn 5E-05 -0.0003 1
vn 0.00013 -0.0001 1
vn 0.00015 -0.0001 1
vn 0.00015 -6E-05 1
vn 0.00019 -4E-05 1
vn 0.00016 -2E-05 1
vn 0.00018 2E-05 1
vn 0.00017 2E-05 1
vn 0.00016 7E-05 1
vn 0.00016 7E-05 1
vn 0.00013 9E-05 1
vn 0.00021 0.0004 1
vn 0.00033 0.00045 1
vn 0.00023 0.00054 1
vn 0.00022 0.00076 1
vn 7E-05 0.00061 1
vn -8E-05 0.00068 1
vn -0.00012 0.00076 1
vn -0.00022 0.0005 1
vn -0.00038 0.00051 1
vn -5E-05 0.0003 1
vn -0.00013 0.0001 1
vn -0.00015 0.0001 1
vn -0.00015 6E-05 1
vn -0.00019 4E-05 1
vn -0.00016 2E-05 1
vn -0.00018 -2E-05 1
vn -0.00017 -2E-05 1
vn -0.00016 -7E-05 1
vn -0.00016 -7E-05 1
vn -0.00013 -9E-05 1
vn -0.00021 -0.0004 1
vn -0.00033 -0.00045 1
vn -0.00023 -0.00054 1
vn -0.00022 -0.00076 1
vn -7E-05 -0.00061 1
vn -0.993 -0.11809 -0.00172
vn -0.91901 -0.39423 -0.00058
vn -0.94732 -0.32028 0.00303
vn -0.80092 -0.59877 -0.0008
vn -0.83117 -0.55602 0.00237
vn -0.88754 -0.46072 0.00254
vn -0.59877 -0.80092 -0.00205
vn -0.69637 -0.71767 0.00354
vn -0.39423 -0.91901 -0.0008
vn -0.4418 -0.89711 0.00237
vn -0.51641 -0.85634 0.0025
vn -0.11809 -0.993 -0.00168
vn -0.20909 -0.97789 0.00452
vn 0.11809 -0.993 -0.00172
vn 0.05998 -0.9982 0.00215
vn 0.39423 -0.91901 -0.00058
vn 0.32028 -0.94732 0.00303
vn 0.59877 -0.80092 -0.0008
vn 0.55602 -0.83117 0.00237
vn 0.46072 -0.88754 0.00254
vn 0.80092 -0.59877 -0.00205
vn 0.71767 -0.69637 0.00354
vn 0.91901 -0.39423 -0.00172
vn 0.89289 -0.45028 0.00239
vn 0.85634 -0.51641 0.0025
vn 0.993 -0.11809 -0.00058
vn 0.98054 -0.19629 0.00303
vn 0.993 0.11809 -0.0008
vn 0.99782 0.06594 0.00237
vn 0.99899 -0.04478 0.00254
vn 0.91901 0.39423 -0.00168
vn 0.95142 0.30786 0.00452
vn 0.80092 0.59877 -0.00172
vn 0.83448 0.55104 0.00215
vn 0.59877 0.80092 -0.00058
vn 0.66026 0.75103 0.00303
vn 0.39423 0.91901 -0.00172
vn 0.45028 0.89289 0.00239
vn 0.53828 0.84276 0.00254
vn 0.11809 0.993 -0.00058
vn 0.19629 0.98054 0.00303
vn -0.11809 0.993 -0.00172
vn -0.05649 0.9984 0.00239
vn 0.04478 0.99899 0.00254
vn -0.39423 0.91901 -0.00058
vn -0.32028 0.94732 0.00303
vn -0.59877 0.80092 -0.0008
vn -0.55602 0.83117 0.00237
vn -0.46072 0.88754 0.00254
vn -0.80092 0.59877 -0.00168
vn -0.74233 0.67002 0.00452
vn -0.91901 0.39423 -0.00172
vn -0.89445 0.44716 0.00215
vn -0.9984 -0.05649 0.00239
vn -0.99899 0.04478 0.00254
vn -0.993 0.11809 -0.00058
vn -0.98054 0.19629 0.00303
vn -0.00283 -0.00232 0.99999
vn -9E-05 -0.0018 1
vn -0.00388 -0.00306 0.99999
vn -0.02053 -0.0127 0.99971
vn -0.00097 -0.00358 0.99999
vn 0.00122 -0.00109 1
vn -0.00773 -0.00412 0.99996
vn 0.00076 0.00054 1
vn -0.01092 -0.00554 0.99992
vn 0.00441 0.00312 0.99999
vn 0.003 0.01492 0.99988
vn 0.00025 -0.00562 0.99998
vn 0.00097 0.00329 0.99999
vn 0.00094 0.00837 0.99996
vn 0.00116 0.00728 0.99997
vn 0.70563 -0.70858 0.00135
vn 0.70505 -0.70915 -0.00029
vn 0.70589 -0.7083 0.00498
vn 0.70677 -0.70744 8E-05
vn 0.70593 -0.70828 0.00063
vn 0.70319 -0.71099 -0.00352
vn 0.70412 -0.71006 -0.00507
vn 0.70506 -0.70915 -0.0003
vn 0.70596 -0.70826 0.00084
vn 0.70524 -0.70897 -1E-05
vn 0.70371 -0.71048 0.00356
vn 0.70463 -0.70955 0.00622
vn 0.70466 -0.70951 0.00639
vn 0.70533 -0.70888 0.00236
vn 0.70511 -0.7091 -0.00016
vn 0.70431 -0.70988 -0.00426
vn 0.70542 -0.70871 -0.01032
vn 0.71148 -0.70259 -0.01301
vn 0.70667 -0.70753 -0.00493
vn 0.7049 -0.70931 -4E-05
vn 0.70515 -0.70906 -0.00017
vn 0.71261 -0.70137 0.01656
vn 0.72244 -0.69046 0.03657
vn 0.71458 -0.69926 -0.02017
vn -0.00302 0.99995 0.00951
vn 0.00233 0.99998 -0.00563
vn 0.00487 0.99995 -0.00886
vn 0.00188 0.99996 0.00908
vn -0.00121 1 -0.00138
vn 0.0012 1 0.00138
vn 0.00659 0.99998 0.0001
vn 0.00137 1 0.00161
vn -0.0067 0.99998 -9E-05
vn -0.0015 1 -0.00107
vn -1E-05 1 -0.00012
vn 1E-05 1 0.00012
vn 4E-05 1 0.00144
vn -0.00988 0.99979 -0.01779
vn 0.02886 0.99958 0.00287
vn -0.01235 0.99992 -0.00236
vn 0.01234 0.99992 0.00236
vn -0.00078 0.99995 -0.00947
vn -0.00216 0.99999 -0.00421
vn -0.00131 1 0.00209
vn 0.00912 0.99995 0.00465
vn -0.01767 0.99982 -0.00744
vn -0.99985 0.01326 0.01156
vn -1 0.0012 -0.00124
vn -0.99998 0.00641 -0.00035
vn -0.0031 0.99994 0.01083
vn 0.00036 0.99997 0.00771
vn -0.00179 0.99999 0.00483
vn 0.99996 0.0022 0.00834
vn 0.99997 0.0075 0.00194
vn 0.9989 0.04654 0.00547
vn -1 0 -0
vn -1 -1E-05 -0
vn -1 0 -1E-05
vn -1 -1E-05 0
vn -1 0 0
vn -0.70589 -0.7083 -0.00498
vn -0.70563 -0.70858 -0.00135
vn -0.70505 -0.70915 0.00029
vn -0.70319 -0.71099 0.00352
vn -0.70466 -0.70955 -0.00035
vn -0.70444 -0.70977 -3E-05
vn -0.70371 -0.71048 -0.00356
vn -0.70677 -0.70744 -8E-05
vn -0.70593 -0.70828 -0.00063
vn -0.70412 -0.71006 0.00507
vn -0.70463 -0.70955 -0.00622
vn -0.70466 -0.70951 -0.00639
vn -0.70533 -0.70888 -0.00236
vn -0.70596 -0.70826 -0.00084
vn -0.70461 -0.70959 -0.00031
vn -0.71238 -0.70161 -0.0161
vn -0.70431 -0.70988 0.00426
vn -0.70542 -0.70871 0.01032
vn -0.71148 -0.70259 0.01302
vn -0.72244 -0.69046 -0.03657
vn -0.70511 -0.7091 0.00016
vn -0.70667 -0.70753 0.00493
vn -0.7049 -0.70931 4E-05
vn -0.71458 -0.69926 0.02017
vn 0.00035 0.00392 0.99999
vn 0.00069 0.0028 1
vn -0.00077 7E-05 1
vn -0.00211 0.00724 0.99997
vn 0.01667 0.00896 0.99982
vn 0.00028 0.00365 0.99999
vn -0.00032 0.00522 -0.99999
vn -0.00115 0.0028 -1
vn -0.00073 0.00196 -1
vn 0.00478 0.00255 -0.99999
vn -0.00126 0.0047 -0.99999
vn -0.00297 -0.00061 -1
vn 0.7992 -0.06585 -0.59745
vn -0.81967 0.3621 -0.44387
vn -0.68126 0.55514 -0.47717
vn -0.07195 0.88784 -0.4545
vn 0.5744 0.67045 -0.46964
vn 0.76815 0.45727 -0.44816
vn -0.02732 0.06642 -0.99742
vn -0.68812 -0.05309 -0.72365
vn -0.7991 -0.43898 -0.41078
vn 0.80468 -0.51353 -0.29796
vn 0.15367 0.00802 -0.98809
vn 0.11199 0.38534 -0.91595
vn -0.1162 0.46061 -0.87996
vn 0.88536 -0.04993 -0.46222
vn 0.89983 -0.0743 -0.42987
vn 0.88968 -0.22523 -0.39716
vn 0.83082 -0.29421 -0.47242
vn 0.8412 -0.35491 -0.40796
vn 0.32945 0.81472 -0.47717
vn -0.86522 -0.24562 -0.43711
vn -0.91276 -0.07027 -0.40241
vn -0.89764 -0.08522 -0.4324
vn 0.26837 0.79031 -0.55081
vn 0.27381 0.89002 -0.36454
vn 0.77685 -0.03417 -0.62876
vn 0.78301 -0.1956 -0.59045
vn -0.80326 -0.09643 -0.58777
vn -0.84633 -0.07331 -0.52759
vn -0.78923 -0.26013 -0.55628
vn -0.88113 -0.29456 -0.36993
vn 0.64478 -0.03107 -0.76374
vn 0.24589 0.65022 -0.71885
vn 0.21152 0.69259 -0.68962
vn 0.08768 0.7 -0.70874
vn 0.09695 0.70694 -0.70059
vn 0.12575 0.84726 -0.51608
vn 0.06304 0.81439 -0.57688
vn 0.10864 0.90143 -0.41906
vn 0.12087 0.90878 -0.39938
vn -0.57165 -0.01516 -0.82036
vn -0.72558 0.02829 -0.68755
vn 0.77457 0.09603 -0.62516
vn 0.79259 0.07835 -0.6047
vn 0.92645 0.09259 -0.36485
vn -0.06582 0.89375 -0.44371
vn 0.02859 0.82656 -0.56213
vn -0.05101 0.70622 -0.70615
vn -0.0104 0.63641 -0.77128
vn -0.05121 0.87535 -0.48077
vn -0.13033 0.74112 -0.6586
vn -0.11869 0.62175 -0.77417
vn -0.13339 0.59813 -0.79022
vn -0.18056 0.76454 -0.61878
vn -0.20405 0.79855 -0.56629
vn -0.17032 0.91795 -0.35826
vn -0.47426 0.04308 -0.87933
vn -0.65096 0.07568 -0.75533
vn -0.70345 0.0448 -0.70933
vn -0.79874 0.09067 -0.59481
vn -0.84912 0.055 -0.52533
vn -0.91496 0.09817 -0.39143
vn 0.44798 0.09307 -0.88919
vn 0.54051 0.092 -0.83629
vn 0.61811 0.11103 -0.77821
vn 0.68606 0.08661 -0.72237
vn 0.17752 0.51955 -0.83579
vn 0.15528 0.50713 -0.84776
vn 0.05893 0.53281 -0.84418
vn -0.12082 0.46362 -0.87776
vn -0.0521 0.55286 -0.83164
vn -0.0278 0.55352 -0.83237
vn -0.02934 0.55639 -0.83041
vn 0.07167 0.54582 -0.83483
vn 0.30456 0.8067 -0.50644
vn -0.16963 0.78779 -0.59213
vn -0.16865 0.38167 -0.90878
vn -0.19276 0.49581 -0.84677
vn -0.26953 0.5873 -0.76318
vn -0.29079 0.7254 -0.62389
vn -0.33192 0.828 -0.45193
vn -0.32151 0.84663 -0.42409
vn -0.87492 0.14274 -0.46275
vn 0.237 0.46094 -0.8552
vn 0.33611 0.64633 -0.68505
vn -0.10174 0.2552 -0.96152
vn -0.20794 0.39568 -0.89454
vn -0.27414 0.56254 -0.78
vn -0.34243 0.72781 -0.59417
vn 0.28157 0.07987 -0.95621
vn 0.42262 0.07977 -0.90279
vn 0.7512 0.25612 -0.60836
vn 0.85329 0.22172 -0.47195
vn 0.10677 0.17758 -0.9783
vn 0.20903 0.34501 -0.91503
vn 0.2153 0.34983 -0.91174
vn 0.3034 0.487 -0.81901
vn 0.38178 0.56726 -0.7297
vn 0.42391 0.70255 -0.5716
vn 0.42765 0.70381 -0.56725
vn 0.46825 0.80924 -0.35478
vn -0.07837 0.12757 -0.98873
vn -0.15735 0.27965 -0.94712
vn -0.44254 0.62351 -0.64451
vn -0.42839 0.73556 -0.52481
vn -0.48562 0.76957 -0.41466
vn -0.49513 0.74046 -0.4545
vn -0.27595 0.08674 -0.95725
vn -0.4292 0.09369 -0.89834
vn -0.53659 0.17686 -0.8251
vn -0.58321 0.12865 -0.80207
vn -0.71706 0.19632 -0.66879
vn -0.77451 0.17452 -0.60801
vn -0.81792 0.23575 -0.52481
vn -0.89875 0.2158 -0.38169
vn 0.87721 0.31181 -0.36506
vn 0.7875 0.23597 -0.56935
vn 0.72836 0.21758 -0.64973
vn 0.54371 0.22404 -0.80882
vn 0.78588 0.35705 -0.50488
vn 0.63759 0.28968 -0.71384
vn 0.47151 0.17171 -0.86498
vn 0.36414 0.18625 -0.91253
vn 0.27538 0.12616 -0.95302
vn 0.18699 0.09528 -0.97773
vn 0.785 0.45469 -0.42076
vn 0.72096 0.4169 -0.55354
vn 0.61336 0.37593 -0.6946
vn 0.5245 0.276 -0.80543
vn 0.33137 0.18034 -0.92611
vn 0.19106 0.09842 -0.97663
vn 0.71633 0.48583 -0.50084
vn 0.57958 0.39309 -0.71384
vn 0.45897 0.2813 -0.84274
vn 0.54115 0.47401 -0.6946
vn 0.70971 0.60752 -0.35668
vn 0.60433 0.58294 -0.54311
vn 0.60486 0.56674 -0.55942
vn 0.47444 0.49382 -0.72873
vn 0.44575 0.39045 -0.80552
vn 0.38942 0.37239 -0.84242
vn 0.28796 0.27536 -0.9172
vn 0.32464 0.28992 -0.90031
vn 0.22073 0.21253 -0.9519
vn 0.12506 0.10309 -0.98678
vn 0.57143 0.67043 -0.47327
vn 0.51285 0.60118 -0.61284
vn 0.45077 0.5614 -0.69399
vn 0.1623 0.21297 -0.96348
vn 0.04549 0.04761 -0.99783
vn 0.32732 0.40507 -0.85368
vn -0.44486 0.62354 -0.64289
vn -0.36911 0.47181 -0.80072
vn -0.3577 0.54921 -0.75527
vn -0.32061 0.43321 -0.84234
vn -0.21963 0.32903 -0.91842
vn -0.6231 0.70979 -0.32855
vn -0.5679 0.60411 -0.55905
vn -0.56092 0.63919 -0.52612
vn -0.46719 0.53238 -0.70591
vn -0.3162 0.35744 -0.87878
vn -0.20155 0.22587 -0.95308
vn -0.16772 0.16632 -0.9717
vn -0.11604 0.11594 -0.98645
vn -0.4508 0.43323 -0.78045
vn -0.30133 0.28958 -0.90848
vn -0.60068 0.58442 -0.54556
vn -0.57938 0.46583 -0.66882
vn -0.44968 0.39319 -0.80199
vn -0.14162 0.14798 -0.9788
vn -0.76963 0.52419 -0.36454
vn -0.69179 0.4961 -0.5247
vn -0.65822 0.38706 -0.64571
vn -0.52194 0.35403 -0.77605
vn -0.34816 0.23616 -0.9072
vn -0.62375 0.40131 -0.67073
vn -0.52763 0.23219 -0.81713
vn -0.38594 0.23751 -0.89142
vn -0.26735 0.14972 -0.9519
vn -0.13383 0.08937 -0.98697
vn -0.8239 0.38742 -0.41365
vn -0.7825 0.33425 -0.52533
vn -0.71058 0.35413 -0.60801
vn -0.60886 0.1957 -0.76876
vn -0.37082 0.18006 -0.91108
vn -0.2029 0.09324 -0.97475
vn -0.61293 0.18627 -0.76786
vn -0.15711 0.02238 -0.98733
vn 0.06027 0.17619 0.98251
vn 0.80741 -0.29195 0.51269
vn -0.80468 -0.51353 0.29796
vn -0.7991 -0.2709 0.53671
vn -0.33309 0.04255 0.94193
vn -0.11179 0.40497 0.90747
vn 0.0275 0.55728 0.82987
vn 0.02665 0.55618 0.83063
vn 0.11623 0.46063 0.87995
vn 0.16461 0.3881 0.9068
vn 0.10757 0.21876 0.96983
vn 0.03013 0.03655 0.99888
vn 0.00118 0.01017 0.99995
vn -0.67484 0.38814 0.62764
vn -0.08036 0.03692 0.99608
vn 0.14471 0.20106 0.96883
vn 0.11183 0.09784 0.9889
vn 0.22557 0.12546 0.96612
vn 0.11629 0.03725 0.99252
vn -0.16498 0.06439 0.98419
vn -0.21545 0.10101 0.97128
vn -0.12437 0.09107 0.98805
vn -0.1642 0.17457 0.97086
vn -0.07116 0.13848 0.98781
vn 0.31002 0.32167 0.89466
vn 0.21905 0.13764 0.96596
vn 0.35151 0.13425 0.92651
vn 0.28996 0.0711 0.95439
vn -0.38169 0.11884 0.91662
vn -0.24236 0.12259 0.96241
vn -0.298 0.26009 0.91845
vn -0.10863 0.17483 0.97859
vn 0.19768 0.39606 0.89669
vn 0.22768 0.31987 0.9197
vn 0.30819 0.32011 0.89585
vn 0.30133 0.28958 0.90848
vn 0.34816 0.23616 0.9072
vn 0.44494 0.23885 0.86312
vn -0.46359 0.19171 0.86506
vn -0.33489 0.22113 0.91594
vn -0.33815 0.28771 0.89603
vn -0.29534 0.28394 0.91222
vn -0.24165 0.32758 0.9134
vn -0.23745 0.38175 0.89324
vn -0.16291 0.36112 0.91818
vn 0.05263 0.55676 0.82901
vn 0.14045 0.47621 0.86805
vn 0.44361 0.23692 0.86434
vn 0.54779 0.12506 0.82721
vn 0.51854 0.13552 0.84425
vn 0.47426 0.04308 0.87933
vn -0.4732 0.08365 0.87698
vn -0.48903 0.07957 0.86863
vn -0.48628 0.21039 0.8481
vn -0.25725 0.47074 0.84393
vn -0.16855 0.51459 0.84071
vn -0.15528 0.50714 0.84776
vn -0.05891 0.53278 0.8442
vn -0.07167 0.54582 0.83483
vn -0.59606 0.01623 0.80277
vn -0.65097 0.11921 0.74969
vn -0.55795 0.14571 0.81698
vn -0.59492 0.22687 0.7711
vn -0.5141 0.27398 0.81279
vn -0.52983 0.35078 0.77216
vn -0.44316 0.42605 0.78873
vn -0.45399 0.42637 0.78236
vn -0.3694 0.50077 0.7828
vn -0.3696 0.50079 0.78269
vn -0.25741 0.5683 0.78152
vn 0.10768 0.61467 0.7814
vn 0.23655 0.57073 0.78633
vn 0.22156 0.62068 0.75211
vn 0.31032 0.50977 0.80239
vn 0.37193 0.51991 0.769
vn 0.44169 0.42447 0.79041
vn 0.44288 0.43806 0.78228
vn 0.51498 0.34931 0.7828
vn 0.51502 0.34951 0.78269
vn 0.57839 0.23403 0.78147
vn 0.55275 0.1303 0.8231
vn 0.64317 0.0742 0.76212
vn 0.62713 -0.05426 0.77702
vn -0.78888 -0.04239 0.61309
vn -0.70545 0.06085 0.70614
vn -0.71809 0.18753 0.67021
vn -0.71643 0.18824 0.67179
vn -0.64538 0.29322 0.70534
vn -0.66615 0.40232 0.628
vn -0.33227 0.6177 0.71277
vn -0.21219 0.69483 0.68716
vn -0.14136 0.67442 0.72469
vn -0.08971 0.72001 0.68814
vn 0.0298 0.70555 0.70803
vn 0.0221 0.71347 0.70034
vn 0.17455 0.69231 0.70017
vn 0.40774 0.67083 0.61946
vn 0.65944 0.3168 0.68174
vn 0.67929 0.1787 0.71178
vn 0.75814 0.10015 0.64436
vn 0.66787 -0.02016 0.74401
vn -0.77742 -0.04767 0.62717
vn -0.66442 0.40262 0.62964
vn -0.57934 0.54382 0.60715
vn -0.60542 0.53838 0.58619
vn -0.46433 0.62914 0.62337
vn -0.51031 0.63054 0.58481
vn -0.32819 0.70629 0.62725
vn -0.17963 0.8561 0.4846
vn 0.13344 0.77677 0.61548
vn 0.27675 0.74012 0.61289
vn 0.33166 0.67797 0.65601
vn 0.40707 0.6956 0.59197
vn 0.51427 0.58602 0.62618
vn 0.57368 0.56836 0.5898
vn 0.60295 0.50207 0.61998
vn 0.66043 0.4482 0.60245
vn 0.66207 0.43562 0.60984
vn 0.73397 0.30268 0.60801
vn 0.7657 0.10967 0.63378
vn 0.80329 -0.09102 0.58859
vn 0.89225 -0.0453 0.44926
vn -0.87519 -0.13144 0.46557
vn -0.83249 0.01311 0.55389
vn -0.86178 0.07716 0.50138
vn -0.81234 0.21344 0.54271
vn -0.82607 0.20442 0.52519
vn -0.77425 0.35177 0.52612
vn -0.77462 0.35156 0.52571
vn -0.69398 0.49229 0.52541
vn -0.44484 0.7805 0.43925
vn -0.2757 0.76938 0.57623
vn -0.1312 0.82425 0.55081
vn 0.02612 0.85733 0.51411
vn 0.03556 0.84992 0.52571
vn 0.19796 0.82755 0.52533
vn 0.3027 0.80151 0.51571
vn 0.46192 0.71474 0.52515
vn 0.76643 0.37035 0.52481
vn 0.82243 0.21636 0.52612
vn 0.82258 0.21676 0.52571
vn 0.84896 0.05671 0.52541
vn 0.82537 -0.12161 0.55135
vn -0.84634 -0.29595 0.44286
vn -0.84038 -0.28369 0.46182
vn -0.92365 -0.10935 0.36731
vn -0.88874 0.01447 0.45818
vn -0.91002 -5E-05 0.41456
vn -0.89478 0.22076 0.38811
vn -0.86686 0.23778 0.43819
vn -0.85121 0.38631 0.35526
vn -0.75489 0.44938 0.4777
vn -0.76356 0.49399 0.41587
vn -0.6764 0.62021 0.39726
vn -0.54547 0.67399 0.4982
vn -0.61845 0.67883 0.39587
vn -0.44511 0.77781 0.44371
vn -0.43672 0.77634 0.4545
vn -0.35152 0.87663 0.32855
vn -0.17324 0.85522 0.48846
vn -0.12069 0.91802 0.37773
vn 0.03907 0.93378 0.3557
vn 0.1088 0.87109 0.47893
vn 0.17613 0.9032 0.39143
vn 0.34167 0.83492 0.43147
vn 0.35037 0.81281 0.46538
vn 0.4659 0.80906 0.35826
vn 0.58839 0.67049 0.45193
vn 0.5879 0.67364 0.44785
vn 0.7055 0.58823 0.3953
vn 0.74674 0.49082 0.44886
vn 0.74684 0.49519 0.44387
vn 0.84946 0.36433 0.38169
vn 0.83495 0.27323 0.4777
vn 0.89547 0.23596 0.37743
vn 0.92469 0.11891 0.36167
vn 0.8608 -0.03184 0.50795
vn 0.89789 0.00512 0.4402
vn 0.90993 -0.16644 0.37991
vn 0.8574 -0.23161 0.45959
vn 0.87833 -0.30053 0.37178
vn 0.79066 -0.45123 0.41383
vn -0.00167 0.99996 0.00841
vn 0.0045 0.99999 -0.00222
vn -0.00557 0.99998 0.00182
vn -0.00646 0.99998 0.00099
vn -0.00414 0.99999 -0.00114
vn -0.0026 0.99999 -0.00332
vn -0.00041 0.99992 0.01227
vn -0.00065 0.99997 -0.00798
vn 0.00049 0.99993 -0.01154
vn 0.00431 0.99999 -0.00243
vn 0.00152 1 0.00019
vn -0.00346 0.99998 0.00488
vn 0.00297 0.99998 -0.00477
vn 0.00088 1 0.00112
vn -0.00057 -1 0.00083
vn 0.00057 -1 -0.00083
vn 0.00188 -0.00077 1
vn -0.00057 0.00279 1
vn -0.00063 -0.00092 -1
vn 0.00063 0.00092 -1
vn -0.0046 0.99999 0.0027
vn -0.00152 1 -0.00019
vn -0.00487 0.99999 0.00241
vn -0.00088 1 -0.00112
vn 0.00557 0.99998 -0.00182
vn 0.00723 0.99997 -0.00028
vn -0.00322 0.99998 0.00517
vn 0.00346 0.99998 -0.00488
vn 0.00531 0.99998 0.00146
vn 0.00167 0.99996 -0.00841
vn 0.00041 0.99992 -0.01227
vn 0.00332 0.99999 0.00424
vn 0.00082 0.99995 0.01014
vn -0.00022 0.99991 0.01334
vn 0.00057 -1 -0.00279
vn -0.00126 -1 -0.00013
vn -1E-05 1E-05 1
vn 0.00063 -0.00092 1
vn 0.00125 0.00183 -1
vn -0.00187 -0.00274 -0.99999
vn -0.98731 0.15868 0.00683
vn -0.97843 0.20586 0.01718
vn -0.95489 0.29694 0.0031
vn -0.90812 0.41829 0.01875
vn -0.84289 0.53779 0.01819
vn -0.89771 0.44037 0.01361
vn -0.57595 0.81738 0.01313
vn -0.56916 0.82208 0.01582
vn -0.68078 0.73248 0.00249
vn -0.72987 0.6834 0.01595
vn -0.79822 0.60235 0.00329
vn -0.46265 0.88645 0.01271
vn -0.44129 0.89733 0.00712
vn -0.29489 0.95549 0.00849
vn -0.32344 0.94614 0.01427
vn -0.22659 0.97387 0.01547
vn -0.17458 0.98464 0.0015
vn 0.14184 0.98989 -0.00152
vn 0.44463 0.89567 0.00881
vn 0.45496 0.89043 0.01196
vn 0.30328 0.95281 0.01349
vn 0.23957 0.97088 0.00091
vn 0.27272 0.96194 0.01713
vn 0.83209 0.55452 0.01158
vn 0.82751 0.56137 0.00941
vn 0.73793 0.67479 0.01054
vn 0.73358 0.67954 0.00931
vn 0.68282 0.7304 0.01613
vn 0.54142 0.84074 -0.00511
vn 0.59375 0.80448 0.01629
vn 0.95414 0.29891 0.01646
vn 0.92371 0.38308 -0.00104
vn 0.88761 0.46034 0.0155
vn 0.98515 0.17168 0.0019
vn 0.97731 0.21133 0.01426
vn 0.0768 -0.08027 0.99381
vn 0.33358 -0.32919 0.88338
vn 0.34095 -0.33526 0.87827
vn 0.64159 -0.63642 0.42817
vn 0.5702 -0.57932 0.58246
vn 0.66981 -0.67383 0.31195
vn 0.73229 -0.66875 0.12858
vn 0.7883 -0.57295 0.22431
vn 0.74674 -0.60895 0.26752
vn 0.70836 -0.66617 0.23334
vn 0.77208 -0.60298 0.20075
vn 0.70689 -0.50995 0.49016
vn 0.6433 -0.49918 0.58051
vn 0.79387 -0.55001 0.25936
vn 0.76115 -0.44951 0.46753
vn 0.74987 -0.3414 0.56669
vn 0.71866 -0.43337 0.54381
vn 0.67388 -0.41275 0.61281
vn 0.62105 -0.49296 0.60933
vn 0.81789 -0.40764 0.40605
vn 0.79381 -0.54998 0.2596
vn 0.70396 -0.24619 0.66621
vn 0.56356 -0.18097 0.80601
vn 0.56731 -0.19751 0.79946
vn 0.42818 -0.23473 0.87268
vn 0.42882 -0.24125 0.87058
vn 0.78196 -0.24831 0.57173
vn 0.78214 -0.24986 0.57081
vn 0.641 -0.06445 0.76483
vn 0.62876 -0.20939 0.74888
vn 0.44054 -0.10963 0.89101
vn 0.53226 -0.01287 0.84648
vn 0.22058 -0.00357 0.97536
vn 0.6823 -0.68207 -0.26316
vn 0.67298 -0.67583 -0.30058
vn 0.58054 -0.5882 -0.56303
vn 0.51675 -0.51242 -0.68586
vn 0.41522 -0.41967 -0.80714
vn 0.27736 -0.27289 -0.9212
vn 0.19889 -0.20175 -0.95903
vn 0.6854 -0.0712 -0.72467
vn 0.54013 -0.04278 -0.8405
vn 0.80649 -0.32175 -0.49604
vn 0.58981 0.1012 -0.80117
vn 0.56356 -0.06207 -0.82374
vn 0.4846 -0.15316 -0.86122
vn 0.31942 -0.09013 -0.94332
vn 0.78527 -0.26518 -0.55949
vn 0.69516 -0.27742 -0.66316
vn 0.56199 -0.19536 -0.80375
vn 0.42544 -0.28678 -0.85835
vn 0.8055 -0.54308 -0.23712
vn 0.70789 -0.29386 -0.64229
vn 0.60458 -0.34014 -0.72027
vn 0.50939 -0.32627 -0.79628
vn 0.81126 -0.44844 -0.37519
vn 0.74995 -0.42417 -0.5076
vn 0.77782 -0.60184 -0.18105
vn 0.75727 -0.43999 -0.48264
vn 0.73288 -0.50703 -0.45367
vn 0.63842 -0.51349 -0.57337
vn 0.64931 -0.52029 -0.55471
vn 0.78307 -0.58686 -0.20592
vn 0.74852 -0.64658 -0.14715
vn 0.7397 -0.59902 -0.30663
vn 0.71972 -0.66177 -0.20992
vn 0.74539 -0.55798 -0.36476
vn 0.75544 -0.62989 -0.18042
vn -0.20528 -0.20811 -0.95632
vn -0.34445 -0.3348 -0.87707
vn -0.41603 -0.41945 -0.80684
vn -0.64159 -0.63642 -0.42817
vn -0.58187 -0.5889 -0.56091
vn -0.66981 -0.67383 -0.31195
vn -0.7883 -0.57295 -0.22431
vn -0.74674 -0.60895 -0.26752
vn -0.70836 -0.66617 -0.23334
vn -0.77208 -0.60298 -0.20075
vn -0.70689 -0.50995 -0.49016
vn -0.65212 -0.51533 -0.55604
vn -0.79387 -0.55001 -0.25936
vn -0.76115 -0.44951 -0.46753
vn -0.74987 -0.3414 -0.56669
vn -0.71866 -0.43337 -0.54381
vn -0.67388 -0.41275 -0.61281
vn -0.61638 -0.49945 -0.60879
vn -0.7722 -0.59003 -0.23574
vn -0.81789 -0.40764 -0.40605
vn -0.51591 -0.31857 -0.79521
vn -0.79293 -0.54966 -0.26294
vn -0.70396 -0.24619 -0.66621
vn -0.56356 -0.18097 -0.80601
vn -0.56731 -0.19751 -0.79946
vn -0.39873 -0.2415 -0.8847
vn -0.78196 -0.24831 -0.57173
vn -0.78214 -0.24986 -0.57081
vn -0.641 -0.06445 -0.76483
vn -0.62876 -0.20939 -0.74888
vn -0.44054 -0.10963 -0.89101
vn -0.3247 -0.08815 -0.9417
vn -0.53226 -0.01287 -0.84648
vn -0.6823 -0.68207 0.26316
vn -0.67298 -0.67583 0.30058
vn -0.58054 -0.5882 0.56303
vn -0.51675 -0.51242 0.68586
vn -0.41522 -0.41967 0.80714
vn -0.27736 -0.27289 0.9212
vn -0.19073 -0.19433 0.96222
vn -0.68677 -0.07148 0.72335
vn -0.54247 -0.04322 0.83896
vn -0.32184 0.04775 0.94559
vn -0.30766 -0.04797 0.95029
vn -0.08778 0.00876 0.9961
vn -0.72038 -0.13867 0.67957
vn -0.56368 -0.06223 0.82365
vn -0.50834 -0.17476 0.84324
vn -0.33128 -0.12453 0.93528
vn -0.78527 -0.26518 0.55949
vn -0.69516 -0.27742 0.66316
vn -0.56884 -0.21562 0.79368
vn -0.44265 -0.29496 0.8468
vn -0.8055 -0.54308 0.23713
vn -0.70789 -0.29386 0.64229
vn -0.60458 -0.34014 0.72027
vn -0.50939 -0.32627 0.79628
vn -0.81126 -0.44844 0.37519
vn -0.74995 -0.42417 0.5076
vn -0.77782 -0.60184 0.18105
vn -0.75727 -0.43999 0.48264
vn -0.73288 -0.50703 0.45367
vn -0.63842 -0.51349 0.57337
vn -0.64931 -0.52029 0.55471
vn -0.78307 -0.58686 0.20592
vn -0.74852 -0.64658 0.14715
vn -0.7397 -0.59902 0.30663
vn -0.71972 -0.66177 0.20992
vn -0.74539 -0.55798 0.36476
vn -0.75544 -0.62989 0.18042
vn -0.00273 0.96839 0.24942
vn 0.00257 0.94076 0.33907
vn -0.00667 0.81962 0.57287
vn 0.00242 0.57426 0.81867
vn 0.00378 0.56126 0.82763
vn -0.0059 0.27663 0.96096
vn 0.00668 0.96196 0.27311
vn -0.00262 0.86193 0.50702
vn 0.00197 0.81867 0.57426
vn 0.00086 0.54097 0.84104
vn -0.00252 0.57289 0.81963
vn 0.00687 0.26863 0.96322
vn -0.00546 0.96182 -0.27363
vn 0.00163 0.85301 -0.52189
vn -0.00197 0.81867 -0.57426
vn -0.00086 0.54097 -0.84104
vn 0.00252 0.57289 -0.81963
vn -0.00687 0.26863 -0.96322
vn 0.00685 0.96829 -0.24972
vn -0.00195 0.81964 -0.57288
vn 0.00088 0.8383 -0.54521
vn 0.00197 0.57426 -0.81867
vn -0.00209 0.51494 -0.85722
vn 0.0059 0.27663 -0.96096
vn 0.01107 0.65766 0.75324
vn 0.31733 0.70561 0.63357
vn 0.25519 0.86034 0.44124
vn 0.13094 0.80458 0.57923
vn 0.01223 0.90919 0.4162
vn 0.07498 0.44801 0.89088
vn 0.02218 0.38617 0.92216
vn -0.05313 0.55726 0.82864
vn 0.72902 0.29859 0.61593
vn 0.34288 0.31898 0.88356
vn 0.65606 0.57596 0.48771
vn 0.61451 0.56812 0.54737
vn 0.77102 0.13537 0.62226
vn 0.42942 0.12837 0.89393
vn 0.52761 0.138 0.8382
vn 0.86875 0.24866 0.42829
vn 0.79229 0.43578 0.42705
vn 0.51838 0.28512 0.80622
vn 0.46226 0.26649 0.84575
vn 0.67208 0.45632 0.58317
vn 0.33901 0.31267 0.8873
vn 0.21749 0.34719 0.91223
vn 0.23407 0.36296 0.90192
vn 0.47977 0.68845 0.54393
vn 0.52131 0.71077 0.47227
vn 0.0686 0.86715 0.4933
vn 0.07691 0.78234 0.61808
vn -0.00797 0.86315 0.50489
vn -0.03449 0.8458 0.53238
vn 0.01662 0.97221 0.23351
vn -0.04623 0.88834 0.45685
vn -0.09302 0.78807 0.60852
vn 0.99772 0.0116 0.06652
vn 0.84376 0.01035 0.53662
vn 0.85726 0.0126 0.51473
vn 0.60803 0.02221 0.7936
vn 0.46534 0.0062 0.88511
vn -0.07695 0.36613 0.92738
vn -0.05031 0.60781 0.79249
vn -0.21677 0.52283 0.82441
vn -0.18029 0.73697 0.65144
vn -0.03991 0.84909 0.52673
vn -0.05449 0.7892 0.61172
vn -0.18373 0.85421 0.48638
vn -0.31043 0.80387 0.50737
vn -0.32108 0.75214 0.5755
vn 0.46521 0.85164 0.24144
vn 0.85128 0.48389 0.20291
vn 0.6306 0.69528 0.34487
vn 0.82857 0.50787 0.23568
vn 0.49111 0.71314 0.50024
vn 0.57889 0.46713 0.66833
vn 0.61232 0.43614 0.65943
vn 0.84594 0.29022 0.44739
vn 0.87743 0.27383 0.39386
vn 0.45429 0.24518 0.85645
vn -0.53274 0.57586 0.62014
vn -0.48806 0.411 0.76998
vn -0.6717 0.22531 0.70573
vn -0.75615 0.2335 0.61132
vn -0.15421 0.21411 0.96456
vn -0.47851 0.66711 0.57095
vn -0.48099 0.69592 0.53323
vn -0.63033 0.57376 0.52296
vn -0.56638 0.51458 0.64375
vn -0.49635 0.44069 0.74795
vn -0.62373 0.39512 0.67442
vn -0.82977 0.44554 0.33612
vn -0.54738 0.19865 0.81297
vn -0.44389 0.10218 0.89023
vn -0.83395 0.13329 0.5355
vn -0.83487 0.13411 0.53387
vn 0.83201 0.5547 0.00822
vn 0.84322 0.53755 0.00498
vn 0.55304 0.83302 0.01505
vn 0.47472 0.88012 0.00506
vn -0.98699 0.01907 0.15966
vn -0.84941 -0.00525 0.5277
vn -0.54167 0.02112 0.84033
vn -0.5952 0.01164 0.8035
vn 0.41202 0.24848 -0.87664
vn 0.87496 0.16811 -0.45407
vn 0.61212 0.45411 -0.64738
vn 0.53088 0.45597 -0.71432
vn 0.7784 0.3356 -0.53053
vn 0.87263 0.36192 -0.32792
vn 0.52999 0.69505 -0.48581
vn 0.57539 0.68576 -0.44572
vn 0.96057 0.235 -0.14863
vn 0.58816 0.77082 -0.24476
vn 0.59209 0.76899 -0.24101
vn 0.90249 0.42017 -0.09474
vn -0.59549 0.21703 0.77349
vn -0.59458 0.21627 0.7744
vn -0.95025 0.11947 0.28767
vn -0.56455 0.47399 0.67573
vn -0.53152 0.46207 0.70991
vn -0.89926 0.31195 0.30662
vn -0.86333 0.35997 0.35367
vn -0.52999 0.69505 0.48581
vn -0.57539 0.68576 0.44572
vn -0.95651 0.25042 0.1496
vn -0.58816 0.77082 0.24476
vn -0.59209 0.76899 0.24101
vn -0.90046 0.42415 0.09631
vn 0.83822 0.00745 -0.54528
vn 0.81879 0.01217 -0.57397
vn 0.58122 0.02344 -0.81341
vn 0.43803 0.01048 -0.8989
vn -0.60953 0.79263 0.01445
vn -0.62202 0.78284 0.01579
vn -0.83729 0.54674 -0.00369
vn -0.91035 0.41369 0.01138
vn 0.76787 0.12333 -0.62862
vn 0.83325 0.2578 -0.48911
vn 0.81719 0.24293 -0.52268
vn 0.33104 0.06242 -0.94155
vn 0.73511 0.36836 -0.56915
vn 0.41837 0.18563 -0.88911
vn 0.74904 0.3962 -0.53101
vn 0.72821 0.36594 -0.57948
vn 0.6331 0.46642 -0.61777
vn 0.65519 0.57126 -0.49435
vn 0.18233 0.1617 -0.96985
vn 0.53274 0.57586 -0.62014
vn 0.48099 0.69592 -0.53323
vn 0.4827 0.7465 -0.45798
vn 0.27134 0.37013 -0.88847
vn 0.28866 0.38679 -0.87582
vn -0.55563 0.80077 -0.22371
vn -0.64343 0.69169 -0.32795
vn -0.83288 0.48429 -0.2679
vn -0.49111 0.71314 -0.50024
vn -0.57889 0.46713 -0.66833
vn -0.62091 0.42781 -0.65685
vn -0.85707 0.28652 -0.42819
vn -0.90285 0.26642 -0.33747
vn -0.47946 0.24194 -0.84356
vn 0.02346 0.51253 -0.85835
vn 0.21563 0.6128 -0.76025
vn 0.19084 0.73183 -0.65422
vn 0.03978 0.84773 -0.52894
vn 0.05364 0.7895 -0.61141
vn 0.22289 0.89751 -0.38051
vn 0.30428 0.72534 -0.6175
vn -0.90545 0.01691 -0.42412
vn -0.85919 0.00926 -0.51157
vn -0.61026 0.02247 -0.79188
vn -0.46534 0.0062 -0.88511
vn -0.0687 0.86673 -0.49402
vn -0.07682 0.78365 -0.61644
vn 0.00807 0.86308 -0.505
vn 0.03445 0.84583 -0.53234
vn -0.01667 0.97238 -0.23282
vn 0.04619 0.88841 -0.45671
vn 0.0932 0.78739 -0.60937
vn -0.52131 0.71077 -0.47227
vn -0.46391 0.67915 -0.56881
vn -0.18876 0.27843 -0.94173
vn -0.60222 0.55669 -0.57222
vn -0.6232 0.56009 -0.54581
vn -0.66802 0.60178 -0.43773
vn -0.37227 0.36439 -0.8536
vn -0.65127 0.44224 -0.61666
vn -0.75297 0.41575 -0.51009
vn -0.22766 0.1257 -0.96559
vn -0.71086 0.29091 -0.64035
vn -0.84996 0.22269 -0.47746
vn -0.42886 0.1301 -0.89395
vn -0.42172 0.12681 -0.89782
vn -0.77102 0.13537 -0.62226
vn -0.01068 0.65676 -0.75403
vn -0.31733 0.70561 -0.63357
vn -0.25519 0.86034 -0.44124
vn -0.13094 0.80458 -0.57923
vn -0.01214 0.90925 -0.41606
vn -0.22872 0.49569 -0.83784
vn 0.00345 0.32382 -0.94611
vn 0.01837 0.61293 -0.78993
vn 0.01504 -0.97935 0.20163
vn 0.14978 -0.77854 0.60947
vn 0.69743 0.49794 0.51541
vn 0.42189 0.36493 0.82996
vn -0.80395 0.37327 0.46297
vn -0.73528 0.24477 0.63202
vn 0.94047 -0.24213 0.2385
vn 0.89375 -0.37931 0.23943
vn 0.77699 -0.57705 0.25159
vn 0.72964 -0.65742 0.18821
vn 0.26009 -0.93528 0.24003
vn 0.07822 -0.96873 0.23546
vn -0.19769 -0.96915 0.14719
vn -0.57705 -0.77699 0.25159
vn -0.65742 -0.72964 0.18821
vn -0.93554 -0.26054 0.2385
vn -0.96367 -0.11838 0.23944
vn -0.94002 0.24239 0.24003
vn -0.87806 0.41663 0.23546
vn -0.74047 0.65578 0.14719
vn -0.26054 0.93554 0.2385
vn -0.11838 0.96367 0.23944
vn 0.24213 0.94047 0.2385
vn 0.37931 0.89375 0.23943
vn 0.67993 0.69288 0.24002
vn 0.79984 0.5521 0.23546
vn 0.93815 0.31337 0.14718
vn 0.04041 -0.93149 0.36151
vn -0.08454 -0.92835 0.36195
vn -0.86117 0.42272 0.28229
vn -0.76142 0.52665 0.37798
vn 0.79667 0.53443 0.28231
vn 0.8368 0.39609 0.37799
vn -0.69655 0.50352 0.51116
vn -0.60943 0.56658 0.5546
vn -0.59202 0.65707 0.46665
vn -0.51366 0.71586 0.47297
vn -0.45915 0.71557 0.52645
vn -0.37806 0.77634 0.50434
vn -0.37751 0.77646 0.50458
vn -0.28473 0.84282 0.45672
vn -0.17797 0.80684 0.56332
vn -0.05625 0.8705 0.48894
vn -0.03562 0.86249 0.50482
vn 0.05994 0.88509 0.46154
vn 0.16004 0.85251 0.49761
vn 0.16408 0.84413 0.51041
vn 0.26558 0.76357 0.58859
vn 0.3864 0.77934 0.49329
vn 0.47681 0.70355 0.52695
vn 0.47641 0.70434 0.52625
vn 0.56841 0.66028 0.49086
vn 0.59576 0.57032 0.56551
vn -0.15925 -0.79946 0.57923
vn -0.27303 -0.84124 0.46665
vn -0.36313 -0.80277 0.47297
vn -0.37131 -0.7893 0.48902
vn -0.48479 -0.72786 0.48498
vn -0.49019 -0.69668 0.52379
vn -0.64994 -0.55415 0.52009
vn -0.64696 -0.56497 0.5121
vn -0.72456 -0.51811 0.4545
vn -0.77411 -0.37667 0.5088
vn -0.77451 -0.37993 0.50576
vn -0.84282 -0.28473 0.45672
vn -0.79769 -0.15693 0.58229
vn -0.88362 -0.06312 0.46392
vn -0.85873 0.06085 0.5088
vn -0.86435 0.05334 0.50006
vn -0.87469 0.17645 0.45142
vn -0.77773 0.25205 0.57585
vn 0.78434 0.35147 0.51116
vn 0.79539 0.2445 0.5546
vn 0.86505 0.18417 0.46665
vn 0.87678 0.08691 0.47297
vn 0.85735 0.05283 0.51202
vn 0.88509 -0.05994 0.46154
vn 0.85251 -0.16004 0.49761
vn 0.84413 -0.16408 0.51041
vn 0.76844 -0.26017 0.58465
vn 0.7968 -0.38715 0.46392
vn 0.72076 -0.47444 0.50539
vn 0.70771 -0.47503 0.52296
vn 0.55415 -0.64994 0.52009
vn 0.56497 -0.64696 0.5121
vn 0.51811 -0.72456 0.4545
vn 0.37667 -0.77411 0.5088
vn 0.38598 -0.77522 0.50006
vn 0.28453 -0.84573 0.45142
vn 0.1571 -0.79266 0.58908
vn -0.14609 -0.77576 0.61389
vn -0.46193 0.46022 0.75817
vn -0.38823 0.529 0.75461
vn -0.18333 0.55285 0.81286
vn -0.1443 0.65761 0.73941
vn -0.0288 0.67594 0.73639
vn 0.038 0.58365 0.81111
vn -0.17727 -0.62751 0.75816
vn -0.27787 -0.5959 0.75345
vn -0.28899 -0.52997 0.79726
vn -0.38072 -0.54263 0.74874
vn -0.46293 -0.40426 0.78884
vn -0.47695 -0.44204 0.75968
vn -0.58494 -0.28694 0.75862
vn -0.56502 -0.25984 0.78309
vn -0.68372 -0.13451 0.71724
vn -0.59605 -0.04968 0.80141
vn -0.68836 0.04603 0.72391
vn -0.60426 0.12204 0.78739
vn 0.61736 0.16475 0.76924
vn 0.70349 0.04517 0.70927
vn 0.5857 -0.03885 0.8096
vn 0.58097 -0.23412 0.77952
vn 0.52543 -0.35268 0.7743
vn 0.54566 -0.35266 0.76019
vn 0.42856 -0.49075 0.75862
vn 0.40454 -0.48143 0.77754
vn 0.30769 -0.62565 0.71686
vn 0.20066 -0.56073 0.80332
vn -0.42737 0.34923 0.8339
vn -0.25486 0.43319 0.86452
vn -0.17857 0.49272 0.85167
vn 0.04498 0.54635 0.83635
vn 0.18331 0.49365 0.85012
vn 0.18357 0.49247 0.85075
vn 0.32094 0.48123 0.81573
vn 0.32586 0.38297 0.86438
vn -0.09922 -0.50781 0.85574
vn -0.51658 0.12043 0.84773
vn 0.50934 0.17847 0.84186
vn 0.54388 -0.04609 0.83789
vn 0.47945 -0.12772 0.86823
vn 0.15835 -0.47934 0.86323
vn 0.17802 -0.50228 0.84618
vn -0.22636 0.29337 0.92881
vn -0.06871 0.33268 0.94053
vn 0.00289 0.37082 0.9287
vn -0.14338 -0.33173 0.93242
vn -0.16724 -0.34489 0.92362
vn -0.25982 -0.21093 0.94234
vn -0.39056 -0.18021 0.90277
vn -0.31336 -0.06419 0.94746
vn -0.41032 -0.03365 0.91132
vn -0.37317 0.05499 0.92613
vn 0.34555 0.03764 0.93764
vn 0.26954 -0.21173 0.93942
vn 0.26644 -0.32109 0.9088
vn 0.25443 -0.31803 0.9133
vn -0.13545 0.15026 0.97932
vn 0.04768 0.19548 0.97955
vn 0.09541 0.25694 0.96171
vn 0.16207 0.20068 0.96616
vn 0.13694 0.14425 0.98002
vn -0.07536 -0.23249 0.96967
vn -0.19659 -0.18078 0.96367
vn -0.25862 0.06044 0.96409
vn 0.26359 -0.1047 0.95894
vn 0.21567 -0.13908 0.96651
vn 0.04947 -0.15607 0.98651
vn 0.07963 -0.20025 0.9765
vn -0.03633 0.07175 0.99676
vn -0.0604 -0.0062 0.99815
vn 0.14656 0.0209 0.98898
vn 0.08936 0.00027 0.996
vn 0.74717 0.03945 -0.66346
vn 0.65673 0.15606 -0.7378
vn 0.68614 0.19158 -0.70179
vn 0.59308 0.37515 -0.7124
vn 0.58166 0.35586 -0.73146
vn 0.53395 0.51613 -0.66971
vn 0.3849 0.50499 -0.77255
vn 0.37521 0.68519 -0.62429
vn 0.1387 0.6461 -0.75054
vn 0.1212 0.70478 -0.69899
vn -0.1226 0.69149 -0.71191
vn -0.10821 0.66884 -0.73548
vn -0.36292 0.67862 -0.63856
vn -0.36442 0.48894 -0.79255
vn -0.53948 0.52732 -0.65643
vn -0.62455 0.38668 -0.67853
vn -0.56761 0.28085 -0.77391
vn -0.74204 0.19182 -0.64233
vn -0.64771 0.06328 -0.75926
vn -0.74717 -0.03945 -0.66346
vn -0.65674 -0.15605 -0.7378
vn -0.68614 -0.19158 -0.70179
vn -0.59308 -0.37515 -0.7124
vn -0.58166 -0.35585 -0.73147
vn -0.53395 -0.51613 -0.66971
vn -0.3849 -0.50499 -0.77255
vn -0.3752 -0.68519 -0.62429
vn -0.12083 -0.64134 -0.75768
vn -0.11483 -0.66775 -0.73548
vn 0.1229 -0.75968 -0.63858
vn 0.16975 -0.63334 -0.75503
vn 0.37148 -0.6535 -0.6595
vn 0.33725 -0.63061 -0.69899
vn 0.50926 -0.48284 -0.7124
vn 0.48776 -0.4765 -0.73146
vn 0.63142 -0.3909 -0.66971
vn 0.59207 -0.27016 -0.75925
vn 0.74204 -0.19182 -0.64233
vn 0.64771 -0.06328 -0.75925
vn -0.68276 0.16225 0.7124
vn -0.69411 0.17212 0.69899
vn -0.59308 0.37515 0.7124
vn -0.58166 0.35586 0.73146
vn -0.53394 0.51613 0.66971
vn -0.38493 0.505 0.77253
vn -0.37518 0.68514 0.62436
vn -0.12083 0.64137 0.75765
vn -0.11483 0.66777 0.73546
vn 0.1229 0.75964 0.63862
vn 0.18595 0.58082 0.79251
vn 0.36838 0.68882 0.62436
vn 0.46506 0.46951 0.75052
vn 0.48776 0.4765 0.73146
vn 0.63141 0.3909 0.66971
vn 0.59208 0.27017 0.75925
vn 0.71949 0.20529 0.66347
vn 0.67183 0.06564 0.73779
vn 0.71117 0.04159 0.70179
vn 0.68276 -0.16225 0.7124
vn 0.69411 -0.17212 0.69899
vn 0.59308 -0.37515 0.7124
vn 0.58166 -0.35586 0.73146
vn 0.53394 -0.51613 0.66971
vn 0.38493 -0.505 0.77253
vn 0.37518 -0.68514 0.62436
vn 0.12083 -0.64137 0.75765
vn 0.11483 -0.66777 0.73546
vn -0.1229 -0.75964 0.63862
vn -0.18595 -0.58082 0.79251
vn -0.36838 -0.68882 0.62436
vn -0.46506 -0.46951 0.75052
vn -0.48776 -0.4765 0.73146
vn -0.63141 -0.3909 0.66971
vn -0.59208 -0.27017 0.75925
vn -0.71949 -0.20529 0.66347
vn -0.67183 -0.06564 0.73779
vn -0.71117 -0.04159 0.70179
vn -0.06517 -0.00157 -0.99787
vn -0.08078 -0.00626 -0.99671
vn -0.57879 0.00626 -0.81545
vn -0.61658 -0.00786 -0.78725
vn -0.95066 0.00786 -0.31014
vn -0.96423 -0.00626 -0.26498
vn -0.96423 0.00626 0.26498
vn -0.95066 -0.00786 0.31014
vn -0.61658 0.00786 0.78725
vn -0.57879 -0.00626 0.81545
vn -0.08078 0.00626 0.99671
vn -0.03371 -0.00786 0.9994
vn 0.52889 0.00786 0.84865
vn 0.61848 -0.02496 0.78541
vn 0.92035 0.03517 0.38952
vn 0.9918 -0.03517 0.12284
vn 0.92832 0.02496 -0.37095
vn 0.89677 0.00157 -0.4425
vn 0.52888 -0.0103 -0.84863
vn 0.4705 0.0103 -0.88234
vn -0.52889 0.00786 -0.84865
vn -0.61848 -0.02496 -0.78541
vn -0.92035 0.03517 -0.38952
vn -0.9918 -0.03517 -0.12284
vn -0.92832 0.02496 0.37095
vn -0.89677 0.00157 0.4425
vn -0.52888 -0.0103 0.84863
vn -0.4705 0.0103 0.88234
vn 0.06517 -0.00157 0.99787
vn 0.08078 -0.00626 0.99671
vn 0.57879 0.00626 0.81545
vn 0.61658 -0.00786 0.78725
vn 0.95066 0.00786 0.31014
vn 0.96423 -0.00626 0.26498
vn 0.96423 0.00626 -0.26498
vn 0.95066 -0.00786 -0.31014
vn 0.61658 0.00786 -0.78725
vn 0.57879 -0.00626 -0.81545
vn 0.08078 0.00626 -0.99671
vn 0.03371 -0.00786 -0.9994
vn 0.90611 -0.0341 -0.42167
vn -0.55905 -0.01669 -0.82897
vn -0.29211 0.01488 -0.95627
vn -0.09783 -0.01225 -0.99513
vn 0.11156 0.01396 -0.99366
vn 0.27377 -0.01654 -0.96165
vn 0.55263 0.01508 -0.83329
vn 0.61098 -0.016 -0.79148
vn 0.87362 0.02329 -0.48605
vn -0.69755 0.01107 -0.71645
vn -0.89247 -0.00716 -0.45106
vn -0.92851 0.00436 -0.37128
vn -0.99618 -0.00577 -0.08716
vn -0.99968 0.00584 0.02461
vn -0.96459 -0.00618 0.26367
vn -0.90919 0.0093 0.41628
vn -0.77383 -0.01549 0.63321
vn -0.55379 0.02108 0.83239
vn -0.32794 -0.01764 0.94453
vn -0.08575 0.01226 0.99624
vn 0.09783 -0.01398 0.99511
vn 0.32569 0.02247 0.94521
vn 0.53845 -0.02846 0.84218
vn 0.71671 0.02756 0.69682
vn 0.84966 -0.03326 0.52628
vn 0.92023 0.0238 0.39066
vn 0.99789 0.01252 0.06363
vn 0.99935 -0.02738 0.02328
vn -0 -1 0
vn 2E-05 -1 2E-05
vn 3E-05 -1 -1E-05
vn 2E-05 -1 -1E-05
vn 1E-05 -1 0
vn 1E-05 -1 -4E-05
vn -2E-05 -1 -2E-05
vn -3E-05 -1 1E-05
vn 0 -1 0
vn 0 -1 -0
vn -0 -1 -0
vn -0.90611 -0.0341 0.42167
vn 0.55905 -0.01669 0.82897
vn 0.29211 0.01488 0.95627
vn 0.09783 -0.01225 0.99513
vn -0.11156 0.01396 0.99366
vn -0.27377 -0.01654 0.96165
vn -0.55263 0.01508 0.83329
vn -0.61098 -0.016 0.79148
vn -0.87362 0.02329 0.48605
vn 0.69755 0.01107 0.71645
vn 0.89247 -0.00716 0.45106
vn 0.92851 0.00436 0.37128
vn 0.99618 -0.00577 0.08716
vn 0.99968 0.00584 -0.02461
vn 0.96459 -0.00618 -0.26367
vn 0.90919 0.0093 -0.41628
vn 0.77383 -0.01549 -0.63321
vn 0.55379 0.02108 -0.83239
vn 0.32794 -0.01764 -0.94453
vn 0.08575 0.01226 -0.99624
vn -0.09783 -0.01398 -0.99511
vn -0.32569 0.02247 -0.94521
vn -0.53845 -0.02846 -0.84218
vn -0.71671 0.02756 -0.69682
vn -0.84966 -0.03326 -0.52628
vn -0.92023 0.0238 -0.39066
vn -0.99789 0.01252 -0.06363
vn -0.99935 -0.02738 -0.02328
vn -0 -1 -0
vn -0 -1 0
vn 0 -1 0
vn 0 -1 -0
vn -2E-05 -1 -2E-05
vn -3E-05 -1 1E-05
vn -2E-05 -1 1E-05
vn -1E-05 -1 -0
vn -1E-05 -1 4E-05
vn 2E-05 -1 2E-05
vn 3E-05 -1 -1E-05
vn 0.00022 0.73463 -0.67847
vn 0.00173 0.72201 -0.69188
vn -0.00205 -0.20106 -0.97958
vn -0.00035 -0.22431 -0.97452
vn 0.0017 -0.90432 -0.42685
vn -0.00745 -0.96696 -0.25482
vn 0.00672 -0.95914 0.28284
vn -0.00443 -0.6918 0.72207
vn -0.00016 -0.64201 0.7667
vn 0.0006 0.66732 0.74477
vn -0.00729 0.81219 0.58334
vn 0.00719 0.99813 0.06075
vn -0.00635 0.93982 -0.34161
vn 0.00396 0.73207 -0.68122
vn -0.00404 0.41837 -0.90827
vn 0.00604 0.11291 -0.99359
vn -0.00675 -0.34428 -0.93884
vn 0.00395 -0.76833 -0.64005
vn -0.00022 -0.73462 -0.67848
vn 0.00019 -0.67803 -0.73503
vn 0.00173 -0.69181 -0.72208
vn -0.00205 -0.97958 0.20107
vn 0.0019 -0.96698 0.25483
vn -0.0019 -0.25483 0.96698
vn 0.00205 -0.20106 0.97958
vn -0.00173 0.72208 0.69181
vn -0.00019 0.73504 0.67803
vn -0.00147 -0.75779 0.6525
vn 0.00227 -0.25185 0.96776
vn -0.00527 -0.08307 0.99653
vn 0.00562 0.44511 0.89546
vn -0.00551 0.76575 0.64311
vn 0.00452 0.9286 0.37106
vn -0.00537 0.99576 -0.09181
vn 0.00456 0.91881 -0.39467
vn -0.00244 0.66756 -0.74455
vn 0.0006 -0.9304 0.36653
vn 0.0017 -0.92243 0.38615
vn -0.0044 -0.93954 -0.34242
vn 0.0044 -0.86623 -0.49963
vn -0.00182 -0.28285 -0.95916
vn -0.00706 -0.18916 -0.98192
vn 0.00697 0.38615 -0.92241
vn 0.00147 -0.75779 -0.6525
vn -0.00227 -0.25185 -0.96776
vn 0.00527 -0.08307 -0.99653
vn -0.00562 0.44511 -0.89546
vn 0.00551 0.76575 -0.64311
vn -0.00452 0.9286 -0.37106
vn 0.00537 0.99576 0.09181
vn -0.00439 0.92091 0.38976
vn 0.00217 0.66749 0.74461
vn 0.00045 0.64672 0.76272
vn -0.00322 0.72201 0.69188
vn 0.00292 -0.18916 0.98194
vn 0.00035 -0.22431 0.97452
vn -0.0017 -0.90432 0.42685
vn 0.00745 -0.96696 0.25482
vn -0.00672 -0.95914 -0.28284
vn 0.00443 -0.6918 -0.72207
vn 0.00016 -0.64201 -0.7667
vn -0.0006 0.66732 -0.74477
vn 0.00729 0.81219 -0.58334
vn -0.00719 0.99813 -0.06075
vn 0.00635 0.93982 0.34161
vn -0.00396 0.73207 0.68122
vn 0.00404 0.41837 0.90827
vn -0.00604 0.11291 0.99359
vn 0.00675 -0.34428 0.93884
vn -0.00395 -0.76833 0.64005
vn 0.00022 -0.73462 0.67848
vn -0.00132 0.73833 0.67444
vn -0.00706 0.77707 -0.62937
vn 0.00125 -0.66198 0.74952
vn 8E-05 -0.6471 0.76241
vn -0.00225 0.73833 -0.67444
vn -0.00125 0.74952 -0.66198
vn 0.00237 -0.74837 -0.66327
vn -0.00191 0.6611 -0.75029
vn -0.00237 -0.74837 0.66327
vn 0.00706 0.77707 0.62937
vn 4E-05 0.00047 1
vn -0.01239 0.01298 0.99984
vn 0.00299 0.00412 0.99999
vn -2E-05 0.00068 1
vn 0.00036 2E-05 1
vn -0.0001 0.00022 1
vn 0.00051 0.0006 -1
vn 6E-05 0.0012 -1
vn 0.00018 0.00075 -1
vn -0.00061 -0.00239 -1
vn -0.00015 0.00131 -1
vn 0.0092 0.00734 -0.99993
vn -0.4155 0.85849 -0.30059
vn -0.58371 0.33077 -0.74154
vn -0.25329 0.13701 -0.95764
vn -0.65144 0.25917 -0.71306
vn -0.84373 0.46836 -0.26222
vn -0.74578 0.54378 -0.38486
vn -0.27372 0.013 -0.96172
vn -0.34769 0.00398 -0.9376
vn -0.69595 0.00104 -0.71809
vn -0.7734 0.01546 -0.63372
vn -0.91793 0.00378 -0.39673
vn -0.95942 0.01417 -0.28162
vn -0.15146 0.95447 -0.25699
vn -0.94535 0.14623 -0.29143
vn -0.53209 0.70627 -0.46697
vn -0.54746 0.6971 -0.46297
vn -0.82304 0.35863 -0.44044
vn -0.84395 0.3295 -0.42329
vn -0.1747 0.81147 -0.55767
vn -0.18384 0.79821 -0.57364
vn -0.27625 0.79993 -0.53273
vn -0.35912 0.74057 -0.56797
vn -0.354 0.75241 -0.55548
vn -0.44656 0.70185 -0.55496
vn -0.5993 0.58254 -0.54909
vn -0.64204 0.56107 -0.52248
vn -0.6889 0.47121 -0.5508
vn -0.68807 0.46302 -0.55873
vn -0.73779 0.38406 -0.55512
vn -0.83157 0.17921 -0.52572
vn -0.76132 0.1344 -0.63429
vn -0.58785 0.25339 -0.76826
vn -0.10434 0.57615 -0.81066
vn -0.61436 0.15268 -0.77411
vn -0.11224 0.43701 -0.89243
vn -0.17834 0.37795 -0.90849
vn -0.17987 0.33063 -0.92646
vn -0.26497 0.3726 -0.88936
vn -0.34047 0.34521 -0.87459
vn -0.33854 0.24221 -0.90924
vn -0.31643 0.20625 -0.92592
vn -0.32942 0.20457 -0.92176
vn -0.37648 0.07923 -0.92303
vn -0.00111 0.97436 -0.22499
vn 0.00084 0.96332 -0.26836
vn -0.00075 0.82957 -0.5584
vn 0.00306 0.77403 -0.63315
vn -0.00393 0.58572 -0.8105
vn 0.00398 0.22007 -0.97548
vn 0.0006 0.27302 -0.96201
vn 0.85669 0.38768 -0.34028
vn 0.14981 0.94802 -0.28076
vn 0.87414 0.17405 -0.45341
vn 0.74214 0.53884 -0.39861
vn 0.71298 0.57586 -0.40006
vn 0.35924 0.82282 -0.44035
vn 0.33515 0.84045 -0.42582
vn 0.80165 0.21171 -0.55905
vn 0.79417 0.2199 -0.56652
vn 0.72974 0.45968 -0.50613
vn 0.58544 0.58531 -0.56095
vn 0.55628 0.63729 -0.5333
vn 0.46623 0.67992 -0.56598
vn 0.47311 0.68064 -0.55937
vn 0.38425 0.73799 -0.55473
vn 0.17951 0.832 -0.52494
vn 0.1344 0.76132 -0.63429
vn 0.61797 0.24139 -0.74823
vn 0.64018 0.39379 -0.65962
vn 0.5097 0.41879 -0.75155
vn 0.25294 0.58729 -0.76884
vn 0.15495 0.58931 -0.79291
vn 0.44639 0.15837 -0.88071
vn 0.32334 0.29784 -0.89819
vn 0.24742 0.35674 -0.90084
vn 0.23159 0.34961 -0.90782
vn 0.19924 0.12531 -0.9719
vn 0.12376 0.22788 -0.96579
vn 0.07369 0.3613 -0.92953
vn 0.25752 0.0055 -0.96626
vn 0.41866 0.02176 -0.90788
vn 0.65706 0.015 -0.75369
vn 0.61103 0.01148 -0.79153
vn 0.83515 0.00657 -0.54998
vn 0.88028 0.01441 -0.47423
vn 0.96252 0.00163 -0.2712
vn 0.51946 0.19233 -0.83257
vn 0.36361 0.88133 -0.30175
vn 0.66918 0.47178 -0.57412
vn 0.78926 0.50987 -0.3422
vn 0.88186 0.39978 -0.25001
vn -0.5195 0.19227 0.83255
vn -0.36372 0.88132 0.30164
vn -0.66919 0.47177 0.57412
vn -0.7911 0.50707 0.34211
vn -0.88124 0.40019 0.25151
vn -0.25626 0.01074 0.96655
vn -0.25874 0.01103 0.96588
vn -0.65733 0.0146 0.75346
vn -0.6009 0.00724 0.79929
vn -0.83405 0.01437 0.5515
vn -0.84934 0.0177 0.52755
vn -0.9627 0.00212 0.27055
vn -0.47832 0.16494 0.86256
vn -0.8757 0.17702 0.44924
vn -0.47164 0.15288 0.86844
vn -0.61651 0.23436 0.75166
vn -0.80452 0.2397 0.54341
vn -0.85669 0.38768 0.34028
vn -0.20874 0.13849 0.96812
vn -0.64041 0.39662 0.65769
vn -0.70369 0.47005 0.5328
vn -0.71151 0.5301 0.46124
vn -0.33052 0.30715 0.89242
vn -0.68141 0.5871 0.43702
vn -0.32993 0.34947 0.87694
vn -0.44833 0.54009 0.71225
vn -0.57613 0.61531 0.53802
vn -0.12427 0.22829 0.96563
vn -0.19389 0.30765 0.93154
vn -0.54626 0.76471 0.3418
vn -0.28539 0.58526 0.75896
vn -0.34531 0.64911 0.6778
vn -0.37908 0.75938 0.52881
vn -0.35924 0.82282 0.44035
vn -0.33515 0.84045 0.42582
vn -0.07453 0.36372 0.92852
vn -0.15495 0.58931 0.79291
vn -0.1344 0.76132 0.63429
vn -0.17951 0.832 0.52494
vn -0.14981 0.94802 0.28076
vn 0.00111 0.97436 0.22499
vn -0.00084 0.96332 0.26836
vn 0.00075 0.82957 0.5584
vn -0.00306 0.77403 0.63315
vn 0.00393 0.58572 0.8105
vn -0.00399 0.2197 0.97556
vn -0.00051 0.27351 0.96187
vn 0.11235 0.43451 0.89363
vn 0.10434 0.57615 0.81066
vn 0.18384 0.79821 0.57364
vn 0.1747 0.81147 0.55767
vn 0.15146 0.95447 0.25699
vn 0.27626 0.79993 0.53273
vn 0.17993 0.32778 0.92746
vn 0.17806 0.37735 0.90879
vn 0.354 0.75241 0.55548
vn 0.35912 0.74057 0.56797
vn 0.26466 0.37206 0.88968
vn 0.44656 0.70185 0.55496
vn 0.53209 0.70627 0.46697
vn 0.5993 0.58254 0.54909
vn 0.54746 0.6971 0.46297
vn 0.34539 0.34978 0.87084
vn 0.64204 0.56107 0.52248
vn 0.3323 0.22426 0.91612
vn 0.34772 0.24564 0.90485
vn 0.68561 0.44238 0.57814
vn 0.6889 0.47121 0.5508
vn 0.74009 0.38353 0.55243
vn 0.82304 0.35863 0.44044
vn 0.4247 0.15289 0.89233
vn 0.52032 0.1592 0.839
vn 0.84395 0.3295 0.42329
vn 0.5754 0.13553 0.80656
vn 0.79445 0.15472 0.58729
vn 0.83157 0.17921 0.52572
vn 0.94535 0.14623 0.29143
vn 0.11174 0.00849 0.9937
vn 0.35182 -3E-05 0.93607
vn 0.52833 0.01423 0.84892
vn 0.69595 0.0011 0.71809
vn 0.80882 0.0131 0.58791
vn 0.91793 0.00378 0.39673
vn 0.95942 0.01417 0.28163
vn 0.42003 0.85626 0.30066
vn 0.65144 0.25917 0.71306
vn 0.58371 0.33077 0.74153
vn 0.74578 0.54377 0.38486
vn 0.84374 0.46835 0.2622
vn 0.25379 0.13717 0.95748
vn -0.24373 0.96984 0.00313
vn -0.98313 0.18274 -0.00819
vn -0.99554 -0.09315 0.01462
vn -0.89445 -0.44693 -0.01471
vn -0.59141 -0.8062 0.01628
vn -0.425 -0.90517 -0.00636
vn -0.8184 0.57461 0.00686
vn -0.76306 0.64633 -0.00247
vn -0.20525 0.97871 -0.00278
vn 0.5443 0.83888 0.00364
vn 0.59402 0.80443 -0.00477
vn 0.97503 0.22198 0.0058
vn 0.99417 0.1075 -0.00868
vn 0.71313 -0.70095 -0.01043
vn 0.81215 -0.58339 0.00882
vn 0.10083 -0.9949 -0.00106
vn 0.19649 -0.98045 0.01067
vn 0.96176 -0.27388 0.00427
vn 0.53911 0.84208 -0.01589
vn 0.28273 0.95904 0.01771
vn -0.25318 0.96729 -0.01586
vn -0.4794 0.87755 0.00883
vn 0.89456 0.4468 0.01115
vn 0.95063 0.31028 -0.00453
vn 0.96988 -0.24342 0.00878
vn 0.68215 -0.73112 -0.01145
vn 0.45427 -0.89078 0.01249
vn 0.02079 -0.99971 -0.0124
vn -0.2953 -0.95531 0.01375
vn -0.67638 -0.73642 -0.01372
vn -0.97148 -0.23705 -0.00495
vn -0.91129 -0.41161 0.01169
vn -0.97295 0.231 -0.00043
vn -0.96466 0.26347 0.00318
vn -0.80841 0.5886 -0.00376
vn -0.77704 0.62945 0.00132
vn -0.71804 -0.69598 0.00521
vn 0.26488 -0.96423 -0.00977
vn 0.57847 -0.81561 0.01244
vn 0.74551 -0.66643 -0.00944
vn 0.994 -0.10907 0.00848
vn 0.99993 -0.0102 -0.00657
vn -0.08842 -0.99601 0.01182
vn -0.30664 -0.95181 -0.00569
vn -0.70065 -0.71346 0.00855
vn -0.95626 -0.29237 -0.00907
vn -0.9986 0.05196 0.00969
vn -0.9802 0.19799 -0.0035
vn -0.67972 0.73345 0.0058
vn -0.59016 0.80724 -0.00868
vn 0.21578 0.97642 -0.00597
vn 0.09918 0.99503 0.00881
vn 0.75089 0.6604 0.00508
vn 0.74586 0.66609 0.004
vn 0.99556 -0.09351 -0.01038
vn 0.74394 -0.66824 0.00336
vn 0.72246 -0.69132 0.01178
vn 0.28003 -0.9599 -0.01301
vn 0.10929 -0.99389 0.01546
vn -0.23744 -0.97131 -0.01313
vn -0.45694 -0.88934 0.01699
vn -0.69124 -0.72242 -0.01704
vn -0.90972 -0.41481 0.01831
vn -0.96747 -0.25262 -0.01402
vn -0.96357 0.267 0.01582
vn -0.93734 0.34839 -0.00333
vn -0.67904 0.73406 -0.0079
vn -0.54043 0.84097 0.02668
vn -0.11196 0.99331 -0.02831
vn 0.23737 0.97099 0.02904
vn 0.5288 0.84851 -0.01993
vn 0.80609 0.5916 0.01548
vn 0.89671 0.44247 -0.01105
vn 0.99974 0.01776 0.01452
vn 0.96357 -0.267 0.01582
vn 0.92759 -0.37348 -0.00936
vn 0.56832 -0.82279 0.00392
vn 0.59165 -0.80619 -0.00369
vn 0.01777 -0.99979 0.0098
vn -0.0918 -0.9956 -0.01868
vn -0.69123 -0.72238 0.01901
vn -0.76755 -0.64091 -0.01002
vn -0.99672 -0.08079 0.00392
vn -0.994 -0.10929 -0.00369
vn -0.90309 0.42936 0.00853
vn -0.81623 0.57724 -0.02377
vn -0.56732 0.82323 0.02112
vn -0.14293 0.98957 -0.01774
vn -0.04897 0.99879 0.0041
vn 0.55294 0.83321 -0.00442
vn 0.55521 0.8317 -0.00369
vn 0.92178 0.3876 0.00916
vn 0.95904 0.28282 -0.01576
vn 0.96445 -0.26326 -0.02292
vn 0.90252 -0.43025 0.01854
vn 0.44642 -0.89471 -0.01415
vn 0.38634 -0.92234 0.00571
vn -0.37106 -0.92859 -0.0054
vn -0.43081 -0.90233 0.01423
vn -0.89532 -0.44504 -0.01826
vn -0.94089 -0.33861 0.00873
vn -0.98809 0.15388 0.00268
vn -0.96446 0.26327 -0.02237
vn -0.70082 0.71286 0.02601
vn -0.47265 0.8808 -0.02822
vn -0.10929 0.9938 0.0205
vn 0.26326 0.96443 -0.02397
vn 0.48442 0.87452 0.02329
vn 0.88086 0.47269 -0.0255
vn 0.95973 0.27996 0.02306
vn 0.7267 -0.19472 -0.65878
vn 0.68404 -0.31897 -0.65601
vn 0.58322 -0.40837 -0.70221
vn 0.46249 -0.44387 -0.76751
vn 0.46181 -0.46181 -0.75727
vn 0.41153 -0.58772 -0.69659
vn 0.31361 -0.67253 -0.67033
vn 0.18681 -0.69719 -0.69212
vn 0.07227 -0.66338 -0.74478
vn 0.05908 -0.67535 -0.73513
vn -0.06296 -0.7196 -0.69152
vn -0.18745 -0.69957 -0.68954
vn -0.30841 -0.60172 -0.73676
vn -0.27601 -0.59191 -0.75727
vn -0.41152 -0.58772 -0.69659
vn -0.52472 -0.52472 -0.67033
vn -0.59125 -0.414 -0.69212
vn -0.59891 -0.27309 -0.75282
vn -0.59191 -0.27601 -0.75727
vn -0.69302 -0.1857 -0.69659
vn -0.73924 -0.06468 -0.67033
vn -0.71903 0.06291 -0.69212
vn -0.63433 0.17577 -0.75282
vn -0.63084 0.16903 -0.75727
vn -0.65025 0.30322 -0.69659
vn -0.60786 0.42563 -0.67033
vn -0.51038 0.51038 -0.69212
vn -0.35201 0.54601 -0.76024
vn -0.35747 0.51052 -0.78204
vn -0.29801 0.63909 -0.70905
vn -0.19472 0.7267 -0.65878
vn -0.06578 0.75188 -0.65601
vn 0.06205 0.70926 -0.70221
vn 0.15316 0.62247 -0.76751
vn 0.16903 0.63084 -0.75727
vn 0.30322 0.65025 -0.69659
vn 0.42563 0.60786 -0.67033
vn 0.51038 0.51038 -0.69212
vn 0.53837 0.39428 -0.74478
vn 0.55533 0.38884 -0.73513
vn 0.65467 0.30528 -0.69152
vn 0.69957 0.18745 -0.68954
vn 0.6708 0.01353 -0.74152
vn 0.62085 0.05432 -0.78204
vn 0.70247 -0.06146 -0.70905
vn 0.63433 -0.17577 -0.75282
vn 0.63084 -0.16903 -0.75727
vn 0.65025 -0.30322 -0.69659
vn 0.60786 -0.42563 -0.67033
vn 0.51038 -0.51038 -0.69212
vn 0.39428 -0.53837 -0.74478
vn 0.38884 -0.55533 -0.73513
vn 0.30528 -0.65467 -0.69152
vn 0.18745 -0.69957 -0.68954
vn 0.01353 -0.6708 -0.74152
vn 0.05432 -0.62085 -0.78204
vn -0.06146 -0.70247 -0.70905
vn -0.19472 -0.7267 -0.65878
vn -0.31897 -0.68404 -0.65601
vn -0.40837 -0.58321 -0.70221
vn -0.44387 -0.4625 -0.76751
vn -0.46181 -0.46181 -0.75727
vn -0.58772 -0.41152 -0.69659
vn -0.67253 -0.31361 -0.67033
vn -0.69719 -0.18681 -0.69212
vn -0.66338 -0.07227 -0.74478
vn -0.67535 -0.05909 -0.73513
vn -0.7196 0.06296 -0.69152
vn -0.69957 0.18745 -0.68954
vn -0.61571 0.29273 -0.73158
vn -0.61441 0.28651 -0.73513
vn -0.59172 0.41432 -0.69152
vn -0.51212 0.51212 -0.68954
vn -0.38686 0.56136 -0.73158
vn -0.38885 0.55533 -0.73513
vn -0.30528 0.65467 -0.69152
vn -0.18745 0.69957 -0.68954
vn -0.03377 0.67531 -0.73676
vn -0.05692 0.65061 -0.75727
vn 0.06253 0.71474 -0.69659
vn 0.19206 0.71677 -0.67033
vn 0.30504 0.65415 -0.69212
vn 0.37105 0.55463 -0.74478
vn 0.38884 0.55533 -0.73513
vn 0.51078 0.51078 -0.69152
vn 0.59327 0.41541 -0.68954
vn 0.62303 0.2627 -0.73676
vn 0.59191 0.27601 -0.75727
vn 0.69302 0.1857 -0.69659
vn 0.73924 0.06468 -0.67033
vn 0.71903 -0.06291 -0.69212
vn 0.69719 -0.18681 -0.69212
vn 0.59417 -0.28325 -0.75282
vn 0.59191 -0.27601 -0.75727
vn 0.58772 -0.41152 -0.69659
vn 0.52472 -0.52472 -0.67033
vn 0.414 -0.59125 -0.69212
vn 0.25185 -0.59884 -0.76024
vn 0.26339 -0.56483 -0.78204
vn 0.18251 -0.68113 -0.70905
vn 0.06557 -0.74947 -0.65878
vn -0.06578 -0.75188 -0.65601
vn -0.18427 -0.68771 -0.70221
vn -0.27116 -0.56793 -0.77713
vn -0.26339 -0.56484 -0.78204
vn -0.40446 -0.57763 -0.70905
vn -0.53198 -0.53198 -0.65878
vn -0.61826 -0.43291 -0.65601
vn -0.64527 -0.30089 -0.70221
vn -0.62787 -0.22352 -0.74554
vn -0.67295 -0.18032 -0.71737
vn -0.7168 -0.06271 -0.69446
vn -0.68644 0.10565 -0.71947
vn -0.65061 0.05692 -0.75727
vn -0.69302 0.18569 -0.69659
vn -0.67253 0.31361 -0.67033
vn -0.59125 0.414 -0.69212
vn -0.46146 0.46939 -0.75282
vn -0.46181 0.46181 -0.75727
vn -0.41153 0.58772 -0.69659
vn -0.31361 0.67254 -0.67033
vn -0.18681 0.69719 -0.69212
vn -0.07227 0.66338 -0.74478
vn -0.05909 0.67535 -0.73513
vn 0.06296 0.7196 -0.69152
vn 0.18745 0.69957 -0.68954
vn 0.32368 0.5877 -0.74152
vn 0.26339 0.56483 -0.78204
vn 0.40446 0.57763 -0.70905
vn 0.53198 0.53198 -0.65878
vn 0.61826 0.43291 -0.65601
vn 0.64527 0.30089 -0.70221
vn 0.61565 0.1786 -0.76751
vn 0.63084 0.16903 -0.75727
vn 0.71474 0.06253 -0.69659
vn 0.73924 -0.06468 -0.67033
vn 0.0016 0.0002 -1
vn -0.00086 0.01107 -0.99994
vn 0.00245 -0.0112 -0.99993
vn -0.00322 0.01425 -0.99989
vn 0.00034 -1 -0.00052
vn 0 -1 7E-05
vn -0 -1 -0
vn -0.00034 -1 0.00052
vn -1E-05 -1 0.00198
vn 2E-05 -1 0.00074
vn 0.00049 -1 -0.00126
vn 0.00048 -1 0.00167
vn 0.0003 -1 0.00085
vn -1E-05 -1 -0.00124
vn -1E-05 -1 -0.0012
vn 1E-05 -1 -0.00198
vn -6E-05 -1 0.00011
vn 0.00025 -1 0.00083
vn -0.00103 -0.99999 -0.00345
vn 0.00138 -1 -0.00086
vn 0.00176 -1 -0.00037
vn -0.00278 -1 0.00076
vn -2E-05 -1 -0.00252
vn -0 -1 0
vn 0.00218 -1 0.00013
vn 0.00026 -1 0.00082
vn 0.00278 -1 -0.00076
vn 2E-05 -1 0.00252
vn 0.00198 -1 -0.00022
vn 0.00012 -1 -0.00054
vn -0.00218 -1 -0.00013
vn -0.00068 -1 -0.001
vn -0.00083 -1 -0.00023
vn -6E-05 -1 -0.00279
vn -0.00051 -1 0.00178
vn -0.00099 -0.99999 -0.00385
vn -1E-05 -1 -1E-05
vn 0.00103 -0.99999 0.00345
vn -0.00138 -1 0.00086
vn -0.00176 -1 0.00037
vn -0.00245 -1 -8E-05
vn -5E-05 -1 -0.00207
vn -0.00022 -1 0.00029
vn -9E-05 -1 -0.0006
vn -0.00045 -1 -0.00229
vn 6E-05 -1 0.00106
vn 6E-05 -1 -0.00011
vn -0.00026 -1 -0.00082
vn -0.00025 -1 -0.00083
vn 3E-05 -1 -7E-05
vn -7E-05 -1 0.00015
vn -7E-05 -1 0.00032
vn 0.00011 -1 2E-05
vn 0.00027 -1 -0.00128
vn 0.00022 -1 -0.00236
vn 0.00088 -1 0.00025
vn 0.00013 -1 -0.00011
vn 1E-05 -1 -0.00107
vn -0.00099 -0.99999 0.00399
vn -0.00071 -1 -0.00015
vn -0.00045 -1 -0.00229
vn -0.00022 -1 0.00236
vn -0.00088 -1 -0.00025
vn -0.00049 -1 0.00126
vn -0.00013 -1 0.00011
vn -0 -1 0.00114
vn 0 -1 -2E-05
vn 0.00068 -1 0.001
vn 0.00083 -1 0.00023
vn 6E-05 -1 0.00279
vn 0.00051 -1 -0.00178
vn 0.00099 -0.99999 0.00383
vn 4E-05 -1 9E-05
vn -6E-05 -1 -0.00014
vn -0.00023 -1 -0.00039
vn 0.00011 -1 0
vn -1E-05 -1 -0
vn 7E-05 -1 0.00036
vn 4E-05 -1 0.00089
vn 7E-05 -1 -5E-05
vn -0 -1 3E-05
vn 0 -1 -0
vn -1E-05 -1 1E-05
vn 0 -1 -9E-05
vn 0.00011 -1 9E-05
vn -0.00245 -0.0112 0.99993
vn 0.00059 0.00244 1
vn -0.0016 0.00519 0.99999
vn -0.00028 0.01097 0.99994
vn 6E-05 -1 8E-05
vn -0.00016 -1 -1E-05
vn 8E-05 -1 -0.00032
vn 5E-05 -1 9E-05
vn -0.00013 -1 -6E-05
vn -0.00094 -1 0.00164
vn 0.00031 -1 -3E-05
vn 0.00027 -1 -8E-05
vn 3E-05 -1 -5E-05
vn 0.00039 -1 0.00032
vn 3E-05 -1 -5E-05
vn 0.00717 -0.99994 -0.00801
vn -0.0039 -0.99998 -0.00449
vn 0.00204 -0.99999 0.00324
vn -0.00033 -1 -3E-05
vn -3E-05 -1 0.00031
vn -3E-05 -1 5E-05
vn -3E-05 -1 5E-05
vn -6E-05 -1 -8E-05
vn -0.00029 -1 2E-05
vn -0.00025 -1 7E-05
vn -0.00039 -1 -0.00032
vn -5E-05 -1 -9E-05
vn 0.00014 -1 7E-05
vn 0.00098 -1 -0.00169
vn 0.0039 -0.99998 0.00449
vn -0.00195 -0.99999 -0.00311
vn -0.00717 -0.99994 0.00801
vn -0.00062 0.0447 0.999
vn 1E-05 0.07468 0.99721
vn -6E-05 0.21965 0.97558
vn 2E-05 0.22565 0.97421
vn -2E-05 0.36557 0.93078
vn 2E-05 0.36855 0.92961
vn 1E-05 0.46352 0.88609
vn 3E-05 0.46534 0.88513
vn 1E-05 0.59518 0.8036
vn 2E-05 0.59576 0.80316
vn 1E-05 0.717 0.69707
vn -0.0002 0.70682 0.70739
vn -0.00015 0.81196 0.58371
vn -0.00022 0.80925 0.58747
vn -0.00014 0.88104 0.47304
vn 9E-05 0.88876 0.45838
vn 0.00021 0.93306 0.35972
vn -0.00046 0.95196 0.30623
vn -0.00036 0.96273 0.27048
vn 0 0.99737 -0.07241
vn -0 0.99747 0.07108
vn -3E-05 0.9976 0.06922
vn 0.00058 0.9811 0.19352
vn 0.00062 0.04471 -0.999
vn -1E-05 0.07468 -0.99721
vn 6E-05 0.21965 -0.97558
vn -2E-05 0.22565 -0.97421
vn 2E-05 0.36557 -0.93078
vn -2E-05 0.36855 -0.92961
vn -1E-05 0.46352 -0.88609
vn -3E-05 0.46534 -0.88513
vn -1E-05 0.59518 -0.8036
vn -2E-05 0.59576 -0.80316
vn -1E-05 0.717 -0.69707
vn 0.0002 0.70682 -0.70739
vn 0.00015 0.81196 -0.58371
vn 0.00022 0.80925 -0.58747
vn 0.00014 0.88104 -0.47304
vn -9E-05 0.88876 -0.45838
vn -0.00021 0.93306 -0.35972
vn 0.00046 0.95196 -0.30623
vn 0.00031 0.96842 -0.24932
vn 0.00021 0.9702 -0.2423
vn 5E-05 0.99762 -0.06888
vn -0.04302 0.99654 0.07105
vn -0.07558 0.99712 -0.00662
vn -0.04135 0.99677 -0.06886
vn -0.07487 0.04133 -0.99634
vn -0.20903 0.08458 -0.97424
vn -0.24728 0.06757 -0.96659
vn -0.3569 0.08611 -0.93017
vn -0.40857 0.06573 -0.91036
vn -0.49265 0.09039 -0.86552
vn -0.58014 0.0625 -0.81211
vn -0.61771 0.08206 -0.78211
vn -0.71209 0.0667 -0.69891
vn -0.72833 0.07831 -0.68073
vn -0.81913 0.07087 -0.56921
vn -0.82675 0.07816 -0.55711
vn -0.89859 0.07553 -0.43225
vn -0.89774 0.07432 -0.43421
vn -0.94836 0.08446 -0.30575
vn -0.96017 0.0684 -0.27092
vn -0.98417 0.08405 -0.15602
vn -0.99229 0.06408 -0.10605
vn -0.99592 0.09 -0.00611
vn -0.99322 0.06172 0.09854
vn -0.98628 0.08086 0.14391
vn -0.96119 0.06691 0.26765
vn -0.96343 0.06327 0.26038
vn -0.90365 0.05069 0.42526
vn -0.88405 0.0778 0.46088
vn -0.82363 0.07553 0.56208
vn -0.8249 0.07432 0.56037
vn -0.75184 0.08314 0.65408
vn -0.71427 0.04708 0.69828
vn -0.59893 0.07267 0.7975
vn -0.58411 0.06573 0.80901
vn -0.50324 0.09039 0.85941
vn -0.41324 0.0625 0.90847
vn -0.39537 0.07039 0.91582
vn -0.20095 0.06992 0.9771
vn -0.23623 0.04106 0.97083
vn -0.21417 0.22354 0.95088
vn -0.20163 0.2348 0.9509
vn -0.31435 0.23597 0.91951
vn -0.64642 0.23587 0.72561
vn -0.68367 0.23596 0.69059
vn -0.89454 0.23581 0.37972
vn -0.91425 0.23598 0.32933
vn -0.16623 0.22037 -0.96115
vn -0.22232 0.3477 -0.91087
vn -0.2208 0.34651 -0.91169
vn -0.3402 0.3055 -0.88934
vn -0.46461 0.34312 -0.81634
vn -0.46955 0.34917 -0.81093
vn -0.59091 0.30547 -0.74667
vn -0.68725 0.34552 -0.63899
vn -0.6882 0.3474 -0.63695
vn -0.78621 0.30551 -0.53715
vn -0.84387 0.34663 -0.40956
vn -0.84041 0.32797 -0.43145
vn -0.90194 0.32452 -0.28493
vn -0.90485 0.34249 -0.25286
vn -0.94029 0.3055 -0.15005
vn -0.93927 0.34312 -0.0058
vn -0.93706 0.34917 0.00117
vn -0.94209 0.30547 0.13842
vn -0.91591 0.33172 0.22599
vn -0.82411 0.33288 0.45831
vn -0.78787 0.30694 0.5339
vn -0.72701 0.33201 0.60103
vn -0.54364 0.33283 0.77051
vn -0.48118 0.30552 0.82166
vn -0.39439 0.33167 0.857
vn -0.16817 0.34995 0.92155
vn -0.1824 0.47971 0.85826
vn -0.20546 0.45753 0.86513
vn -0.34615 0.45607 0.81986
vn -0.31682 0.47764 0.81944
vn -0.54784 0.47835 0.68633
vn -0.54976 0.47717 0.68561
vn -0.62462 0.49028 0.60785
vn -0.64099 0.47764 0.60083
vn -0.79138 0.47835 0.38066
vn -0.7928 0.47717 0.37919
vn -0.8265 0.49028 0.27664
vn -0.8382 0.47764 0.26321
vn -0.8781 0.47847 0.00148
vn -0.87843 0.47787 0.0011
vn -0.83953 0.47847 -0.25741
vn -0.82819 0.50948 -0.2335
vn -0.79742 0.44473 -0.40784
vn -0.70122 0.53045 -0.47636
vn -0.66439 0.42481 -0.61491
vn -0.52966 0.53045 -0.66188
vn -0.45362 0.42481 -0.78343
vn -0.33476 0.51449 -0.78945
vn -0.2146 0.50234 -0.83761
vn -0.20573 0.48327 -0.85096
vn -0.15261 0.59307 -0.79056
vn -0.38271 0.64276 -0.66362
vn -0.49804 0.60383 -0.62237
vn -0.49113 0.59713 -0.63421
vn -0.66323 0.5976 -0.45055
vn -0.66313 0.5981 -0.45004
vn -0.76656 0.59761 -0.23504
vn -0.78074 0.56688 -0.26286
vn -0.7736 0.62644 -0.09547
vn -0.83016 0.55752 0.0014
vn -0.76616 0.6333 0.10918
vn -0.76413 0.61385 0.19821
vn -0.63316 0.64276 0.43123
vn -0.60135 0.61813 0.50625
vn -0.38618 0.64039 0.6639
vn -0.31725 0.57303 0.75564
vn -0.15343 0.62169 0.76809
vn -0.18506 0.591 0.78516
vn -0.16904 0.70407 -0.68971
vn -0.16385 0.70012 -0.69498
vn -0.32679 0.68983 -0.64602
vn -0.49936 0.73364 -0.46088
vn -0.60819 0.67805 -0.41275
vn -0.61304 0.73363 -0.29321
vn -0.68751 0.68895 -0.22952
vn -0.68718 0.72133 -0.08639
vn -0.70089 0.70569 -0.10372
vn -0.7036 0.70821 0.0582
vn -0.66389 0.6991 0.26555
vn -0.61979 0.68983 0.37416
vn -0.4306 0.71141 0.55541
vn -0.38055 0.67032 0.63707
vn -0.23237 0.73927 0.63204
vn -0.16563 0.67984 0.71441
vn -0.21733 0.77981 0.58708
vn -0.25698 0.82479 0.50366
vn -0.40425 0.77565 0.48471
vn -0.44228 0.80634 0.3927
vn -0.51527 0.7805 0.354
vn -0.55386 0.81079 0.18938
vn -0.58891 0.78986 0.17119
vn -0.617 0.78069 0.09918
vn -0.57722 0.81658 0.00195
vn -0.61572 0.78268 -0.09111
vn -0.54184 0.82099 -0.17996
vn -0.5638 0.78065 -0.26966
vn -0.42953 0.8123 -0.39456
vn -0.43382 0.79174 -0.43006
vn -0.31446 0.78075 -0.53995
vn -0.21061 0.82656 -0.52195
vn -0.14433 0.78645 -0.60056
vn -0.19193 0.8615 -0.47009
vn -0.21347 0.88902 -0.40507
vn -0.36538 0.86824 -0.33564
vn -0.36028 0.88428 -0.29708
vn -0.4794 0.86319 -0.15834
vn -0.44066 0.89454 -0.0749
vn -0.49723 0.86762 0.00168
vn -0.44516 0.88267 0.15073
vn -0.48213 0.8652 0.13774
vn -0.37053 0.88872 0.26998
vn -0.37378 0.86554 0.33336
vn -0.21868 0.8828 0.41574
vn -0.22159 0.88127 0.41745
vn -0.16862 0.93177 -0.32151
vn -0.18522 0.94547 -0.26791
vn -0.28487 0.92877 -0.23715
vn -0.29332 0.94732 -0.1286
vn -0.37625 0.92436 -0.06323
vn -0.32528 0.94461 0.04372
vn -0.34795 0.93212 0.1004
vn -0.28025 0.93818 0.20318
vn -0.24561 0.94668 0.20851
vn -0.18764 0.92031 0.34325
vn -0.11575 0.97835 -0.17154
vn -0.11525 0.97754 -0.17647
vn -0.20711 0.97405 -0.09131
vn -0.19336 0.98102 -0.01458
vn -0.22164 0.97466 0.0303
vn -0.17705 0.97347 0.14494
vn -0.09728 0.98484 0.1436
vn 0.99996 -0.00887 0.00272
vn 0.99996 0.00887 -0.00272
vn 0.96505 -0.0051 0.26201
vn 0.96246 -0.00143 0.27142
vn 0.30144 0.00929 0.95344
vn 0.1666 -0.02903 0.9856
vn -0.49827 0.03352 0.86638
vn -0.49827 -0.0333 -0.86638
vn 0.3014 0.02001 -0.95329
vn 0.21229 -0.01213 -0.97713
vn 0.84754 0.02022 -0.53034
vn 0.9616 -0.04227 -0.27117
vn 0.97713 0.03166 0.21025
vn -0.0337 -0.00974 0.99938
vn -0.55536 0.00442 0.8316
vn -0.56973 0.00668 0.82181
vn -0.89674 -0.00697 0.4425
vn -0.96018 0.00677 0.27929
vn -0.99241 -0.00441 -0.12291
vn -0.99843 -0.01203 -0.05462
vn -0.88928 0.00998 -0.45725
vn -0.59503 -0.01073 -0.80363
vn -0.50207 0.00375 -0.86482
vn 0.20417 -0.00405 -0.97893
vn 0.2543 0.00352 -0.96712
vn 0.82182 -0.00352 -0.56974
vn 0.83223 -0.0008 -0.55443
vn 0.99994 0.00624 0.00936
vn 0.97884 -0.01373 0.20415
vn 0.79946 0.01135 0.60061
vn 0.59381 -0.01203 0.80451
vn 0.20415 0.01388 0.97884
vn 0.04612 0.9969 -0.06371
vn 0.07618 0.99706 0.00807
vn 0.07487 0.04133 0.99634
vn 0.20903 0.08458 0.97424
vn 0.24728 0.06757 0.96659
vn 0.3569 0.08611 0.93017
vn 0.40857 0.06573 0.91036
vn 0.49265 0.09039 0.86552
vn 0.58014 0.0625 0.81211
vn 0.61771 0.08206 0.78211
vn 0.71209 0.0667 0.69891
vn 0.72833 0.07831 0.68073
vn 0.81913 0.07087 0.56921
vn 0.82675 0.07816 0.55711
vn 0.89859 0.07553 0.43225
vn 0.89774 0.07432 0.43421
vn 0.94836 0.08446 0.30575
vn 0.96017 0.0684 0.27092
vn 0.98417 0.08405 0.15602
vn 0.99229 0.06408 0.10605
vn 0.99592 0.09 0.00611
vn 0.99322 0.06172 -0.09854
vn 0.98628 0.08086 -0.14391
vn 0.96115 0.06689 -0.26779
vn 0.96345 0.06317 -0.26034
vn 0.9037 0.05061 -0.42516
vn 0.88405 0.0778 -0.46088
vn 0.82363 0.07553 -0.56208
vn 0.8249 0.07432 -0.56037
vn 0.75184 0.08314 -0.65408
vn 0.71427 0.04708 -0.69828
vn 0.59893 0.07267 -0.7975
vn 0.58411 0.06573 -0.80901
vn 0.50324 0.09039 -0.85941
vn 0.41324 0.0625 -0.90847
vn 0.39537 0.07039 -0.91582
vn 0.20095 0.06995 -0.9771
vn 0.23624 0.04106 -0.97083
vn 0.21417 0.22354 -0.95088
vn 0.20163 0.2348 -0.9509
vn 0.31435 0.23597 -0.91951
vn 0.64642 0.23587 -0.72561
vn 0.68367 0.23596 -0.69059
vn 0.89454 0.23581 -0.37972
vn 0.91425 0.23598 -0.32933
vn 0.16623 0.22037 0.96115
vn 0.22232 0.3477 0.91087
vn 0.2208 0.34651 0.91169
vn 0.3402 0.3055 0.88934
vn 0.46461 0.34312 0.81634
vn 0.46955 0.34917 0.81093
vn 0.59091 0.30547 0.74667
vn 0.68725 0.34552 0.63899
vn 0.6882 0.3474 0.63695
vn 0.78621 0.30551 0.53715
vn 0.84387 0.34663 0.40956
vn 0.84041 0.32797 0.43145
vn 0.90194 0.32452 0.28493
vn 0.90485 0.34249 0.25286
vn 0.94029 0.3055 0.15005
vn 0.93927 0.34312 0.0058
vn 0.93706 0.34917 -0.00117
vn 0.94209 0.30547 -0.13842
vn 0.91591 0.33172 -0.22599
vn 0.82411 0.33288 -0.45831
vn 0.78787 0.30694 -0.5339
vn 0.72701 0.33201 -0.60103
vn 0.54364 0.33283 -0.77051
vn 0.48118 0.30552 -0.82166
vn 0.39439 0.33167 -0.857
vn 0.16817 0.34995 -0.92155
vn 0.1824 0.47971 -0.85826
vn 0.20546 0.45753 -0.86513
vn 0.34615 0.45607 -0.81986
vn 0.31682 0.47764 -0.81944
vn 0.54784 0.47835 -0.68633
vn 0.54976 0.47717 -0.68561
vn 0.62462 0.49028 -0.60785
vn 0.64099 0.47764 -0.60083
vn 0.79138 0.47835 -0.38066
vn 0.7928 0.47717 -0.37919
vn 0.8265 0.49028 -0.27664
vn 0.8382 0.47764 -0.26321
vn 0.8781 0.47847 -0.00148
vn 0.87843 0.47787 -0.0011
vn 0.83953 0.47847 0.25741
vn 0.82819 0.50948 0.2335
vn 0.79742 0.44473 0.40784
vn 0.70122 0.53045 0.47636
vn 0.66439 0.42481 0.61491
vn 0.52966 0.53045 0.66188
vn 0.45362 0.42481 0.78343
vn 0.33476 0.51449 0.78945
vn 0.2146 0.50234 0.83761
vn 0.20573 0.48327 0.85096
vn 0.15261 0.59307 0.79056
vn 0.38271 0.64276 0.66362
vn 0.49804 0.60383 0.62237
vn 0.49113 0.59713 0.63421
vn 0.66323 0.5976 0.45055
vn 0.66313 0.5981 0.45004
vn 0.76656 0.59761 0.23504
vn 0.78074 0.56688 0.26286
vn 0.7736 0.62644 0.09547
vn 0.83016 0.55752 -0.0014
vn 0.76616 0.6333 -0.10918
vn 0.76413 0.61385 -0.19821
vn 0.63316 0.64276 -0.43123
vn 0.60135 0.61813 -0.50625
vn 0.38618 0.64039 -0.6639
vn 0.31725 0.57303 -0.75564
vn 0.15343 0.62169 -0.76809
vn 0.18506 0.591 -0.78516
vn 0.16904 0.70407 0.68971
vn 0.16385 0.70012 0.69498
vn 0.32679 0.68983 0.64602
vn 0.49936 0.73364 0.46088
vn 0.60819 0.67805 0.41275
vn 0.61304 0.73363 0.29321
vn 0.68751 0.68895 0.22952
vn 0.68718 0.72133 0.08639
vn 0.70089 0.70569 0.10372
vn 0.7036 0.70821 -0.0582
vn 0.66389 0.6991 -0.26555
vn 0.61979 0.68983 -0.37416
vn 0.4306 0.71141 -0.55541
vn 0.38055 0.67032 -0.63707
vn 0.23237 0.73927 -0.63204
vn 0.16563 0.67984 -0.71441
vn 0.21733 0.77981 -0.58708
vn 0.25698 0.82479 -0.50366
vn 0.40425 0.77565 -0.48471
vn 0.44228 0.80634 -0.3927
vn 0.51527 0.7805 -0.354
vn 0.55386 0.81079 -0.18938
vn 0.58891 0.78986 -0.17119
vn 0.617 0.78069 -0.09918
vn 0.57722 0.81658 -0.00195
vn 0.61572 0.78268 0.09111
vn 0.54184 0.82099 0.17996
vn 0.5638 0.78065 0.26966
vn 0.42953 0.8123 0.39456
vn 0.43382 0.79174 0.43006
vn 0.31446 0.78075 0.53995
vn 0.21061 0.82656 0.52195
vn 0.14433 0.78645 0.60056
vn 0.19193 0.8615 0.47009
vn 0.21347 0.88902 0.40507
vn 0.36538 0.86824 0.33564
vn 0.36028 0.88428 0.29708
vn 0.4794 0.86319 0.15834
vn 0.44066 0.89454 0.0749
vn 0.49723 0.86762 -0.00168
vn 0.44516 0.88267 -0.15073
vn 0.48213 0.8652 -0.13774
vn 0.37053 0.88872 -0.26998
vn 0.37378 0.86554 -0.33336
vn 0.21868 0.8828 -0.41574
vn 0.22159 0.88127 -0.41745
vn 0.16862 0.93177 0.32151
vn 0.18522 0.94547 0.26791
vn 0.28487 0.92877 0.23715
vn 0.29332 0.94732 0.1286
vn 0.37625 0.92436 0.06323
vn 0.32528 0.94461 -0.04372
vn 0.34795 0.93212 -0.1004
vn 0.28025 0.93818 -0.20318
vn 0.24561 0.94668 -0.20851
vn 0.18764 0.92031 -0.34325
vn 0.1353 0.97068 0.19867
vn 0.19273 0.97755 0.08509
vn 0.17771 0.98331 0.03902
vn 0.22164 0.97466 -0.0303
vn 0.17705 0.97347 -0.14494
vn 0.11345 0.98306 -0.14394
vn -0.99996 -0.00887 -0.00272
vn -0.99996 0.00887 0.00272
vn 0.49827 -0.0333 0.86638
vn -0.3014 0.02001 0.95329
vn -0.21229 -0.01213 0.97713
vn -0.84754 0.02022 0.53034
vn -0.9616 -0.04227 0.27117
vn -0.97713 0.03166 -0.21025
vn -0.96505 -0.0051 -0.26201
vn -0.96246 -0.00143 -0.27142
vn -0.30144 0.00929 -0.95344
vn -0.1666 -0.02903 -0.9856
vn 0.49827 0.03352 -0.86638
vn -0.20417 -0.00405 0.97893
vn -0.2543 0.00352 0.96712
vn -0.82182 -0.00352 0.56974
vn -0.83223 -0.0008 0.55443
vn -0.99994 0.00624 -0.00936
vn -0.97884 -0.01373 -0.20415
vn -0.79946 0.01135 -0.60061
vn -0.59381 -0.01203 -0.80451
vn -0.20415 0.01388 -0.97884
vn 0.0337 -0.00974 -0.99938
vn 0.55536 0.00442 -0.8316
vn 0.56973 0.00668 -0.82181
vn 0.89674 -0.00697 -0.4425
vn 0.96018 0.00677 -0.27929
vn 0.99241 -0.00441 0.12291
vn 0.99843 -0.01203 0.05462
vn 0.88928 0.00998 0.45725
vn 0.59503 -0.01073 0.80363
vn 0.50207 0.00375 0.86482
vn 0.00017 -0.05632 0.99841
vn -1E-05 -0.06254 0.99804
vn 1E-05 -0.24744 0.9689
vn -0 -0.24802 0.96875
vn 1E-05 -0.40553 0.91408
vn -0 -0.40627 0.91375
vn 2E-05 -0.55222 0.8337
vn -0 -0.5531 0.83312
vn 2E-05 -0.68343 0.73001
vn -0 -0.6844 0.72911
vn 3E-05 -0.7955 0.60595
vn -0 -0.7965 0.60464
vn 3E-05 -0.88532 0.46498
vn -0 -0.88625 0.46322
vn 4E-05 -0.9504 0.31104
vn 6E-05 -0.94994 0.31243
vn -2E-05 -0.98892 0.14842
vn -0.00015 -0.98994 0.14147
vn -0.00028 -0.9998 0.02015
vn 0.00028 -0.9998 -0.02015
vn 0.00015 -0.98994 -0.14147
vn 2E-05 -0.98892 -0.14842
vn -6E-05 -0.94994 -0.31244
vn -4E-05 -0.9504 -0.31104
vn 0 -0.88625 -0.46322
vn -3E-05 -0.88532 -0.46498
vn 0 -0.7965 -0.60464
vn -3E-05 -0.7955 -0.60595
vn 0 -0.6844 -0.72911
vn -2E-05 -0.68343 -0.73001
vn 0 -0.5531 -0.83312
vn -2E-05 -0.55222 -0.8337
vn 0 -0.40627 -0.91375
vn -1E-05 -0.40553 -0.91408
vn 0 -0.24802 -0.96875
vn -1E-05 -0.24744 -0.9689
vn 1E-05 -0.06254 -0.99804
vn -0.00017 -0.05632 -0.99841
vn -0.99998 0.00581 -0.00124
vn 0.99998 0.00582 0.00124
vn -0.82257 -0.00895 0.5686
vn -0.99492 -0.07783 -0.06382
vn -0.816 -0.10761 0.56795
vn -0.82658 -0.12382 -0.54903
vn -0.96071 -0.15036 -0.23328
vn -0.96316 -0.14172 -0.22854
vn -0.92068 -0.20057 -0.33483
vn -0.90845 -0.18905 -0.3728
vn -0.81621 -0.23679 -0.527
vn -0.81784 -0.23457 -0.52547
vn -0.70453 -0.28375 -0.65048
vn -0.97496 -0.19377 -0.10912
vn -0.963 -0.21947 -0.15639
vn -0.92847 -0.30346 -0.21415
vn -0.88816 -0.31818 -0.33158
vn -0.81687 -0.40037 -0.41525
vn -0.70525 -0.28303 -0.65001
vn -0.57093 -0.32776 -0.75274
vn -0.52734 -0.20767 -0.82389
vn -0.44112 -0.02689 0.89705
vn -0.83597 -0.37023 -0.40507
vn -0.70621 -0.47765 -0.52261
vn -0.5697 -0.3293 -0.75299
vn -0.26655 -0.23557 -0.93459
vn -0.23481 -0.06321 0.96998
vn -0.26528 -0.08199 0.96068
vn -0.26642 -0.24046 0.93338
vn -0.26688 -0.95068 0.15809
vn -0.25998 -0.91364 0.31253
vn -0.56971 -0.72322 0.39036
vn -0.72625 -0.46839 0.50316
vn -0.90182 -0.21618 0.37414
vn -0.94618 -0.12785 0.29731
vn -0.26709 -0.39264 0.88006
vn -0.26438 -0.23778 0.93465
vn -0.26782 -0.53375 0.80211
vn -0.26356 -0.38847 0.88297
vn -0.52734 -0.20949 0.82343
vn -0.56524 -0.09078 0.81992
vn -0.67996 -0.04949 0.73157
vn -0.26862 -0.65985 0.70174
vn -0.26278 -0.52862 0.80716
vn -0.5697 -0.33096 0.75226
vn -0.71459 -0.06583 0.69644
vn -0.79377 -0.05577 0.60566
vn -0.26946 -0.76741 0.58178
vn -0.26202 -0.6544 0.7093
vn -0.52734 -0.4655 0.71079
vn -0.57093 -0.33182 0.75096
vn -0.70206 -0.28781 0.65137
vn -0.27036 -0.85344 0.44559
vn -0.26129 -0.76238 0.59203
vn -0.56971 -0.55729 0.60404
vn -0.72816 -0.29329 0.61948
vn -0.81253 -0.22039 0.53965
vn -0.27135 -0.91573 0.29632
vn -0.26058 -0.8496 0.45857
vn -0.52734 -0.67107 0.52113
vn -0.57093 -0.55767 0.60253
vn -0.72436 -0.4683 0.50596
vn -0.27147 -0.96244 -0.00481
vn -0.26726 -0.95066 0.15756
vn -0.52734 -0.80392 0.27499
vn -0.57093 -0.7231 0.3888
vn -0.65901 -0.66244 0.35619
vn -0.74118 -0.53831 0.40109
vn -0.87865 -0.31532 0.35854
vn -0.25847 -0.95538 -0.143
vn -0.26926 -0.96307 -0.00106
vn -0.56971 -0.81079 0.13438
vn -0.25902 -0.91813 -0.29991
vn -0.26887 -0.94986 -0.15958
vn -0.52733 -0.84966 -0.00093
vn -0.57093 -0.81017 0.13295
vn -0.65901 -0.74221 0.1218
vn -0.74877 -0.62768 0.21298
vn -0.78848 -0.58244 0.19763
vn -0.8528 -0.46555 0.23663
vn -0.90465 -0.37188 0.20812
vn -0.2596 -0.8553 -0.44841
vn -0.2685 -0.91074 -0.31378
vn -0.56971 -0.81049 -0.13617
vn -0.90421 -0.37253 0.20888
vn -0.95723 -0.25183 0.14244
vn -0.97772 -0.16079 0.13497
vn -0.26022 -0.76863 -0.58437
vn -0.26814 -0.84676 -0.45945
vn -0.52734 -0.80332 -0.27677
vn -0.57093 -0.80943 -0.13732
vn -0.71198 -0.69231 -0.11745
vn -0.75114 -0.66011 -0.00612
vn -0.82955 -0.55721 0.03696
vn -0.2609 -0.66055 -0.70399
vn -0.26778 -0.75967 -0.59262
vn -0.56971 -0.72236 -0.39196
vn -0.70524 -0.70073 -0.10777
vn -0.90434 -0.42681 0.00165
vn -0.99823 -0.05393 0.02488
vn -0.26164 -0.53405 -0.80395
vn -0.26744 -0.65183 -0.70964
vn -0.52733 -0.66992 -0.52261
vn -0.57093 -0.72099 -0.3927
vn -0.70525 -0.6226 -0.33911
vn -0.91352 -0.40647 -0.0162
vn -0.96809 -0.25043 -0.00902
vn -0.26246 -0.39269 -0.88143
vn -0.26712 -0.52618 -0.80733
vn -0.5697 -0.55596 -0.60527
vn -0.70621 -0.62146 -0.3392
vn -0.78848 -0.53988 -0.29467
vn -0.8528 -0.48941 -0.18225
vn -0.86796 -0.467 -0.16896
vn -0.9674 -0.25314 -0.00803
vn -0.26336 -0.24039 -0.93427
vn -0.26682 -0.38616 -0.883
vn -0.52734 -0.46393 -0.71182
vn -0.57093 -0.55442 -0.60553
vn -0.70525 -0.47876 -0.52289
vn -0.79394 -0.03979 -0.60669
vn -0.71073 -0.07707 -0.69923
vn -0.5796 -0.04935 -0.81341
vn -0.57281 -0.05466 -0.81786
vn -0.28154 -0.05514 -0.95796
vn -0.26399 -0.07072 -0.96193
vn -0.80929 -0.00381 -0.58739
vn 0.80698 -0.00948 0.59051
vn 0.99492 -0.07784 0.06382
vn 0.816 -0.10762 -0.56795
vn 0.82658 -0.12382 0.54903
vn 0.96071 -0.15038 0.23329
vn 0.96316 -0.14172 0.22854
vn 0.92068 -0.20057 0.33483
vn 0.90845 -0.18905 0.3728
vn 0.81621 -0.23679 0.527
vn 0.81784 -0.23457 0.52547
vn 0.70453 -0.28375 0.65048
vn 0.97496 -0.19377 0.10912
vn 0.963 -0.21947 0.15639
vn 0.92847 -0.30346 0.21415
vn 0.88816 -0.31818 0.33158
vn 0.81687 -0.40037 0.41525
vn 0.70525 -0.28303 0.65001
vn 0.57093 -0.32776 0.75274
vn 0.52734 -0.20767 0.82389
vn 0.44112 -0.02689 -0.89705
vn 0.83597 -0.37023 0.40507
vn 0.70621 -0.47765 0.52261
vn 0.5697 -0.3293 0.75299
vn 0.26655 -0.23557 0.93459
vn 0.23481 -0.06322 -0.96998
vn 0.26528 -0.08199 -0.96068
vn 0.26642 -0.24046 -0.93338
vn 0.26688 -0.95068 -0.15809
vn 0.25998 -0.91364 -0.31253
vn 0.56971 -0.72322 -0.39036
vn 0.72625 -0.46839 -0.50316
vn 0.90182 -0.21618 -0.37414
vn 0.94618 -0.12785 -0.29731
vn 0.26709 -0.39264 -0.88006
vn 0.26438 -0.23778 -0.93465
vn 0.26782 -0.53375 -0.80211
vn 0.26356 -0.38847 -0.88297
vn 0.52734 -0.20949 -0.82343
vn 0.56523 -0.09081 -0.81992
vn 0.68 -0.04949 -0.73154
vn 0.26862 -0.65985 -0.70174
vn 0.26278 -0.52862 -0.80716
vn 0.5697 -0.33096 -0.75226
vn 0.71459 -0.06581 -0.69644
vn 0.79376 -0.05575 -0.60567
vn 0.26946 -0.76741 -0.58178
vn 0.26202 -0.6544 -0.7093
vn 0.52734 -0.4655 -0.71079
vn 0.57093 -0.33182 -0.75096
vn 0.70206 -0.28781 -0.65137
vn 0.27036 -0.85344 -0.44559
vn 0.26129 -0.76238 -0.59203
vn 0.56971 -0.55729 -0.60404
vn 0.72816 -0.29329 -0.61948
vn 0.81253 -0.22039 -0.53965
vn 0.27135 -0.91573 -0.29632
vn 0.26058 -0.8496 -0.45857
vn 0.52734 -0.67107 -0.52113
vn 0.57093 -0.55767 -0.60253
vn 0.72436 -0.4683 -0.50596
vn 0.27147 -0.96244 0.00481
vn 0.26726 -0.95066 -0.15756
vn 0.52734 -0.80392 -0.27499
vn 0.57093 -0.7231 -0.3888
vn 0.65901 -0.66244 -0.35619
vn 0.74118 -0.53831 -0.40109
vn 0.87865 -0.31532 -0.35854
vn 0.25847 -0.95537 0.143
vn 0.26926 -0.96307 0.00106
vn 0.56971 -0.81079 -0.13438
vn 0.25902 -0.91813 0.29991
vn 0.26887 -0.94986 0.15958
vn 0.52733 -0.84966 0.00093
vn 0.57093 -0.81017 -0.13295
vn 0.65901 -0.74221 -0.1218
vn 0.74877 -0.62768 -0.21298
vn 0.78848 -0.58244 -0.19763
vn 0.8528 -0.46555 -0.23663
vn 0.90465 -0.37188 -0.20812
vn 0.2596 -0.8553 0.44841
vn 0.2685 -0.91074 0.31378
vn 0.56971 -0.81049 0.13617
vn 0.90421 -0.37253 -0.20888
vn 0.95723 -0.25183 -0.14244
vn 0.97772 -0.1608 -0.13497
vn 0.26022 -0.76863 0.58437
vn 0.26814 -0.84676 0.45945
vn 0.52734 -0.80332 0.27677
vn 0.57093 -0.80943 0.13732
vn 0.71198 -0.69231 0.11745
vn 0.75114 -0.66011 0.00612
vn 0.82955 -0.55721 -0.03696
vn 0.2609 -0.66055 0.70399
vn 0.26778 -0.75967 0.59262
vn 0.56971 -0.72236 0.39196
vn 0.70524 -0.70073 0.10777
vn 0.90434 -0.42681 -0.00165
vn 0.99823 -0.05393 -0.02488
vn 0.26164 -0.53406 0.80395
vn 0.26744 -0.65183 0.70964
vn 0.52733 -0.66992 0.52261
vn 0.57093 -0.72099 0.3927
vn 0.70525 -0.6226 0.33911
vn 0.91352 -0.40647 0.0162
vn 0.96809 -0.25043 0.00902
vn 0.26246 -0.39269 0.88143
vn 0.26712 -0.52618 0.80733
vn 0.5697 -0.55596 0.60527
vn 0.70621 -0.62146 0.3392
vn 0.78848 -0.53988 0.29467
vn 0.8528 -0.48941 0.18225
vn 0.86796 -0.467 0.16896
vn 0.9674 -0.25314 0.00803
vn 0.26336 -0.24039 0.93427
vn 0.26682 -0.38616 0.883
vn 0.52734 -0.46393 0.71182
vn 0.57093 -0.55442 0.60553
vn 0.70525 -0.47876 0.52289
vn 0.79394 -0.03979 0.60669
vn 0.71073 -0.07707 0.69923
vn 0.5796 -0.04935 0.81341
vn 0.57281 -0.05466 0.81786
vn 0.28154 -0.05514 0.95796
vn 0.26399 -0.07072 0.96193
vn 0.81299 -0.02518 -0.58173
vn -0.47842 -0.00237 -0.87813
vn -0.5199 -0.02786 -0.85378
vn -0.43846 -0.03904 -0.8979
vn 0.48163 0.00064 0.87638
vn 0.42305 -0.01936 0.9059
vn 0.43846 -0.03904 0.8979
vn -0.55631 -0.02101 0.83071
vn -0.53966 -0.01012 0.84182
vn -0.50893 -0.06866 0.85806
vn 0.59749 0.02312 -0.80155
vn 0.34779 -0.03789 -0.93681
vn 0.50893 -0.06866 -0.85806
vn 0.49379 0.03231 0.86898
vn 0.59942 -0.00647 0.80041
vn -0.77743 -0.00889 -0.6289
vn -0.79902 0.00857 -0.60124
vn -0.79902 -0.00857 0.60124
vn -0.78919 -0.0005 0.61415
vn 0.60522 0.00871 -0.79601
vn 0.49379 -0.03231 -0.86898
vn -0.49379 0.03231 -0.86898
vn -0.59942 -0.00647 -0.80041
vn 0.77743 -0.00889 0.6289
vn 0.79902 0.00857 0.60124
vn 0.79902 -0.00857 -0.60124
vn 0.78919 -0.0005 -0.61415
vn -0.60522 0.00871 0.79601
vn -0.49379 -0.03231 0.86898
f 1//1 2//1 3//1
f 3//1 2//1 4//1
f 2//1 5//1 4//1
f 4//1 5//1 6//1
f 4//1 6//1 7//1
f 8//1 9//1 10//1
f 11//1 12//1 13//1
f 12//1 8//1 13//1
f 13//1 8//1 10//1
f 12//1 11//1 14//1
f 12//1 14//1 15//1
f 6//1 16//1 7//1
f 7//1 16//1 17//1
f 9//1 17//1 18//1
f 9//1 18//1 10//1
f 19//1 20//1 21//1
f 20//1 19//1 22//1
f 1//1 3//1 23//1
f 16//1 24//1 17//1
f 17//1 24//1 18//1
f 14//1 21//1 15//1
f 15//1 21//1 20//1
f 25//1 22//1 26//1
f 27//1 23//1 3//1
f 19//1 28//1 22//1
f 22//1 28//1 26//1
f 26//1 29//1 25//1
f 25//1 29//1 27//1
f 27//1 29//1 23//1
f 11//2 30//2 21//2
f 21//3 30//3 31//3
f 21//4 31//4 19//4
f 19//5 31//5 32//5
f 19//6 32//6 28//6
f 28//7 32//7 33//7
f 28//8 33//8 26//8
f 26//9 33//9 34//9
f 26//10 34//10 29//10
f 29//11 34//11 23//11
f 23//12 34//12 35//12
f 23//13 35//13 36//13
f 23//14 36//14 1//14
f 1//15 36//15 5//15
f 5//16 36//16 37//16
f 5//17 37//17 38//17
f 5//18 38//18 6//18
f 6//19 38//19 39//19
f 6//20 39//20 16//20
f 16//21 39//21 40//21
f 16//22 40//22 24//22
f 24//23 40//23 41//23
f 24//24 41//24 18//24
f 18//25 41//25 42//25
f 18//26 42//26 10//26
f 10//27 42//27 13//27
f 13//28 42//28 43//28
f 13//29 43//29 11//29
f 11//30 43//30 30//30
f 44//31 45//31 46//31
f 44//32 46//32 47//32
f 44//33 47//33 48//33
f 48//34 47//34 49//34
f 49//35 47//35 50//35
f 51//36 52//36 53//36
f 53//37 52//37 45//37
f 53//38 45//38 44//38
f 54//39 55//39 51//39
f 51//40 55//40 56//40
f 51//41 56//41 52//41
f 57//42 58//42 59//42
f 59//43 58//43 60//43
f 59//44 60//44 61//44
f 59//45 61//45 62//45
f 62//46 61//46 54//46
f 54//47 61//47 55//47
f 63//48 64//48 57//48
f 57//49 64//49 65//49
f 57//50 65//50 58//50
f 49//51 50//51 66//51
f 49//52 66//52 63//52
f 63//53 66//53 64//53
f 59//54 67//54 68//54
f 59//55 68//55 69//55
f 59//56 69//56 57//56
f 57//57 69//57 70//57
f 57//58 70//58 63//58
f 63//59 70//59 71//59
f 63//60 71//60 49//60
f 49//61 71//61 72//61
f 49//62 72//62 73//62
f 49//63 73//63 44//63
f 44//64 73//64 74//64
f 44//65 74//65 53//65
f 53//66 74//66 75//66
f 53//67 75//67 51//67
f 51//68 75//68 76//68
f 51//69 76//69 54//69
f 54//70 76//70 67//70
f 54//71 67//71 59//71
f 76//1 68//1 77//1
f 76//1 77//1 67//1
f 76//1 69//1 68//1
f 76//1 70//1 69//1
f 76//1 71//1 70//1
f 72//1 71//1 76//1
f 76//1 73//1 78//1
f 76//1 78//1 72//1
f 76//1 74//1 73//1
f 75//1 74//1 76//1
f 30//72 61//72 60//72
f 30//73 60//73 31//73
f 31//74 60//74 58//74
f 31//75 58//75 32//75
f 32//76 58//76 65//76
f 32//77 65//77 33//77
f 33//78 65//78 64//78
f 33//79 64//79 34//79
f 34//80 64//80 66//80
f 34//81 66//81 35//81
f 35//82 66//82 50//82
f 35//83 50//83 36//83
f 36//84 50//84 79//84
f 36//85 79//85 80//85
f 80//86 79//86 47//86
f 80//87 47//87 37//87
f 37//88 47//88 46//88
f 37//89 46//89 38//89
f 38//90 46//90 45//90
f 38//91 45//91 39//91
f 39//92 45//92 52//92
f 39//93 52//93 40//93
f 40//94 52//94 41//94
f 41//95 52//95 56//95
f 41//96 56//96 42//96
f 42//97 56//97 55//97
f 42//98 55//98 43//98
f 43//99 55//99 61//99
f 43//100 61//100 30//100
f 81//101 82//101 27//101
f 27//102 82//102 25//102
f 20//103 22//103 83//103
f 83//104 22//104 84//104
f 12//105 15//105 85//105
f 85//106 15//106 86//106
f 9//107 8//107 87//107
f 87//108 8//108 88//108
f 7//109 17//109 89//109
f 89//110 17//110 90//110
f 3//111 4//111 91//111
f 91//112 4//112 92//112
f 89//113 90//113 85//113
f 90//113 87//113 85//113
f 85//113 87//113 88//113
f 85//113 86//113 92//113
f 85//113 92//113 89//113
f 86//113 83//113 92//113
f 92//113 83//113 84//113
f 92//113 84//113 82//113
f 81//113 91//113 82//113
f 82//113 91//113 92//113
f 3//114 91//114 81//114
f 3//115 81//115 27//115
f 7//116 89//116 92//116
f 7//117 92//117 4//117
f 9//118 87//118 90//118
f 9//119 90//119 17//119
f 12//120 85//120 88//120
f 12//121 88//121 8//121
f 20//122 83//122 86//122
f 20//123 86//123 15//123
f 25//124 82//124 84//124
f 25//125 84//125 22//125
f 93//126 94//126 95//126
f 93//127 95//127 96//127
f 96//128 95//128 97//128
f 93//129 98//129 94//129
f 99//130 100//130 101//130
f 96//131 97//131 101//131
f 101//132 97//132 99//132
f 102//133 103//133 104//133
f 94//134 98//134 103//134
f 103//135 98//135 104//135
f 100//136 105//136 106//136
f 100//137 107//137 101//137
f 106//138 107//138 100//138
f 108//139 109//139 110//139
f 110//140 109//140 111//140
f 112//141 113//141 114//141
f 114//142 113//142 115//142
f 95//143 94//143 116//143
f 116//144 94//144 117//144
f 116//145 117//145 118//145
f 118//146 117//146 119//146
f 118//147 119//147 120//147
f 118//148 120//148 121//148
f 121//149 120//149 122//149
f 121//150 122//150 123//150
f 123//151 122//151 124//151
f 123//152 124//152 125//152
f 125//153 124//153 126//153
f 125//154 126//154 127//154
f 127//155 126//155 128//155
f 128//156 126//156 129//156
f 130//157 131//157 128//157
f 130//158 128//158 129//158
f 132//159 133//159 131//159
f 131//160 130//160 132//160
f 134//161 133//161 135//161
f 133//162 132//162 135//162
f 136//163 134//163 135//163
f 137//164 138//164 139//164
f 137//165 139//165 136//165
f 138//166 137//166 140//166
f 138//167 140//167 141//167
f 142//168 143//168 144//168
f 144//169 143//169 145//169
f 144//170 145//170 146//170
f 146//171 145//171 147//171
f 146//172 147//172 148//172
f 146//173 148//173 149//173
f 149//174 148//174 150//174
f 149//175 150//175 151//175
f 151//176 150//176 152//176
f 151//177 152//177 153//177
f 153//178 152//178 154//178
f 153//179 154//179 155//179
f 153//180 155//180 156//180
f 156//181 155//181 157//181
f 157//182 155//182 158//182
f 157//183 158//183 159//183
f 157//184 159//184 160//184
f 160//185 159//185 161//185
f 160//186 161//186 162//186
f 162//187 161//187 163//187
f 162//188 163//188 164//188
f 164//189 163//189 141//189
f 164//190 141//190 140//190
f 165//191 166//191 167//191
f 167//192 166//192 168//192
f 168//193 166//193 135//193
f 135//194 166//194 136//194
f 136//195 166//195 137//195
f 169//196 170//196 167//196
f 167//197 170//197 165//197
f 170//198 169//198 171//198
f 171//199 169//199 172//199
f 171//200 172//200 173//200
f 173//201 172//201 174//201
f 173//202 174//202 175//202
f 173//203 175//203 176//203
f 175//204 177//204 176//204
f 176//205 177//205 178//205
f 178//206 177//206 179//206
f 178//207 179//207 180//207
f 180//208 179//208 181//208
f 181//209 179//209 182//209
f 181//210 182//210 183//210
f 183//211 182//211 184//211
f 183//212 184//212 185//212
f 185//213 184//213 186//213
f 113//214 112//214 187//214
f 187//215 112//215 188//215
f 187//216 188//216 189//216
f 189//217 188//217 190//217
f 189//218 190//218 191//218
f 189//219 191//219 186//219
f 186//220 191//220 185//220
f 192//113 193//113 194//113
f 195//113 196//113 192//113
f 195//113 192//113 197//113
f 198//113 199//113 192//113
f 199//113 200//113 192//113
f 192//113 200//113 201//113
f 192//113 201//113 197//113
f 202//113 203//113 204//113
f 204//221 203//221 205//221
f 204//222 205//222 206//222
f 202//113 207//113 203//113
f 203//113 207//113 208//113
f 203//113 208//113 209//113
f 209//113 210//113 203//113
f 203//113 210//113 211//113
f 203//113 211//113 192//113
f 192//113 211//113 212//113
f 192//113 212//113 198//113
f 213//223 214//223 215//223
f 216//224 217//224 218//224
f 213//225 217//225 216//225
f 192//113 219//113 220//113
f 192//113 220//113 221//113
f 192//113 221//113 203//113
f 203//113 221//113 222//113
f 222//113 215//113 203//113
f 203//226 215//226 214//226
f 215//227 223//227 213//227
f 213//228 223//228 217//228
f 218//229 224//229 225//229
f 225//230 224//230 226//230
f 216//231 218//231 225//231
f 216//232 225//232 227//232
f 228//233 229//233 225//233
f 225//234 229//234 230//234
f 231//235 232//235 233//235
f 233//236 232//236 234//236
f 225//237 230//237 235//237
f 235//113 230//113 236//113
f 235//113 236//113 237//113
f 238//113 239//113 240//113
f 240//113 239//113 235//113
f 240//113 235//113 241//113
f 241//113 235//113 242//113
f 242//113 235//113 237//113
f 238//113 243//113 239//113
f 239//113 243//113 244//113
f 239//238 244//238 245//238
f 245//239 244//239 246//239
f 245//240 246//240 233//240
f 233//241 246//241 247//241
f 233//242 247//242 231//242
f 233//243 248//243 249//243
f 250//244 251//244 252//244
f 252//245 251//245 248//245
f 253//246 254//246 255//246
f 255//247 254//247 256//247
f 256//248 257//248 255//248
f 255//249 257//249 258//249
f 255//250 258//250 259//250
f 260//251 261//251 259//251
f 262//252 263//252 264//252
f 265//253 266//253 267//253
f 268//254 269//254 267//254
f 268//255 267//255 266//255
f 268//113 270//113 269//113
f 269//113 270//113 262//113
f 269//256 262//256 264//256
f 193//257 271//257 264//257
f 193//258 264//258 263//258
f 272//259 273//259 205//259
f 205//260 273//260 274//260
f 205//261 274//261 206//261
f 272//262 275//262 276//262
f 272//263 276//263 273//263
f 277//264 278//264 271//264
f 271//265 278//265 279//265
f 271//266 279//266 280//266
f 281//267 282//267 283//267
f 283//268 282//268 284//268
f 283//269 284//269 272//269
f 272//270 284//270 285//270
f 272//271 285//271 275//271
f 280//272 286//272 271//272
f 271//273 286//273 287//273
f 271//274 287//274 283//274
f 283//275 287//275 288//275
f 283//276 288//276 281//276
f 289//113 290//113 193//113
f 193//113 290//113 291//113
f 226//277 219//277 225//277
f 225//278 219//278 192//278
f 192//113 196//113 193//113
f 193//113 196//113 292//113
f 193//113 292//113 289//113
f 293//279 294//279 260//279
f 260//280 294//280 295//280
f 260//281 295//281 296//281
f 296//113 295//113 297//113
f 296//113 297//113 298//113
f 299//282 300//282 260//282
f 260//283 300//283 301//283
f 260//284 301//284 293//284
f 259//285 258//285 302//285
f 259//286 302//286 303//286
f 303//287 304//287 259//287
f 259//288 304//288 305//288
f 259//289 305//289 306//289
f 306//290 307//290 259//290
f 259//291 307//291 308//291
f 259//292 308//292 260//292
f 260//293 308//293 309//293
f 260//294 309//294 299//294
f 310//113 311//113 296//113
f 312//295 313//295 252//295
f 255//296 252//296 253//296
f 253//297 252//297 314//297
f 314//298 252//298 313//298
f 310//113 296//113 315//113
f 316//299 317//299 252//299
f 252//300 317//300 318//300
f 252//301 318//301 312//301
f 311//113 319//113 296//113
f 296//113 319//113 320//113
f 296//302 320//302 252//302
f 252//303 320//303 321//303
f 252//304 321//304 316//304
f 298//113 322//113 296//113
f 296//113 322//113 323//113
f 296//113 323//113 324//113
f 296//113 324//113 315//113
f 325//113 326//113 192//113
f 192//113 326//113 327//113
f 192//305 327//305 225//305
f 225//306 327//306 328//306
f 225//307 328//307 228//307
f 329//113 330//113 296//113
f 296//113 330//113 331//113
f 331//113 332//113 296//113
f 296//113 332//113 333//113
f 296//113 333//113 334//113
f 335//113 336//113 192//113
f 192//113 336//113 337//113
f 192//113 337//113 338//113
f 338//113 339//113 192//113
f 192//113 339//113 340//113
f 192//113 340//113 325//113
f 234//308 341//308 233//308
f 233//309 341//309 342//309
f 233//310 342//310 343//310
f 296//113 344//113 265//113
f 296//113 345//113 346//113
f 296//113 346//113 344//113
f 193//311 291//311 271//311
f 271//312 291//312 347//312
f 271//313 347//313 277//313
f 334//113 335//113 296//113
f 296//113 335//113 192//113
f 267//314 260//314 265//314
f 265//315 260//315 296//315
f 329//316 296//316 233//316
f 329//317 233//317 348//317
f 348//318 233//318 343//318
f 192//113 194//113 296//113
f 296//113 194//113 349//113
f 296//113 349//113 345//113
f 350//319 351//319 252//319
f 296//113 352//113 353//113
f 354//320 355//320 248//320
f 356//113 352//113 296//113
f 296//321 353//321 233//321
f 233//322 353//322 357//322
f 252//323 351//323 358//323
f 252//324 358//324 356//324
f 252//325 356//325 296//325
f 248//326 355//326 350//326
f 357//327 354//327 233//327
f 233//328 354//328 248//328
f 248//329 350//329 252//329
f 359//330 360//330 361//330
f 361//331 360//331 362//331
f 361//332 362//332 19//332
f 361//333 19//333 363//333
f 363//334 19//334 364//334
f 363//335 364//335 365//335
f 365//336 364//336 29//336
f 365//337 29//337 366//337
f 366//338 29//338 367//338
f 366//339 367//339 368//339
f 368//340 367//340 369//340
f 368//341 369//341 370//341
f 370//342 369//342 371//342
f 370//343 371//343 372//343
f 372//344 371//344 16//344
f 372//345 16//345 373//345
f 373//346 16//346 374//346
f 373//347 374//347 375//347
f 375//348 374//348 10//348
f 375//349 10//349 376//349
f 375//350 376//350 377//350
f 377//351 376//351 378//351
f 377//352 378//352 359//352
f 359//353 378//353 360//353
f 379//354 380//354 381//354
f 381//355 380//355 382//355
f 382//356 380//356 383//356
f 382//357 383//357 384//357
f 384//358 383//358 385//358
f 384//359 385//359 386//359
f 386//360 385//360 387//360
f 386//361 387//361 388//361
f 388//362 387//362 389//362
f 388//363 389//363 390//363
f 390//364 389//364 391//364
f 390//365 391//365 392//365
f 392//366 391//366 393//366
f 392//367 393//367 394//367
f 394//368 393//368 395//368
f 394//369 395//369 396//369
f 396//370 395//370 397//370
f 396//371 397//371 398//371
f 398//372 397//372 399//372
f 398//373 399//373 400//373
f 400//374 399//374 401//374
f 400//375 401//375 379//375
f 379//376 401//376 402//376
f 379//377 402//377 380//377
f 114//378 115//378 403//378
f 403//379 115//379 404//379
f 403//380 404//380 405//380
f 405//381 404//381 406//381
f 405//382 406//382 407//382
f 407//383 406//383 408//383
f 407//384 408//384 409//384
f 409//385 408//385 410//385
f 410//386 408//386 411//386
f 410//387 411//387 412//387
f 412//388 411//388 413//388
f 412//389 413//389 414//389
f 412//390 414//390 415//390
f 415//391 414//391 416//391
f 415//392 416//392 417//392
f 417//393 416//393 418//393
f 417//394 418//394 419//394
f 419//395 418//395 420//395
f 419//396 420//396 421//396
f 421//397 420//397 422//397
f 421//398 422//398 102//398
f 102//399 422//399 103//399
f 423//400 424//400 425//400
f 425//401 424//401 426//401
f 425//402 426//402 427//402
f 427//403 426//403 428//403
f 427//404 428//404 429//404
f 427//405 429//405 430//405
f 430//406 429//406 431//406
f 430//407 431//407 432//407
f 432//408 431//408 433//408
f 432//409 433//409 434//409
f 434//410 433//410 435//410
f 434//411 435//411 436//411
f 436//412 435//412 437//412
f 436//413 437//413 438//413
f 438//414 437//414 439//414
f 438//415 439//415 440//415
f 438//416 440//416 441//416
f 441//417 440//417 442//417
f 441//418 442//418 443//418
f 443//419 442//419 444//419
f 443//420 444//420 445//420
f 445//421 444//421 106//421
f 445//422 106//422 105//422
f 424//423 423//423 142//423
f 142//424 423//424 143//424
f 446//425 447//425 448//425
f 447//426 446//426 449//426
f 447//427 449//427 450//427
f 451//1 452//1 453//1
f 450//428 449//428 454//428
f 455//1 456//1 457//1
f 458//429 459//429 460//429
f 457//430 461//430 462//430
f 448//431 463//431 446//431
f 446//432 463//432 464//432
f 464//433 463//433 465//433
f 458//434 466//434 459//434
f 459//435 466//435 467//435
f 467//436 466//436 464//436
f 467//437 464//437 465//437
f 450//438 454//438 455//438
f 450//439 455//439 457//439
f 462//440 461//440 468//440
f 462//441 468//441 469//441
f 470//1 471//1 472//1
f 473//442 474//442 475//442
f 471//1 470//1 476//1
f 453//1 452//1 457//1
f 453//1 457//1 456//1
f 474//443 477//443 475//443
f 475//444 477//444 478//444
f 478//445 477//445 469//445
f 479//446 460//446 480//446
f 480//447 460//447 481//447
f 480//448 481//448 482//448
f 482//449 481//449 483//449
f 482//450 483//450 484//450
f 482//451 484//451 473//451
f 473//452 484//452 474//452
f 460//453 479//453 485//453
f 476//1 486//1 487//1
f 486//1 488//1 489//1
f 489//1 488//1 451//1
f 468//454 470//454 469//454
f 469//455 470//455 472//455
f 469//456 472//456 478//456
f 490//457 458//457 460//457
f 490//458 460//458 485//458
f 470//1 491//1 476//1
f 462//459 450//459 457//459
f 490//1 489//1 451//1
f 486//1 489//1 487//1
f 451//1 453//1 490//1
f 490//1 453//1 458//1
f 476//1 491//1 492//1
f 476//1 492//1 486//1
f 493//460 193//460 494//460
f 494//461 193//461 263//461
f 494//462 263//462 262//462
f 494//463 262//463 495//463
f 495//464 262//464 268//464
f 495//465 268//465 496//465
f 496//466 268//466 266//466
f 496//467 266//467 497//467
f 497//468 266//468 498//468
f 498//469 266//469 265//469
f 498//470 265//470 344//470
f 498//471 344//471 499//471
f 499//472 344//472 500//472
f 500//473 344//473 346//473
f 500//474 346//474 501//474
f 501//475 346//475 349//475
f 501//476 349//476 502//476
f 502//477 349//477 194//477
f 502//478 194//478 493//478
f 493//479 194//479 193//479
f 503//480 353//480 504//480
f 504//481 353//481 352//481
f 504//482 352//482 505//482
f 505//483 352//483 356//483
f 505//484 356//484 506//484
f 506//485 356//485 358//485
f 506//486 358//486 507//486
f 507//487 358//487 351//487
f 507//488 351//488 508//488
f 508//489 351//489 350//489
f 508//490 350//490 509//490
f 509//491 350//491 510//491
f 510//492 350//492 355//492
f 510//493 355//493 511//493
f 511//494 355//494 354//494
f 511//495 354//495 512//495
f 512//496 354//496 357//496
f 512//497 357//497 503//497
f 503//498 357//498 353//498
f 513//499 215//499 514//499
f 514//500 215//500 515//500
f 515//501 215//501 222//501
f 515//502 222//502 516//502
f 516//503 222//503 221//503
f 516//504 221//504 517//504
f 517//505 221//505 220//505
f 517//506 220//506 518//506
f 518//507 220//507 219//507
f 518//508 219//508 519//508
f 519//509 219//509 226//509
f 519//510 226//510 520//510
f 520//511 226//511 224//511
f 520//512 224//512 521//512
f 521//513 224//513 218//513
f 521//514 218//514 522//514
f 522//515 218//515 217//515
f 522//516 217//516 513//516
f 513//517 217//517 223//517
f 513//518 223//518 215//518
f 389//519 523//519 524//519
f 389//520 524//520 391//520
f 525//521 387//521 526//521
f 527//113 528//113 529//113
f 527//113 529//113 530//113
f 528//113 527//113 531//113
f 391//522 524//522 532//522
f 391//523 532//523 393//523
f 387//524 525//524 523//524
f 387//525 523//525 389//525
f 531//113 527//113 533//113
f 534//113 531//113 533//113
f 399//113 535//113 536//113
f 387//526 385//526 526//526
f 526//527 385//527 383//527
f 526//528 383//528 537//528
f 537//529 383//529 380//529
f 538//530 539//530 540//530
f 539//531 538//531 541//531
f 539//532 541//532 542//532
f 532//533 543//533 393//533
f 393//534 543//534 395//534
f 395//535 543//535 544//535
f 380//536 545//536 537//536
f 537//537 545//537 546//537
f 546//538 545//538 547//538
f 547//539 548//539 546//539
f 546//540 548//540 549//540
f 549//541 548//541 550//541
f 549//542 550//542 551//542
f 551//543 550//543 552//543
f 551//544 552//544 553//544
f 553//545 552//545 554//545
f 554//546 555//546 553//546
f 529//113 556//113 530//113
f 530//113 556//113 557//113
f 558//113 536//113 559//113
f 558//113 559//113 560//113
f 535//113 399//113 541//113
f 541//547 399//547 542//547
f 542//548 399//548 397//548
f 542//549 397//549 395//549
f 542//550 395//550 544//550
f 561//551 557//551 540//551
f 536//113 558//113 402//113
f 531//113 534//113 562//113
f 554//552 530//552 555//552
f 555//553 530//553 557//553
f 555//554 557//554 561//554
f 540//555 539//555 561//555
f 402//113 401//113 536//113
f 536//113 401//113 399//113
f 558//113 560//113 531//113
f 545//113 380//113 558//113
f 545//113 558//113 531//113
f 545//113 531//113 562//113
f 372//556 373//556 563//556
f 564//557 565//557 563//557
f 566//558 567//558 363//558
f 366//559 568//559 569//559
f 370//560 570//560 368//560
f 368//561 570//561 571//561
f 368//562 571//562 366//562
f 366//563 571//563 568//563
f 372//564 563//564 572//564
f 372//565 572//565 573//565
f 372//566 573//566 370//566
f 370//567 573//567 570//567
f 563//568 565//568 574//568
f 563//569 574//569 575//569
f 576//1 577//1 578//1
f 579//570 580//570 581//570
f 580//571 582//571 581//571
f 581//572 582//572 583//572
f 581//573 583//573 584//573
f 585//574 586//574 587//574
f 587//575 586//575 588//575
f 587//576 588//576 589//576
f 587//577 589//577 590//577
f 590//578 589//578 591//578
f 590//579 591//579 579//579
f 579//580 591//580 580//580
f 586//581 585//581 592//581
f 593//582 594//582 595//582
f 577//1 576//1 596//1
f 359//583 361//583 593//583
f 373//584 564//584 563//584
f 574//585 576//585 575//585
f 575//586 576//586 578//586
f 575//587 578//587 584//587
f 575//588 584//588 583//588
f 363//589 567//589 361//589
f 361//590 567//590 593//590
f 576//1 597//1 596//1
f 598//1 599//1 596//1
f 564//1 373//1 375//1
f 363//591 365//591 566//591
f 566//592 365//592 366//592
f 566//593 366//593 569//593
f 586//594 592//594 593//594
f 593//595 592//595 594//595
f 599//1 598//1 595//1
f 595//1 598//1 600//1
f 596//1 597//1 601//1
f 596//1 601//1 598//1
f 593//596 595//596 600//596
f 600//597 602//597 593//597
f 603//598 359//598 593//598
f 603//599 593//599 602//599
f 564//1 375//1 377//1
f 564//1 377//1 359//1
f 564//1 359//1 603//1
f 95//600 604//600 97//600
f 97//601 604//601 605//601
f 97//602 605//602 606//602
f 95//603 607//603 604//603
f 608//604 609//604 131//604
f 131//605 609//605 610//605
f 131//606 610//606 127//606
f 127//607 610//607 611//607
f 127//608 611//608 125//608
f 125//609 611//609 123//609
f 123//610 611//610 121//610
f 121//611 611//611 118//611
f 118//612 611//612 116//612
f 116//613 611//613 607//613
f 116//614 607//614 95//614
f 612//615 613//615 614//615
f 614//616 613//616 615//616
f 616//617 617//617 618//617
f 616//618 618//618 619//618
f 620//619 621//619 622//619
f 617//620 623//620 624//620
f 615//621 613//621 625//621
f 626//622 627//622 614//622
f 614//623 627//623 628//623
f 614//624 628//624 612//624
f 629//625 630//625 631//625
f 629//626 631//626 632//626
f 632//627 631//627 633//627
f 623//628 617//628 616//628
f 634//629 635//629 636//629
f 634//630 636//630 637//630
f 637//631 636//631 615//631
f 624//632 623//632 638//632
f 619//633 618//633 639//633
f 615//634 625//634 640//634
f 641//635 642//635 643//635
f 641//636 643//636 644//636
f 644//637 643//637 645//637
f 644//638 645//638 646//638
f 646//639 645//639 647//639
f 647//640 645//640 648//640
f 647//641 648//641 649//641
f 637//642 615//642 640//642
f 648//643 650//643 649//643
f 649//644 650//644 651//644
f 651//645 650//645 652//645
f 651//646 652//646 640//646
f 640//647 652//647 637//647
f 622//648 621//648 653//648
f 653//649 621//649 654//649
f 653//650 654//650 629//650
f 629//651 654//651 655//651
f 629//652 655//652 626//652
f 635//653 634//653 638//653
f 638//654 634//654 624//654
f 614//655 656//655 626//655
f 626//656 656//656 630//656
f 626//657 630//657 629//657
f 622//658 657//658 620//658
f 620//659 657//659 658//659
f 620//660 658//660 659//660
f 659//661 658//661 660//661
f 660//662 658//662 661//662
f 660//663 661//663 641//663
f 641//664 661//664 662//664
f 641//665 662//665 642//665
f 619//666 639//666 632//666
f 619//667 632//667 633//667
f 663//668 664//668 665//668
f 665//669 664//669 666//669
f 665//670 666//670 667//670
f 667//671 666//671 668//671
f 667//672 668//672 669//672
f 667//673 669//673 670//673
f 670//674 669//674 671//674
f 670//675 671//675 672//675
f 672//676 671//676 673//676
f 672//677 673//677 674//677
f 674//678 673//678 675//678
f 674//679 675//679 676//679
f 676//680 675//680 677//680
f 676//681 677//681 678//681
f 678//682 677//682 679//682
f 678//683 679//683 663//683
f 663//684 679//684 664//684
f 676//113 678//113 663//113
f 672//113 674//113 676//113
f 676//113 670//113 672//113
f 676//113 667//113 670//113
f 676//113 665//113 667//113
f 663//113 665//113 676//113
f 680//685 681//685 682//685
f 680//686 682//686 683//686
f 683//687 682//687 684//687
f 684//688 682//688 685//688
f 684//689 685//689 686//689
f 684//690 686//690 687//690
f 687//691 686//691 688//691
f 687//692 688//692 689//692
f 689//693 688//693 690//693
f 690//694 688//694 691//694
f 690//695 691//695 692//695
f 690//696 692//696 693//696
f 693//697 692//697 694//697
f 693//698 694//698 695//698
f 695//699 694//699 696//699
f 695//700 696//700 697//700
f 697//701 696//701 698//701
f 697//702 698//702 681//702
f 697//703 681//703 680//703
f 697//113 680//113 684//113
f 684//113 695//113 697//113
f 684//113 693//113 695//113
f 684//113 690//113 693//113
f 684//113 689//113 690//113
f 684//113 687//113 689//113
f 684//113 680//113 683//113
f 699//704 700//704 701//704
f 701//705 700//705 702//705
f 702//706 700//706 703//706
f 702//707 703//707 704//707
f 704//708 703//708 705//708
f 704//709 705//709 706//709
f 706//710 705//710 707//710
f 706//711 707//711 708//711
f 708//712 707//712 709//712
f 708//713 709//713 710//713
f 710//714 709//714 711//714
f 710//715 711//715 712//715
f 712//716 711//716 713//716
f 713//717 711//717 714//717
f 713//718 714//718 715//718
f 715//719 714//719 716//719
f 715//720 716//720 717//720
f 717//721 716//721 718//721
f 717//722 718//722 699//722
f 699//723 718//723 700//723
f 702//113 699//113 701//113
f 702//113 717//113 699//113
f 702//113 715//113 717//113
f 702//113 713//113 715//113
f 712//113 713//113 702//113
f 702//113 710//113 712//113
f 708//113 710//113 702//113
f 706//113 708//113 702//113
f 704//113 706//113 702//113
f 493//724 719//724 502//724
f 502//725 719//725 720//725
f 502//726 720//726 501//726
f 501//727 720//727 721//727
f 501//728 721//728 722//728
f 501//729 722//729 500//729
f 500//730 722//730 723//730
f 500//731 723//731 499//731
f 499//732 723//732 724//732
f 499//733 724//733 498//733
f 498//734 724//734 725//734
f 498//735 725//735 497//735
f 497//736 725//736 726//736
f 497//1 726//1 496//1
f 496//737 726//737 727//737
f 496//738 727//738 495//738
f 495//739 727//739 728//739
f 495//740 728//740 494//740
f 494//741 728//741 729//741
f 494//742 729//742 730//742
f 494//1 730//1 493//1
f 493//743 730//743 719//743
f 719//744 730//744 609//744
f 609//745 730//745 610//745
f 610//746 730//746 729//746
f 610//747 729//747 611//747
f 728//748 611//748 729//748
f 727//749 731//749 607//749
f 727//750 607//750 611//750
f 727//751 611//751 728//751
f 731//752 727//752 604//752
f 604//753 727//753 726//753
f 604//754 726//754 605//754
f 605//755 726//755 725//755
f 605//756 725//756 606//756
f 606//757 725//757 724//757
f 606//758 724//758 732//758
f 732//759 724//759 723//759
f 732//760 723//760 733//760
f 722//761 734//761 723//761
f 723//762 734//762 733//762
f 721//763 735//763 722//763
f 722//764 735//764 734//764
f 721//765 736//765 735//765
f 737//766 736//766 721//766
f 737//767 721//767 720//767
f 720//768 719//768 609//768
f 720//769 609//769 737//769
f 587//770 738//770 739//770
f 587//771 739//771 585//771
f 585//772 739//772 740//772
f 585//773 740//773 592//773
f 592//774 740//774 741//774
f 592//775 741//775 594//775
f 594//776 741//776 595//776
f 595//777 741//777 742//777
f 595//778 742//778 743//778
f 595//779 743//779 599//779
f 599//780 743//780 596//780
f 596//781 743//781 744//781
f 596//782 744//782 577//782
f 577//783 744//783 745//783
f 577//784 745//784 578//784
f 578//785 745//785 746//785
f 578//786 746//786 584//786
f 584//787 746//787 581//787
f 581//788 746//788 747//788
f 581//789 747//789 579//789
f 579//790 747//790 748//790
f 579//791 748//791 590//791
f 590//792 748//792 738//792
f 590//793 738//793 587//793
f 516//1 741//1 515//1
f 515//1 741//1 740//1
f 515//1 740//1 514//1
f 514//1 740//1 739//1
f 514//1 739//1 513//1
f 513//1 739//1 738//1
f 513//1 738//1 522//1
f 522//1 738//1 748//1
f 522//1 748//1 521//1
f 521//1 748//1 747//1
f 521//1 747//1 746//1
f 521//1 746//1 520//1
f 520//1 746//1 745//1
f 520//1 745//1 519//1
f 519//1 745//1 518//1
f 518//1 745//1 744//1
f 518//1 744//1 517//1
f 517//1 744//1 743//1
f 517//1 743//1 742//1
f 517//1 742//1 516//1
f 516//1 742//1 741//1
f 601//794 749//794 598//794
f 598//795 749//795 750//795
f 598//796 750//796 600//796
f 600//797 750//797 751//797
f 600//798 751//798 602//798
f 602//799 751//799 752//799
f 602//800 752//800 603//800
f 603//801 752//801 753//801
f 603//802 753//802 754//802
f 603//803 754//803 564//803
f 564//804 754//804 755//804
f 564//805 755//805 565//805
f 565//806 755//806 756//806
f 565//807 756//807 574//807
f 574//808 756//808 757//808
f 574//809 757//809 576//809
f 576//810 757//810 758//810
f 576//811 758//811 759//811
f 576//812 759//812 597//812
f 597//813 759//813 760//813
f 597//814 760//814 601//814
f 601//815 760//815 749//815
f 511//1 757//1 756//1
f 511//1 756//1 510//1
f 510//1 756//1 755//1
f 510//1 755//1 509//1
f 509//1 755//1 508//1
f 508//1 755//1 754//1
f 508//1 754//1 753//1
f 508//1 753//1 507//1
f 507//1 753//1 752//1
f 507//1 752//1 506//1
f 506//1 752//1 751//1
f 506//1 751//1 505//1
f 505//1 751//1 750//1
f 505//1 750//1 504//1
f 504//1 750//1 749//1
f 504//1 749//1 503//1
f 503//1 749//1 760//1
f 503//1 760//1 759//1
f 503//1 759//1 512//1
f 512//1 759//1 758//1
f 512//1 758//1 511//1
f 511//1 758//1 757//1
f 480//816 550//816 548//816
f 480//817 548//817 479//817
f 479//818 548//818 547//818
f 479//819 547//819 485//819
f 485//820 547//820 545//820
f 485//821 545//821 490//821
f 490//822 545//822 489//822
f 489//823 545//823 562//823
f 489//824 562//824 534//824
f 489//825 534//825 487//825
f 487//826 534//826 476//826
f 476//827 534//827 533//827
f 476//828 533//828 471//828
f 471//829 533//829 527//829
f 471//830 527//830 472//830
f 472//831 527//831 530//831
f 472//832 530//832 478//832
f 478//833 530//833 475//833
f 475//834 530//834 554//834
f 475//835 554//835 473//835
f 473//836 554//836 482//836
f 482//837 554//837 552//837
f 482//838 552//838 550//838
f 482//839 550//839 480//839
f 492//840 529//840 486//840
f 486//841 529//841 528//841
f 486//842 528//842 488//842
f 488//843 528//843 531//843
f 488//844 531//844 451//844
f 451//845 531//845 560//845
f 451//846 560//846 452//846
f 452//847 560//847 559//847
f 452//848 559//848 536//848
f 452//849 536//849 457//849
f 457//850 536//850 535//850
f 457//851 535//851 461//851
f 461//852 535//852 541//852
f 461//853 541//853 468//853
f 468//854 541//854 538//854
f 468//855 538//855 470//855
f 470//856 538//856 540//856
f 470//857 540//857 557//857
f 470//858 557//858 491//858
f 491//859 557//859 556//859
f 491//860 556//860 492//860
f 492//861 556//861 529//861
f 609//862 608//862 761//862
f 609//863 761//863 737//863
f 762//864 737//864 763//864
f 763//865 737//865 761//865
f 762//866 736//866 737//866
f 764//867 736//867 762//867
f 734//868 765//868 764//868
f 764//869 765//869 735//869
f 736//870 764//870 735//870
f 766//871 732//871 733//871
f 766//872 733//872 734//872
f 766//873 734//873 459//873
f 97//874 606//874 767//874
f 767//875 606//875 732//875
f 767//876 732//876 99//876
f 99//877 732//877 766//877
f 459//878 734//878 764//878
f 459//879 764//879 460//879
f 768//113 382//113 769//113
f 769//113 382//113 384//113
f 769//113 384//113 386//113
f 769//113 386//113 770//113
f 770//113 386//113 388//113
f 770//880 388//880 771//880
f 771//881 388//881 390//881
f 771//113 390//113 772//113
f 772//113 390//113 773//113
f 772//113 773//113 774//113
f 774//113 773//113 392//113
f 774//882 392//882 775//882
f 775//883 392//883 394//883
f 775//113 394//113 776//113
f 776//113 394//113 396//113
f 776//113 396//113 777//113
f 777//113 396//113 398//113
f 777//113 398//113 400//113
f 777//884 400//884 778//884
f 778//885 400//885 379//885
f 778//113 379//113 779//113
f 779//113 379//113 780//113
f 779//113 780//113 781//113
f 781//113 780//113 381//113
f 781//886 381//886 768//886
f 768//887 381//887 382//887
f 453//888 781//888 458//888
f 458//889 781//889 768//889
f 458//890 768//890 466//890
f 466//891 768//891 769//891
f 466//892 769//892 464//892
f 464//893 769//893 770//893
f 464//894 770//894 446//894
f 446//895 770//895 771//895
f 446//896 771//896 774//896
f 446//897 774//897 449//897
f 449//898 774//898 775//898
f 449//899 775//899 454//899
f 454//900 775//900 776//900
f 454//901 776//901 455//901
f 455//902 776//902 777//902
f 455//903 777//903 456//903
f 456//904 777//904 778//904
f 456//905 778//905 453//905
f 453//906 778//906 781//906
f 127//907 128//907 131//907
f 133//908 134//908 608//908
f 133//909 608//909 131//909
f 138//910 460//910 764//910
f 763//911 761//911 136//911
f 136//912 761//912 134//912
f 134//913 761//913 608//913
f 138//914 764//914 139//914
f 139//915 764//915 762//915
f 136//916 762//916 763//916
f 136//917 139//917 762//917
f 481//918 163//918 161//918
f 145//919 143//919 782//919
f 138//920 141//920 460//920
f 460//921 141//921 783//921
f 783//922 141//922 163//922
f 783//923 163//923 481//923
f 481//924 161//924 159//924
f 159//925 158//925 483//925
f 483//926 158//926 155//926
f 483//927 155//927 484//927
f 484//928 155//928 154//928
f 154//929 152//929 474//929
f 152//930 150//930 477//930
f 477//931 150//931 148//931
f 477//932 148//932 784//932
f 784//933 148//933 147//933
f 784//934 147//934 145//934
f 784//935 145//935 469//935
f 469//936 145//936 782//936
f 481//937 159//937 483//937
f 484//938 154//938 474//938
f 474//939 152//939 477//939
f 460//940 783//940 481//940
f 477//941 784//941 469//941
f 785//942 99//942 766//942
f 99//943 785//943 100//943
f 97//944 767//944 99//944
f 785//945 766//945 459//945
f 785//946 459//946 100//946
f 462//947 469//947 782//947
f 462//948 782//948 423//948
f 423//949 782//949 143//949
f 459//950 467//950 105//950
f 459//951 105//951 100//951
f 432//952 434//952 786//952
f 786//953 434//953 436//953
f 467//954 445//954 105//954
f 462//955 423//955 425//955
f 425//956 427//956 450//956
f 450//957 427//957 430//957
f 430//958 432//958 447//958
f 447//959 432//959 786//959
f 786//960 436//960 448//960
f 448//961 436//961 438//961
f 448//962 438//962 463//962
f 463//963 438//963 441//963
f 463//964 441//964 465//964
f 465//965 441//965 443//965
f 443//966 445//966 467//966
f 462//967 425//967 450//967
f 450//968 430//968 447//968
f 465//969 443//969 467//969
f 447//970 786//970 448//970
f 700//971 273//971 276//971
f 700//972 276//972 275//972
f 700//973 275//973 285//973
f 700//974 285//974 703//974
f 703//975 285//975 284//975
f 703//976 284//976 282//976
f 703//977 282//977 281//977
f 703//978 281//978 288//978
f 703//979 288//979 705//979
f 705//980 288//980 287//980
f 705//981 287//981 286//981
f 705//982 286//982 280//982
f 705//983 280//983 707//983
f 707//984 280//984 279//984
f 707//985 279//985 278//985
f 707//986 278//986 277//986
f 707//987 277//987 347//987
f 707//988 347//988 709//988
f 709//989 347//989 291//989
f 709//990 291//990 290//990
f 709//991 290//991 289//991
f 709//992 289//992 292//992
f 709//993 292//993 711//993
f 711//994 292//994 196//994
f 711//995 196//995 195//995
f 711//996 195//996 197//996
f 711//997 197//997 201//997
f 711//998 201//998 714//998
f 714//999 201//999 200//999
f 714//1000 200//1000 199//1000
f 714//1001 199//1001 198//1001
f 714//1002 198//1002 212//1002
f 714//1003 212//1003 211//1003
f 714//1004 211//1004 716//1004
f 716//1005 211//1005 210//1005
f 716//1006 210//1006 209//1006
f 716//1007 209//1007 208//1007
f 716//1008 208//1008 207//1008
f 716//1009 207//1009 718//1009
f 718//1010 207//1010 202//1010
f 718//1011 202//1011 204//1011
f 718//1012 204//1012 206//1012
f 718//1013 206//1013 700//1013
f 700//1014 206//1014 274//1014
f 700//1015 274//1015 273//1015
f 681//1016 297//1016 682//1016
f 682//1017 297//1017 295//1017
f 682//1018 295//1018 294//1018
f 682//1019 294//1019 293//1019
f 682//1020 293//1020 301//1020
f 682//1021 301//1021 685//1021
f 685//1022 301//1022 300//1022
f 685//1023 300//1023 299//1023
f 685//1024 299//1024 309//1024
f 685//1025 309//1025 686//1025
f 686//1026 309//1026 308//1026
f 686//1027 308//1027 307//1027
f 686//1028 307//1028 306//1028
f 686//1029 306//1029 305//1029
f 686//1030 305//1030 304//1030
f 686//1031 304//1031 688//1031
f 688//1032 304//1032 303//1032
f 688//1033 303//1033 302//1033
f 688//1034 302//1034 258//1034
f 688//1035 258//1035 257//1035
f 688//1036 257//1036 691//1036
f 691//1037 257//1037 256//1037
f 691//1038 256//1038 254//1038
f 691//1039 254//1039 253//1039
f 691//1040 253//1040 692//1040
f 692//1041 253//1041 314//1041
f 692//1042 314//1042 313//1042
f 692//1043 313//1043 312//1043
f 692//1044 312//1044 694//1044
f 694//1045 312//1045 318//1045
f 694//1046 318//1046 317//1046
f 694//1047 317//1047 316//1047
f 694//1048 316//1048 696//1048
f 696//1049 316//1049 321//1049
f 696//1050 321//1050 320//1050
f 696//1051 320//1051 319//1051
f 696//1052 319//1052 311//1052
f 696//1053 311//1053 698//1053
f 698//1054 311//1054 310//1054
f 698//1055 310//1055 315//1055
f 698//1056 315//1056 324//1056
f 698//1057 324//1057 681//1057
f 681//1058 324//1058 323//1058
f 681//1059 323//1059 322//1059
f 681//1060 322//1060 298//1060
f 681//1061 298//1061 297//1061
f 664//1062 328//1062 327//1062
f 664//1063 327//1063 666//1063
f 666//1064 327//1064 326//1064
f 666//1065 326//1065 325//1065
f 666//1066 325//1066 340//1066
f 666//1067 340//1067 339//1067
f 666//1068 339//1068 668//1068
f 668//1069 339//1069 338//1069
f 668//1070 338//1070 337//1070
f 668//1071 337//1071 787//1071
f 787//1072 337//1072 788//1072
f 787//1073 788//1073 669//1073
f 669//1074 788//1074 335//1074
f 669//1075 335//1075 334//1075
f 669//1076 334//1076 333//1076
f 669//1077 333//1077 332//1077
f 669//1078 332//1078 671//1078
f 671//1079 332//1079 331//1079
f 671//1080 331//1080 330//1080
f 671//1081 330//1081 329//1081
f 671//1082 329//1082 348//1082
f 671//1083 348//1083 343//1083
f 671//1084 343//1084 673//1084
f 673//1085 343//1085 342//1085
f 673//1086 342//1086 341//1086
f 673//1087 341//1087 234//1087
f 673//1088 234//1088 232//1088
f 673//1089 232//1089 675//1089
f 675//1090 232//1090 231//1090
f 675//1091 231//1091 247//1091
f 675//1092 247//1092 246//1092
f 675//1093 246//1093 244//1093
f 675//1094 244//1094 789//1094
f 789//1095 244//1095 790//1095
f 789//1096 790//1096 677//1096
f 677//1097 790//1097 238//1097
f 677//1098 238//1098 240//1098
f 677//1099 240//1099 241//1099
f 677//1100 241//1100 679//1100
f 679//1101 241//1101 242//1101
f 679//1102 242//1102 237//1102
f 679//1103 237//1103 236//1103
f 679//1104 236//1104 230//1104
f 679//1105 230//1105 664//1105
f 664//1106 230//1106 229//1106
f 664//1107 229//1107 228//1107
f 664//1108 228//1108 328//1108
f 10//113 791//113 376//113
f 376//113 791//113 792//113
f 793//113 794//113 360//113
f 360//113 794//113 795//113
f 360//113 795//113 362//113
f 796//113 374//113 16//113
f 796//113 16//113 797//113
f 798//113 371//113 799//113
f 798//113 799//113 800//113
f 367//113 801//113 800//113
f 801//113 367//113 29//113
f 801//113 29//113 802//113
f 799//113 369//113 800//113
f 800//113 369//113 367//113
f 793//113 378//113 794//113
f 794//113 378//113 376//113
f 794//113 376//113 792//113
f 791//113 10//113 374//113
f 791//113 374//113 796//113
f 802//113 29//113 364//113
f 802//113 364//113 803//113
f 19//113 804//113 364//113
f 364//113 804//113 803//113
f 797//113 16//113 371//113
f 797//113 371//113 798//113
f 804//113 19//113 362//113
f 804//113 362//113 795//113
f 615//1109 636//1109 804//1109
f 804//1110 636//1110 803//1110
f 795//1111 794//1111 614//1111
f 614//1112 794//1112 656//1112
f 792//1113 791//1113 630//1113
f 630//1114 791//1114 631//1114
f 796//1115 797//1115 633//1115
f 633//1116 797//1116 619//1116
f 798//1117 800//1117 616//1117
f 616//1118 800//1118 623//1118
f 801//1119 802//1119 638//1119
f 638//1120 802//1120 635//1120
f 615//1121 804//1121 795//1121
f 615//1122 795//1122 614//1122
f 656//1123 794//1123 630//1123
f 630//1124 794//1124 792//1124
f 631//1125 791//1125 633//1125
f 633//1126 791//1126 796//1126
f 619//1127 797//1127 616//1127
f 616//1128 797//1128 798//1128
f 623//1129 800//1129 638//1129
f 638//1130 800//1130 801//1130
f 635//1131 802//1131 636//1131
f 636//1132 802//1132 803//1132
f 214//1133 805//1133 806//1133
f 805//1134 214//1134 807//1134
f 807//1135 214//1135 213//1135
f 807//1136 213//1136 808//1136
f 216//1137 809//1137 213//1137
f 213//1138 809//1138 808//1138
f 809//1139 216//1139 810//1139
f 810//1140 216//1140 227//1140
f 810//1141 227//1141 811//1141
f 225//1142 812//1142 227//1142
f 227//1143 812//1143 811//1143
f 225//1144 813//1144 812//1144
f 813//1145 225//1145 814//1145
f 814//1146 225//1146 235//1146
f 814//1147 235//1147 245//1147
f 814//1148 245//1148 815//1148
f 233//1149 816//1149 817//1149
f 233//1150 817//1150 245//1150
f 245//1151 817//1151 815//1151
f 816//1152 233//1152 818//1152
f 818//1153 233//1153 249//1153
f 818//1154 249//1154 819//1154
f 248//1155 820//1155 249//1155
f 249//1156 820//1156 819//1156
f 820//1157 248//1157 821//1157
f 821//1158 248//1158 822//1158
f 822//1159 248//1159 251//1159
f 250//1160 823//1160 251//1160
f 251//1161 823//1161 822//1161
f 250//1162 824//1162 823//1162
f 824//1163 250//1163 825//1163
f 825//1164 250//1164 252//1164
f 825//1165 252//1165 826//1165
f 826//1166 252//1166 255//1166
f 255//1167 827//1167 826//1167
f 259//1168 828//1168 827//1168
f 259//1169 827//1169 255//1169
f 828//1170 259//1170 829//1170
f 829//1171 259//1171 261//1171
f 829//1172 261//1172 830//1172
f 261//1173 831//1173 830//1173
f 260//1174 832//1174 831//1174
f 260//1175 831//1175 261//1175
f 832//1176 260//1176 833//1176
f 833//1177 260//1177 267//1177
f 833//1178 267//1178 834//1178
f 834//1179 267//1179 835//1179
f 835//1180 267//1180 264//1180
f 835//1181 264//1181 836//1181
f 271//1182 837//1182 838//1182
f 271//1183 838//1183 264//1183
f 264//1184 838//1184 836//1184
f 837//1185 271//1185 839//1185
f 839//1186 271//1186 283//1186
f 839//1187 283//1187 840//1187
f 272//1188 841//1188 842//1188
f 272//1189 842//1189 283//1189
f 283//1190 842//1190 840//1190
f 841//1191 272//1191 843//1191
f 843//1192 272//1192 205//1192
f 843//1193 205//1193 844//1193
f 805//1194 845//1194 806//1194
f 806//1195 845//1195 205//1195
f 205//1196 845//1196 844//1196
f 844//1197 846//1197 843//1197
f 840//1198 847//1198 839//1198
f 837//1199 848//1199 838//1199
f 834//1200 849//1200 833//1200
f 831//1201 832//1201 850//1201
f 831//1202 850//1202 830//1202
f 827//1203 851//1203 826//1203
f 825//1204 826//1204 852//1204
f 822//1205 853//1205 821//1205
f 815//1206 854//1206 814//1206
f 814//1207 854//1207 813//1207
f 810//1208 855//1208 809//1208
f 807//1209 856//1209 805//1209
f 845//1210 846//1210 844//1210
f 843//1211 846//1211 857//1211
f 843//1212 857//1212 841//1212
f 841//1213 857//1213 858//1213
f 841//1214 858//1214 842//1214
f 842//1215 858//1215 859//1215
f 842//1216 859//1216 840//1216
f 840//1217 859//1217 847//1217
f 837//1218 839//1218 848//1218
f 838//1219 848//1219 860//1219
f 838//1220 860//1220 836//1220
f 835//1221 836//1221 861//1221
f 835//1222 861//1222 834//1222
f 834//1223 861//1223 849//1223
f 833//1224 849//1224 862//1224
f 833//1225 862//1225 832//1225
f 832//1226 862//1226 863//1226
f 832//1227 863//1227 850//1227
f 829//1228 830//1228 828//1228
f 827//1229 828//1229 851//1229
f 826//1230 851//1230 864//1230
f 826//1231 864//1231 852//1231
f 825//1232 852//1232 865//1232
f 825//1233 865//1233 824//1233
f 824//1234 865//1234 823//1234
f 823//1235 865//1235 866//1235
f 823//1236 866//1236 822//1236
f 822//1237 866//1237 867//1237
f 822//1238 867//1238 853//1238
f 820//1239 821//1239 868//1239
f 820//1240 868//1240 819//1240
f 819//1241 868//1241 818//1241
f 816//1242 818//1242 869//1242
f 816//1243 869//1243 817//1243
f 817//1244 869//1244 870//1244
f 817//1245 870//1245 815//1245
f 815//1246 870//1246 854//1246
f 812//1247 813//1247 871//1247
f 812//1248 871//1248 811//1248
f 810//1249 811//1249 855//1249
f 809//1250 855//1250 872//1250
f 809//1251 872//1251 808//1251
f 808//1252 873//1252 807//1252
f 807//1253 873//1253 856//1253
f 805//1254 856//1254 874//1254
f 805//1255 874//1255 845//1255
f 845//1256 874//1256 846//1256
f 839//1257 847//1257 875//1257
f 839//1258 875//1258 848//1258
f 848//1259 875//1259 860//1259
f 836//1260 860//1260 861//1260
f 830//1261 876//1261 828//1261
f 821//1262 853//1262 868//1262
f 813//1263 854//1263 654//1263
f 811//1264 871//1264 620//1264
f 811//1265 620//1265 855//1265
f 855//1266 659//1266 872//1266
f 808//1267 872//1267 873//1267
f 846//1268 644//1268 857//1268
f 858//1269 857//1269 646//1269
f 858//1270 646//1270 859//1270
f 849//1271 861//1271 862//1271
f 830//1272 850//1272 876//1272
f 828//1273 876//1273 625//1273
f 828//1274 625//1274 851//1274
f 851//1275 625//1275 864//1275
f 868//1276 853//1276 627//1276
f 868//1277 627//1277 626//1277
f 868//1278 626//1278 818//1278
f 818//1279 626//1279 869//1279
f 870//1280 869//1280 655//1280
f 870//1281 655//1281 854//1281
f 813//1282 654//1282 621//1282
f 813//1283 621//1283 871//1283
f 871//1284 621//1284 620//1284
f 855//1285 620//1285 659//1285
f 856//1286 873//1286 660//1286
f 847//1287 859//1287 647//1287
f 847//1288 647//1288 875//1288
f 860//1289 875//1289 649//1289
f 864//1290 613//1290 852//1290
f 853//1291 867//1291 628//1291
f 846//1292 874//1292 644//1292
f 857//1293 644//1293 646//1293
f 859//1294 646//1294 647//1294
f 875//1295 647//1295 649//1295
f 860//1296 649//1296 651//1296
f 860//1297 651//1297 861//1297
f 861//1298 651//1298 862//1298
f 862//1299 651//1299 640//1299
f 862//1300 640//1300 863//1300
f 863//1301 640//1301 850//1301
f 850//1302 640//1302 876//1302
f 625//1303 613//1303 864//1303
f 852//1304 613//1304 612//1304
f 852//1305 612//1305 865//1305
f 865//1306 612//1306 866//1306
f 866//1307 612//1307 628//1307
f 866//1308 628//1308 867//1308
f 853//1309 628//1309 627//1309
f 869//1310 626//1310 655//1310
f 854//1311 655//1311 654//1311
f 872//1312 659//1312 660//1312
f 872//1313 660//1313 873//1313
f 660//1314 641//1314 856//1314
f 856//1315 641//1315 874//1315
f 874//1316 641//1316 644//1316
f 876//1317 640//1317 625//1317
f 650//1318 877//1318 122//1318
f 122//1319 877//1319 124//1319
f 130//1320 878//1320 132//1320
f 879//1321 657//1321 182//1321
f 637//1322 652//1322 880//1322
f 637//1323 880//1323 94//1323
f 94//1324 880//1324 117//1324
f 880//1325 652//1325 117//1325
f 117//1326 652//1326 119//1326
f 119//1327 652//1327 120//1327
f 650//1328 120//1328 652//1328
f 120//1329 650//1329 122//1329
f 126//1330 124//1330 877//1330
f 126//1331 877//1331 881//1331
f 881//1332 877//1332 650//1332
f 650//1333 648//1333 881//1333
f 881//1334 648//1334 129//1334
f 881//1335 129//1335 126//1335
f 648//1336 645//1336 878//1336
f 648//1337 878//1337 129//1337
f 129//1338 878//1338 130//1338
f 645//1339 132//1339 878//1339
f 135//1340 132//1340 645//1340
f 645//1341 643//1341 135//1341
f 643//1342 168//1342 135//1342
f 167//1343 168//1343 642//1343
f 642//1344 168//1344 643//1344
f 167//1345 642//1345 169//1345
f 642//1346 662//1346 169//1346
f 169//1347 662//1347 172//1347
f 662//1348 174//1348 172//1348
f 175//1349 174//1349 661//1349
f 661//1350 174//1350 662//1350
f 177//1351 175//1351 658//1351
f 658//1352 175//1352 661//1352
f 658//1353 179//1353 177//1353
f 879//1354 179//1354 658//1354
f 658//1355 657//1355 879//1355
f 179//1356 879//1356 182//1356
f 184//1357 182//1357 657//1357
f 622//1358 184//1358 657//1358
f 184//1359 622//1359 186//1359
f 622//1360 653//1360 882//1360
f 622//1361 882//1361 186//1361
f 186//1362 882//1362 189//1362
f 882//1363 653//1363 189//1363
f 189//1364 653//1364 187//1364
f 113//1365 187//1365 653//1365
f 113//1366 653//1366 629//1366
f 634//1367 637//1367 103//1367
f 103//1368 637//1368 94//1368
f 629//1369 632//1369 115//1369
f 629//1370 115//1370 113//1370
f 639//1371 618//1371 406//1371
f 406//1372 618//1372 408//1372
f 883//1373 617//1373 411//1373
f 411//1374 617//1374 413//1374
f 617//1375 624//1375 884//1375
f 884//1376 624//1376 885//1376
f 884//1377 885//1377 416//1377
f 624//1378 634//1378 420//1378
f 115//1379 632//1379 404//1379
f 639//1380 404//1380 632//1380
f 406//1381 404//1381 639//1381
f 411//1382 408//1382 618//1382
f 411//1383 618//1383 883//1383
f 883//1384 618//1384 617//1384
f 414//1385 413//1385 617//1385
f 884//1386 414//1386 617//1386
f 414//1387 884//1387 416//1387
f 416//1388 885//1388 418//1388
f 624//1389 418//1389 885//1389
f 624//1390 420//1390 418//1390
f 420//1391 634//1391 422//1391
f 103//1392 422//1392 634//1392
f 886//1393 109//1393 887//1393
f 887//1394 109//1394 888//1394
f 111//1395 109//1395 886//1395
f 586//1396 593//1396 889//1396
f 890//1397 891//1397 889//1397
f 890//1398 889//1398 593//1398
f 892//1399 891//1399 890//1399
f 892//1400 108//1400 891//1400
f 109//1401 108//1401 892//1401
f 890//1402 893//1402 892//1402
f 892//1403 893//1403 109//1403
f 888//1404 109//1404 893//1404
f 888//1405 893//1405 894//1405
f 894//1406 893//1406 895//1406
f 895//1407 893//1407 890//1407
f 895//1408 890//1408 593//1408
f 895//1409 593//1409 567//1409
f 896//1410 110//1410 111//1410
f 896//1411 111//1411 897//1411
f 897//1412 111//1412 898//1412
f 897//1413 898//1413 537//1413
f 537//1414 546//1414 897//1414
f 111//1415 886//1415 899//1415
f 111//1416 899//1416 898//1416
f 900//1417 898//1417 899//1417
f 901//1418 899//1418 886//1418
f 901//1419 886//1419 887//1419
f 899//1420 901//1420 900//1420
f 898//1421 900//1421 902//1421
f 898//1422 902//1422 526//1422
f 898//1423 526//1423 537//1423
f 112//1424 114//1424 903//1424
f 903//1425 114//1425 563//1425
f 903//1426 563//1426 575//1426
f 410//1427 412//1427 904//1427
f 904//1428 412//1428 571//1428
f 571//1429 412//1429 415//1429
f 421//1430 102//1430 905//1430
f 114//1431 403//1431 572//1431
f 572//1432 403//1432 405//1432
f 405//1433 407//1433 573//1433
f 573//1434 407//1434 409//1434
f 573//1435 409//1435 570//1435
f 570//1436 409//1436 410//1436
f 570//1437 410//1437 904//1437
f 415//1438 417//1438 568//1438
f 417//1439 419//1439 569//1439
f 419//1440 421//1440 566//1440
f 566//1441 421//1441 905//1441
f 572//1442 405//1442 573//1442
f 571//1443 415//1443 568//1443
f 568//1444 417//1444 569//1444
f 569//1445 419//1445 566//1445
f 563//1446 114//1446 572//1446
f 570//1447 904//1447 571//1447
f 171//1448 173//1448 906//1448
f 906//1449 173//1449 176//1449
f 188//1450 112//1450 903//1450
f 588//1451 586//1451 170//1451
f 170//1452 171//1452 588//1452
f 588//1453 171//1453 906//1453
f 906//1454 176//1454 589//1454
f 589//1455 176//1455 178//1455
f 589//1456 178//1456 591//1456
f 591//1457 178//1457 180//1457
f 180//1458 181//1458 580//1458
f 181//1459 183//1459 580//1459
f 183//1460 185//1460 582//1460
f 582//1461 185//1461 191//1461
f 582//1462 191//1462 583//1462
f 583//1463 191//1463 190//1463
f 575//1464 188//1464 903//1464
f 583//1465 190//1465 188//1465
f 591//1466 180//1466 580//1466
f 580//1467 183//1467 582//1467
f 583//1468 188//1468 575//1468
f 588//1469 906//1469 589//1469
f 102//1470 104//1470 905//1470
f 905//1471 104//1471 907//1471
f 905//1472 907//1472 567//1472
f 905//1473 567//1473 566//1473
f 908//1474 889//1474 891//1474
f 908//1475 891//1475 909//1475
f 909//1476 891//1476 108//1476
f 909//1477 108//1477 910//1477
f 586//1478 889//1478 908//1478
f 170//1479 586//1479 908//1479
f 170//1480 908//1480 165//1480
f 165//1481 908//1481 909//1481
f 165//1482 909//1482 910//1482
f 165//1483 910//1483 166//1483
f 911//1484 888//1484 912//1484
f 912//1485 888//1485 894//1485
f 912//1486 894//1486 913//1486
f 913//1487 894//1487 895//1487
f 914//1488 895//1488 567//1488
f 914//1489 567//1489 907//1489
f 913//1490 895//1490 914//1490
f 915//1491 913//1491 914//1491
f 916//1492 911//1492 912//1492
f 912//1493 913//1493 915//1493
f 98//1494 914//1494 907//1494
f 98//1495 907//1495 104//1495
f 916//1496 912//1496 93//1496
f 93//1497 912//1497 915//1497
f 915//1498 914//1498 98//1498
f 93//1499 915//1499 98//1499
f 137//1500 166//1500 910//1500
f 137//1501 910//1501 110//1501
f 110//1502 910//1502 108//1502
f 887//1503 888//1503 911//1503
f 887//1504 911//1504 917//1504
f 917//1505 911//1505 916//1505
f 917//1506 916//1506 96//1506
f 96//1507 916//1507 93//1507
f 918//1508 110//1508 896//1508
f 918//1509 896//1509 919//1509
f 919//1510 896//1510 897//1510
f 919//1511 897//1511 920//1511
f 920//1512 897//1512 546//1512
f 920//1513 546//1513 921//1513
f 137//1514 110//1514 918//1514
f 137//1515 918//1515 919//1515
f 137//1516 919//1516 920//1516
f 920//1517 921//1517 140//1517
f 137//1518 920//1518 140//1518
f 922//1519 901//1519 887//1519
f 923//1520 526//1520 902//1520
f 924//1521 902//1521 900//1521
f 924//1522 900//1522 901//1522
f 922//1523 887//1523 917//1523
f 924//1524 901//1524 925//1524
f 925//1525 901//1525 922//1525
f 925//1526 922//1526 917//1526
f 923//1527 902//1527 926//1527
f 926//1528 902//1528 924//1528
f 926//1529 924//1529 925//1529
f 101//1530 926//1530 925//1530
f 925//1531 917//1531 96//1531
f 107//1532 923//1532 926//1532
f 107//1533 926//1533 101//1533
f 101//1534 925//1534 96//1534
f 546//1535 549//1535 921//1535
f 921//1536 549//1536 164//1536
f 921//1537 164//1537 140//1537
f 549//1538 162//1538 164//1538
f 549//1539 551//1539 162//1539
f 162//1540 551//1540 160//1540
f 551//1541 553//1541 160//1541
f 160//1542 553//1542 157//1542
f 553//1543 156//1543 157//1543
f 553//1544 927//1544 156//1544
f 156//1545 927//1545 153//1545
f 555//1546 927//1546 553//1546
f 927//1547 555//1547 151//1547
f 927//1548 151//1548 153//1548
f 149//1549 151//1549 928//1549
f 928//1550 151//1550 555//1550
f 928//1551 555//1551 561//1551
f 561//1552 929//1552 928//1552
f 928//1553 929//1553 149//1553
f 149//1554 929//1554 146//1554
f 561//1555 539//1555 930//1555
f 561//1556 930//1556 929//1556
f 929//1557 930//1557 144//1557
f 929//1558 144//1558 146//1558
f 142//1559 144//1559 539//1559
f 539//1560 144//1560 930//1560
f 106//1561 923//1561 107//1561
f 525//1562 526//1562 923//1562
f 525//1563 923//1563 106//1563
f 424//1564 142//1564 539//1564
f 424//1565 539//1565 542//1565
f 544//1566 543//1566 429//1566
f 429//1567 543//1567 431//1567
f 532//1568 931//1568 433//1568
f 433//1569 931//1569 435//1569
f 524//1570 523//1570 439//1570
f 524//1571 439//1571 437//1571
f 523//1572 525//1572 442//1572
f 424//1573 542//1573 426//1573
f 544//1574 426//1574 542//1574
f 428//1575 426//1575 544//1575
f 544//1576 429//1576 428//1576
f 433//1577 431//1577 543//1577
f 433//1578 543//1578 532//1578
f 931//1579 532//1579 524//1579
f 437//1580 435//1580 524//1580
f 524//1581 435//1581 931//1581
f 523//1582 440//1582 439//1582
f 523//1583 442//1583 440//1583
f 442//1584 525//1584 444//1584
f 106//1585 444//1585 525//1585
f 932//1586 933//1586 934//1586
f 934//1586 933//1586 935//1586
f 934//1587 936//1587 937//1587
f 934//1587 938//1587 939//1587
f 934//1587 939//1587 932//1587
f 932//1587 939//1587 940//1587
f 934//1587 937//1587 938//1587
f 941//1587 942//1587 943//1587
f 944//1587 945//1587 946//1587
f 947//1587 948//1587 945//1587
f 945//1587 948//1587 949//1587
f 944//1587 946//1587 934//1587
f 934//1587 946//1587 936//1587
f 940//1587 950//1587 932//1587
f 944//1587 951//1587 952//1587
f 945//1587 944//1587 952//1587
f 945//1587 952//1587 947//1587
f 945//1587 949//1587 953//1587
f 953//1587 949//1587 954//1587
f 953//1587 954//1587 942//1587
f 942//1587 954//1587 955//1587
f 943//1587 956//1587 957//1587
f 943//1587 957//1587 958//1587
f 932//1587 950//1587 959//1587
f 932//1587 959//1587 941//1587
f 932//1587 941//1587 943//1587
f 955//1587 960//1587 942//1587
f 943//1587 958//1587 961//1587
f 943//1587 961//1587 944//1587
f 944//1587 961//1587 962//1587
f 942//1587 960//1587 956//1587
f 942//1587 956//1587 943//1587
f 962//1587 951//1587 944//1587
f 963//1588 943//1588 964//1588
f 964//1588 943//1588 944//1588
f 965//1589 966//1589 933//1589
f 933//1589 966//1589 967//1589
f 968//1589 935//1589 967//1589
f 967//1589 935//1589 933//1589
f 969//1589 970//1589 964//1589
f 964//1589 971//1589 972//1589
f 972//1589 973//1589 974//1589
f 965//1589 963//1589 975//1589
f 976//1589 977//1589 935//1589
f 978//1589 979//1589 975//1589
f 973//1589 972//1589 980//1589
f 980//1589 972//1589 981//1589
f 980//1589 981//1589 979//1589
f 979//1589 981//1589 975//1589
f 968//1589 982//1589 935//1589
f 935//1589 982//1589 976//1589
f 964//1589 970//1589 963//1589
f 963//1589 970//1589 983//1589
f 963//1589 984//1589 985//1589
f 975//1589 963//1589 985//1589
f 975//1589 985//1589 978//1589
f 963//1589 965//1589 933//1589
f 935//1589 977//1589 971//1589
f 935//1589 971//1589 964//1589
f 964//1589 986//1589 969//1589
f 983//1589 984//1589 963//1589
f 974//1589 987//1589 972//1589
f 972//1589 987//1589 964//1589
f 964//1589 987//1589 988//1589
f 964//1589 988//1589 986//1589
f 943//113 963//113 932//113
f 932//113 963//113 933//113
f 964//1 944//1 935//1
f 935//1 944//1 934//1
f 969//1590 958//1590 983//1590
f 983//1591 958//1591 984//1591
f 984//1592 958//1592 957//1592
f 984//1593 957//1593 985//1593
f 985//1594 957//1594 956//1594
f 985//1595 956//1595 978//1595
f 978//1596 956//1596 960//1596
f 978//1597 960//1597 979//1597
f 979//1598 960//1598 955//1598
f 979//1599 955//1599 973//1599
f 973//1600 955//1600 949//1600
f 973//1601 949//1601 974//1601
f 974//1602 949//1602 948//1602
f 974//1603 948//1603 987//1603
f 987//1604 948//1604 947//1604
f 987//1605 947//1605 952//1605
f 987//1606 952//1606 988//1606
f 988//1607 952//1607 986//1607
f 986//1608 952//1608 951//1608
f 986//1609 951//1609 969//1609
f 969//1610 951//1610 962//1610
f 969//1611 962//1611 958//1611
f 972//1612 942//1612 975//1612
f 975//1613 942//1613 965//1613
f 965//1614 942//1614 941//1614
f 965//1615 941//1615 959//1615
f 965//1616 959//1616 966//1616
f 966//1617 959//1617 950//1617
f 966//1618 950//1618 967//1618
f 967//1619 950//1619 940//1619
f 967//1620 940//1620 938//1620
f 967//1621 938//1621 982//1621
f 982//1622 938//1622 976//1622
f 976//1623 938//1623 937//1623
f 976//1624 937//1624 977//1624
f 977//1625 937//1625 936//1625
f 977//1626 936//1626 971//1626
f 971//1627 936//1627 946//1627
f 971//1628 946//1628 972//1628
f 972//1629 946//1629 945//1629
f 972//1630 945//1630 942//1630
f 989//1586 990//1586 991//1586
f 991//1586 990//1586 992//1586
f 993//1587 994//1587 995//1587
f 993//1587 995//1587 996//1587
f 996//1587 995//1587 997//1587
f 998//1587 999//1587 1000//1587
f 993//1587 1001//1587 994//1587
f 1000//1587 1002//1587 1003//1587
f 1003//1587 1004//1587 1000//1587
f 1000//1587 1004//1587 1005//1587
f 1000//1587 1005//1587 998//1587
f 996//1587 997//1587 1006//1587
f 996//1587 1006//1587 999//1587
f 1007//1587 996//1587 1008//1587
f 991//1587 1009//1587 1010//1587
f 991//1587 1010//1587 989//1587
f 989//1587 1010//1587 1011//1587
f 1012//1587 989//1587 1013//1587
f 991//1587 1014//1587 1009//1587
f 1011//1587 1015//1587 989//1587
f 999//1587 998//1587 1008//1587
f 999//1587 1008//1587 996//1587
f 996//1587 1007//1587 991//1587
f 991//1587 1007//1587 1016//1587
f 991//1587 1016//1587 1014//1587
f 1015//1587 1002//1587 989//1587
f 989//1587 1012//1587 993//1587
f 993//1587 1012//1587 1017//1587
f 1000//1587 1018//1587 1002//1587
f 1002//1587 1018//1587 1013//1587
f 1002//1587 1013//1587 989//1587
f 993//1587 1017//1587 1001//1587
f 1019//1588 993//1588 1020//1588
f 1020//1588 993//1588 996//1588
f 1021//1589 1022//1589 990//1589
f 1023//1589 1024//1589 992//1589
f 990//1589 1022//1589 992//1589
f 992//1589 1022//1589 1023//1589
f 1024//1589 1025//1589 992//1589
f 1020//1589 1026//1589 1027//1589
f 1020//1589 1027//1589 1019//1589
f 1019//1589 1027//1589 1028//1589
f 992//1589 1029//1589 1030//1589
f 1030//1589 1031//1589 1020//1589
f 1028//1589 1032//1589 1019//1589
f 1029//1589 992//1589 1025//1589
f 1029//1589 1025//1589 1033//1589
f 1033//1589 1025//1589 1034//1589
f 1033//1589 1034//1589 1035//1589
f 1033//1589 1035//1589 1036//1589
f 1033//1589 1036//1589 1037//1589
f 1037//1589 1036//1589 1038//1589
f 1037//1589 1038//1589 1039//1589
f 990//1589 1040//1589 1021//1589
f 992//1589 1030//1589 1020//1589
f 1031//1589 1026//1589 1020//1589
f 1041//1589 1037//1589 990//1589
f 1039//1589 1042//1589 1037//1589
f 1037//1589 1042//1589 990//1589
f 1042//1589 1043//1589 990//1589
f 1043//1589 1040//1589 990//1589
f 1019//1589 1032//1589 1044//1589
f 1019//1589 1044//1589 1041//1589
f 1019//1589 1041//1589 990//1589
f 993//113 1019//113 989//113
f 989//113 1019//113 990//113
f 1020//1 996//1 992//1
f 992//1 996//1 991//1
f 1026//1631 994//1631 1028//1631
f 1028//1632 994//1632 1032//1632
f 1032//1633 994//1633 1001//1633
f 1032//1634 1001//1634 1044//1634
f 1044//1635 1001//1635 1017//1635
f 1044//1636 1017//1636 1041//1636
f 1041//1637 1017//1637 1012//1637
f 1041//1638 1012//1638 1037//1638
f 1037//1639 1012//1639 1013//1639
f 1037//1640 1013//1640 1000//1640
f 1037//1641 1000//1641 1029//1641
f 1029//1642 1000//1642 1030//1642
f 1030//1643 1000//1643 999//1643
f 1030//1644 999//1644 1031//1644
f 1031//1645 999//1645 1006//1645
f 1031//1646 1006//1646 1026//1646
f 1026//1647 1006//1647 997//1647
f 1026//1648 997//1648 994//1648
f 1038//1649 1005//1649 1039//1649
f 1039//1650 1005//1650 1004//1650
f 1039//1651 1004//1651 1042//1651
f 1042//1652 1004//1652 1003//1652
f 1042//1653 1003//1653 1002//1653
f 1042//1654 1002//1654 1043//1654
f 1043//1655 1002//1655 1040//1655
f 1040//1656 1002//1656 1015//1656
f 1040//1657 1015//1657 1021//1657
f 1021//1658 1015//1658 1011//1658
f 1021//1659 1011//1659 1009//1659
f 1021//1660 1009//1660 1023//1660
f 1023//1661 1009//1661 1024//1661
f 1024//1662 1009//1662 1014//1662
f 1024//1663 1014//1663 1025//1663
f 1025//1664 1014//1664 1016//1664
f 1025//1665 1016//1665 1034//1665
f 1034//1666 1016//1666 1007//1666
f 1034//1667 1007//1667 1035//1667
f 1035//1668 1007//1668 1008//1668
f 1035//1669 1008//1669 1038//1669
f 1038//1670 1008//1670 1005//1670
f 1045//1671 1046//1671 1047//1671
f 1047//1672 1046//1672 1048//1672
f 1047//1673 1048//1673 1049//1673
f 1050//1674 1051//1674 1052//1674
f 1052//1675 1051//1675 1053//1675
f 1053//1676 1051//1676 1054//1676
f 1055//1677 1056//1677 1057//1677
f 1057//1678 1056//1678 1058//1678
f 1057//1679 1058//1679 1059//1679
f 1059//1680 1060//1680 1057//1680
f 1052//1681 1061//1681 1050//1681
f 1062//1682 1063//1682 1064//1682
f 1064//1683 1063//1683 1065//1683
f 1064//1684 1065//1684 1066//1684
f 1066//1685 1065//1685 1052//1685
f 1052//1686 1065//1686 1061//1686
f 1067//1687 1068//1687 1069//1687
f 1069//1688 1068//1688 1070//1688
f 1069//1689 1070//1689 1071//1689
f 1071//1690 1070//1690 1072//1690
f 1071//1691 1072//1691 1073//1691
f 1073//1692 1072//1692 1062//1692
f 1062//1693 1072//1693 1063//1693
f 1074//1694 1075//1694 1076//1694
f 1076//1695 1075//1695 1068//1695
f 1076//1696 1068//1696 1067//1696
f 1046//1697 1045//1697 1075//1697
f 1046//1698 1075//1698 1074//1698
f 1058//1699 1056//1699 1077//1699
f 1077//1700 1056//1700 1078//1700
f 1077//1701 1078//1701 1079//1701
f 1079//1702 1078//1702 1080//1702
f 1079//1703 1080//1703 1081//1703
f 1081//1704 1080//1704 1082//1704
f 1081//1705 1082//1705 1083//1705
f 1083//1706 1082//1706 1084//1706
f 1083//1707 1084//1707 1085//1707
f 1085//1708 1084//1708 1086//1708
f 1085//1709 1086//1709 1087//1709
f 1087//1710 1086//1710 1088//1710
f 1087//1711 1088//1711 1089//1711
f 1087//1712 1089//1712 1090//1712
f 1090//1713 1089//1713 1091//1713
f 1090//1714 1091//1714 1092//1714
f 1092//1715 1091//1715 1053//1715
f 1053//1716 1054//1716 1092//1716
f 1055//1717 1057//1717 1093//1717
f 1055//1718 1093//1718 1094//1718
f 1094//1719 1093//1719 1095//1719
f 1094//1720 1095//1720 1096//1720
f 1097//1721 1098//1721 1099//1721
f 1099//1722 1098//1722 1100//1722
f 1099//1723 1100//1723 1048//1723
f 1048//1724 1100//1724 1049//1724
f 1101//1588 1102//1588 1103//1588
f 1104//1588 1105//1588 1106//1588
f 1106//1588 1105//1588 1107//1588
f 1106//1588 1107//1588 1108//1588
f 1108//1588 1107//1588 1101//1588
f 1101//1588 1107//1588 1109//1588
f 1101//1588 1109//1588 1102//1588
f 1110//1588 1111//1588 1112//1588
f 1113//1725 1114//1725 1115//1725
f 1102//1588 1116//1588 1103//1588
f 1103//1588 1116//1588 1117//1588
f 1117//1588 1116//1588 1112//1588
f 1112//1588 1118//1588 1117//1588
f 1112//1588 1111//1588 1118//1588
f 1114//1726 1113//1726 1111//1726
f 1119//1727 1120//1727 1121//1727
f 1120//1728 1119//1728 1115//1728
f 1115//1729 1119//1729 1113//1729
f 1122//1588 1106//1588 1123//1588
f 1122//1588 1123//1588 1124//1588
f 1102//1588 1109//1588 1125//1588
f 1102//1588 1125//1588 1126//1588
f 1127//1588 1128//1588 1123//1588
f 1123//1588 1128//1588 1124//1588
f 1121//1588 1129//1588 1130//1588
f 1131//1588 1132//1588 1121//1588
f 1131//1588 1121//1588 1130//1588
f 1132//1588 1131//1588 1128//1588
f 1132//1588 1128//1588 1127//1588
f 1111//1588 1110//1588 1114//1588
f 1114//1588 1110//1588 1133//1588
f 1133//1588 1110//1588 1134//1588
f 1121//1588 1120//1588 1129//1588
f 1131//1588 1130//1588 1135//1588
f 1131//1588 1135//1588 1136//1588
f 1104//1588 1106//1588 1122//1588
f 1104//1588 1122//1588 1137//1588
f 1137//1588 1122//1588 1138//1588
f 1139//1730 1140//1730 1141//1730
f 1142//1731 1139//1731 1143//1731
f 1143//1732 1139//1732 1141//1732
f 1142//1733 1143//1733 1144//1733
f 1142//1734 1144//1734 1145//1734
f 1145//1735 1144//1735 1146//1735
f 1147//1736 1148//1736 1101//1736
f 1149//1737 1147//1737 1103//1737
f 1103//1738 1147//1738 1101//1738
f 1149//1739 1103//1739 1150//1739
f 1149//1740 1150//1740 1151//1740
f 1149//1741 1151//1741 1152//1741
f 1153//1742 1154//1742 1155//1742
f 1155//1743 1154//1743 1156//1743
f 1155//1744 1156//1744 1157//1744
f 1157//1745 1156//1745 1158//1745
f 1157//1746 1158//1746 1159//1746
f 1159//1747 1158//1747 1160//1747
f 1159//1748 1160//1748 1161//1748
f 1161//1749 1160//1749 1162//1749
f 1161//1750 1162//1750 1163//1750
f 1163//1751 1162//1751 1164//1751
f 1163//1752 1164//1752 1165//1752
f 348//1753 343//1753 1166//1753
f 1167//1 195//1 197//1
f 1168//1754 204//1754 1169//1754
f 1169//1755 204//1755 206//1755
f 1168//1756 210//1756 209//1756
f 197//1 201//1 1167//1
f 1167//1 201//1 200//1
f 1167//1 200//1 199//1
f 199//1 198//1 1167//1
f 1167//1 198//1 212//1
f 1167//1757 212//1757 1168//1757
f 1168//1758 212//1758 211//1758
f 1168//1759 211//1759 210//1759
f 209//1760 208//1760 1168//1760
f 1168//1761 208//1761 207//1761
f 1168//1762 207//1762 202//1762
f 1168//1763 202//1763 204//1763
f 206//1764 274//1764 1169//1764
f 1169//1765 274//1765 273//1765
f 281//1766 1170//1766 282//1766
f 282//1767 1170//1767 284//1767
f 286//1768 1171//1768 287//1768
f 287//1769 1171//1769 1170//1769
f 287//1770 1170//1770 288//1770
f 288//1771 1170//1771 281//1771
f 286//1772 280//1772 1171//1772
f 1171//1773 280//1773 279//1773
f 1171//1774 279//1774 278//1774
f 273//1775 276//1775 1169//1775
f 1169//1776 276//1776 275//1776
f 1169//1777 275//1777 1170//1777
f 1170//1778 275//1778 285//1778
f 1170//1779 285//1779 284//1779
f 1171//1780 1172//1780 1173//1780
f 1174//1781 1175//1781 1176//1781
f 1171//1782 1173//1782 1177//1782
f 1177//1783 1173//1783 1178//1783
f 1177//1784 1178//1784 1176//1784
f 1176//1785 1178//1785 1174//1785
f 1179//1 298//1 297//1
f 301//1786 1176//1786 293//1786
f 293//1787 1176//1787 294//1787
f 305//1788 1180//1788 306//1788
f 306//1789 1180//1789 307//1789
f 307//1790 1180//1790 308//1790
f 1179//1791 297//1791 1176//1791
f 1176//1792 297//1792 295//1792
f 1176//1793 295//1793 294//1793
f 301//1794 300//1794 1176//1794
f 1176//1795 300//1795 299//1795
f 1176//1796 299//1796 1180//1796
f 1180//1797 299//1797 309//1797
f 1180//1798 309//1798 308//1798
f 305//1799 304//1799 1180//1799
f 1180//1800 304//1800 303//1800
f 303//1801 302//1801 1180//1801
f 1180//1802 302//1802 258//1802
f 1180//1803 258//1803 1181//1803
f 1181//1804 258//1804 257//1804
f 257//1805 256//1805 1181//1805
f 1181//1806 256//1806 254//1806
f 1181//1807 254//1807 253//1807
f 1181//1808 253//1808 314//1808
f 1182//1809 1183//1809 1184//1809
f 1183//1810 1185//1810 1166//1810
f 1166//1811 1185//1811 1186//1811
f 1179//1812 1187//1812 1188//1812
f 1183//1813 1189//1813 1185//1813
f 1166//1814 1186//1814 1190//1814
f 1179//1815 1190//1815 1187//1815
f 1182//1816 1191//1816 1183//1816
f 1183//1817 1191//1817 1189//1817
f 1179//1818 1188//1818 1182//1818
f 1188//1819 1192//1819 1182//1819
f 1182//1820 1192//1820 1191//1820
f 343//1821 342//1821 1166//1821
f 1166//1822 342//1822 341//1822
f 1166//1823 341//1823 234//1823
f 1166//1824 234//1824 232//1824
f 232//1825 231//1825 1166//1825
f 1166//1826 231//1826 247//1826
f 1166//1827 247//1827 1193//1827
f 1193//1828 242//1828 237//1828
f 247//1829 246//1829 1193//1829
f 1193//1830 246//1830 244//1830
f 1193//1831 244//1831 1194//1831
f 1194//1832 238//1832 1193//1832
f 1193//1833 238//1833 240//1833
f 1193//1834 240//1834 241//1834
f 1193//1835 241//1835 242//1835
f 236//1 230//1 1195//1
f 1196//1836 1197//1836 1168//1836
f 1168//1837 1197//1837 1198//1837
f 1167//1838 1199//1838 1200//1838
f 1167//1839 1200//1839 1195//1839
f 1167//1840 1201//1840 1199//1840
f 1195//1841 1200//1841 1202//1841
f 1195//1842 1202//1842 1203//1842
f 1203//1843 1202//1843 1204//1843
f 1203//1844 1204//1844 1205//1844
f 1205//1845 1204//1845 1206//1845
f 1205//1846 1206//1846 1196//1846
f 1196//1847 1206//1847 1197//1847
f 1168//1848 1198//1848 1167//1848
f 1167//1849 1198//1849 1201//1849
f 1207//1850 1208//1850 1209//1850
f 1209//1851 1210//1851 1207//1851
f 1207//1852 1210//1852 1171//1852
f 1171//1853 1210//1853 1172//1853
f 1176//1854 1175//1854 1179//1854
f 1179//1855 1175//1855 1211//1855
f 1179//1856 1211//1856 1208//1856
f 230//1 229//1 1195//1
f 1195//1 229//1 228//1
f 1195//1 228//1 328//1
f 328//1 327//1 1195//1
f 1195//1 327//1 326//1
f 1195//1 326//1 1207//1
f 325//1 340//1 1179//1
f 1179//1 340//1 339//1
f 339//1 338//1 1179//1
f 1179//1 338//1 337//1
f 1179//1 337//1 1212//1
f 335//1 334//1 1179//1
f 1179//1 334//1 333//1
f 1179//1 333//1 332//1
f 332//1 331//1 1179//1
f 1179//1 331//1 330//1
f 1179//1857 330//1857 1166//1857
f 1166//1858 330//1858 329//1858
f 1166//1859 329//1859 348//1859
f 196//1 1207//1 292//1
f 292//1 1207//1 289//1
f 278//1860 277//1860 1171//1860
f 1171//1861 277//1861 347//1861
f 1171//1862 347//1862 291//1862
f 1171//1863 291//1863 1207//1863
f 1207//1 291//1 290//1
f 1207//1 290//1 289//1
f 313//1864 1182//1864 314//1864
f 314//1865 1182//1865 1181//1865
f 313//1866 312//1866 1182//1866
f 1182//1867 312//1867 318//1867
f 1182//1868 318//1868 317//1868
f 319//1 311//1 1179//1
f 1179//1 311//1 310//1
f 1179//1 310//1 315//1
f 317//1869 316//1869 1182//1869
f 1182//1870 316//1870 321//1870
f 1182//1871 321//1871 1179//1871
f 1179//1 321//1 320//1
f 1179//1 320//1 319//1
f 315//1 324//1 1179//1
f 1179//1 324//1 323//1
f 1179//1 323//1 322//1
f 1179//1 322//1 298//1
f 237//1872 236//1872 1193//1872
f 1193//1873 236//1873 1195//1873
f 1195//1 1207//1 1167//1
f 1167//1 1207//1 196//1
f 1167//1 196//1 195//1
f 1208//1 1207//1 1179//1
f 1179//1 1212//1 335//1
f 1179//1 1207//1 326//1
f 1179//1 326//1 325//1
f 1179//1874 1166//1874 1190//1874
f 1213//1875 1214//1875 1215//1875
f 1213//1876 1215//1876 1216//1876
f 1216//1877 1215//1877 1217//1877
f 1216//1878 1217//1878 1218//1878
f 1218//1879 1217//1879 1219//1879
f 1218//1880 1219//1880 1220//1880
f 1220//1881 1219//1881 1221//1881
f 1220//1882 1221//1882 1222//1882
f 1222//1883 1221//1883 1223//1883
f 1222//1884 1223//1884 1224//1884
f 1224//1885 1223//1885 1225//1885
f 1224//1886 1225//1886 1226//1886
f 1226//1887 1225//1887 1227//1887
f 1226//1888 1227//1888 1228//1888
f 1228//1889 1227//1889 1229//1889
f 1228//1890 1229//1890 1230//1890
f 1230//1891 1229//1891 1231//1891
f 1230//1892 1231//1892 1232//1892
f 1232//1893 1231//1893 1233//1893
f 1232//1894 1233//1894 1234//1894
f 1234//1895 1233//1895 1235//1895
f 1235//1896 1233//1896 1236//1896
f 1235//1897 1236//1897 1237//1897
f 1235//1898 1237//1898 1238//1898
f 1238//1899 1237//1899 1239//1899
f 1238//1900 1239//1900 1240//1900
f 1240//1901 1239//1901 1241//1901
f 1240//1902 1241//1902 1242//1902
f 1242//1903 1241//1903 1243//1903
f 1242//1904 1243//1904 1244//1904
f 1244//1905 1243//1905 1245//1905
f 1244//1906 1245//1906 1246//1906
f 1246//1907 1245//1907 1247//1907
f 1246//1908 1247//1908 1248//1908
f 1248//1909 1247//1909 1249//1909
f 1248//1910 1249//1910 1250//1910
f 1250//1911 1249//1911 1251//1911
f 1250//1912 1251//1912 1252//1912
f 1252//1913 1251//1913 1253//1913
f 1252//1914 1253//1914 1254//1914
f 1254//1915 1253//1915 1255//1915
f 1254//1916 1255//1916 1256//1916
f 1256//1917 1255//1917 1213//1917
f 1213//1918 1255//1918 1214//1918
f 1238//1919 1257//1919 1235//1919
f 1258//1920 1259//1920 1238//1920
f 1238//1921 1259//1921 1257//1921
f 1218//1922 1260//1922 1216//1922
f 1258//1923 1238//1923 1240//1923
f 1258//1924 1240//1924 1165//1924
f 1246//1 1161//1 1244//1
f 1244//1 1161//1 1163//1
f 1244//1 1163//1 1242//1
f 1260//1925 1218//1925 1220//1925
f 1260//1926 1220//1926 1261//1926
f 1261//1927 1220//1927 1222//1927
f 1261//1928 1222//1928 1262//1928
f 1252//1929 1153//1929 1250//1929
f 1250//1930 1153//1930 1155//1930
f 1250//1 1155//1 1248//1
f 1248//1 1155//1 1157//1
f 1248//1 1157//1 1246//1
f 1246//1 1157//1 1159//1
f 1246//1 1159//1 1161//1
f 1153//1931 1252//1931 1263//1931
f 1263//1932 1252//1932 1254//1932
f 1256//1933 1264//1933 1254//1933
f 1254//1934 1264//1934 1263//1934
f 1213//1935 1265//1935 1256//1935
f 1256//1936 1265//1936 1264//1936
f 1216//1937 1265//1937 1213//1937
f 1260//1938 1266//1938 1216//1938
f 1216//1939 1266//1939 1265//1939
f 1163//1940 1165//1940 1242//1940
f 1242//1941 1165//1941 1240//1941
f 1224//1942 1267//1942 1222//1942
f 1222//1943 1267//1943 1262//1943
f 1226//1944 1268//1944 1224//1944
f 1224//1945 1268//1945 1267//1945
f 1228//1946 1269//1946 1226//1946
f 1226//1947 1269//1947 1268//1947
f 1228//1948 1270//1948 1269//1948
f 1257//1949 1271//1949 1235//1949
f 1235//1950 1271//1950 1234//1950
f 1230//1951 1270//1951 1228//1951
f 1232//1952 1272//1952 1230//1952
f 1230//1953 1272//1953 1270//1953
f 1232//1954 1273//1954 1272//1954
f 1234//1955 1271//1955 1273//1955
f 1234//1956 1273//1956 1232//1956
f 1274//1957 1275//1957 1276//1957
f 1277//1958 1278//1958 1274//1958
f 1274//1959 1278//1959 1275//1959
f 1277//1960 1274//1960 1279//1960
f 1280//1961 1154//1961 1279//1961
f 1279//1962 1154//1962 1277//1962
f 1281//113 1158//113 1282//113
f 1282//113 1158//113 1156//113
f 1282//113 1156//113 1280//113
f 1280//1963 1156//1963 1154//1963
f 1283//1964 1284//1964 1285//1964
f 1283//1965 1285//1965 1286//1965
f 1287//1966 1164//1966 1288//1966
f 1288//1967 1164//1967 1162//1967
f 1288//113 1162//113 1289//113
f 1289//113 1162//113 1160//113
f 1289//113 1160//113 1281//113
f 1281//113 1160//113 1158//113
f 1164//1968 1287//1968 1290//1968
f 1290//1969 1287//1969 1291//1969
f 1292//1970 1293//1970 1294//1970
f 1295//1971 1296//1971 1297//1971
f 1297//1972 1296//1972 1298//1972
f 1286//1973 1285//1973 1291//1973
f 1291//1974 1285//1974 1290//1974
f 1293//1975 1284//1975 1283//1975
f 1292//1976 1299//1976 1293//1976
f 1293//1977 1299//1977 1284//1977
f 1300//1978 1292//1978 1294//1978
f 1300//1979 1301//1979 1292//1979
f 1302//1980 1303//1980 1300//1980
f 1300//1981 1303//1981 1301//1981
f 1304//1982 1305//1982 1295//1982
f 1295//1983 1305//1983 1296//1983
f 1306//1984 1307//1984 1304//1984
f 1304//1985 1307//1985 1305//1985
f 1308//1986 1309//1986 1306//1986
f 1306//1987 1309//1987 1307//1987
f 1276//1988 1275//1988 1309//1988
f 1276//1989 1309//1989 1308//1989
f 1310//1990 1311//1990 1302//1990
f 1302//1991 1311//1991 1303//1991
f 1297//1992 1298//1992 1310//1992
f 1310//1993 1298//1993 1311//1993
f 1312//1994 1308//1994 1313//1994
f 1313//1995 1308//1995 1306//1995
f 1313//1996 1306//1996 1314//1996
f 1314//1997 1306//1997 1304//1997
f 1314//1998 1304//1998 1315//1998
f 1315//1999 1304//1999 1295//1999
f 1315//2000 1295//2000 1316//2000
f 1316//2001 1295//2001 1297//2001
f 1316//2002 1297//2002 1317//2002
f 1317//2003 1297//2003 1310//2003
f 1317//2004 1310//2004 1318//2004
f 1318//2005 1310//2005 1302//2005
f 1318//2006 1302//2006 1319//2006
f 1319//2007 1302//2007 1300//2007
f 1319//2008 1300//2008 1320//2008
f 1320//2009 1300//2009 1294//2009
f 1320//2010 1294//2010 1321//2010
f 1321//2011 1294//2011 1293//2011
f 1321//2012 1293//2012 1322//2012
f 1322//2013 1293//2013 1283//2013
f 1322//2014 1283//2014 1323//2014
f 1323//2015 1283//2015 1286//2015
f 1323//2016 1286//2016 1324//2016
f 1324//2017 1286//2017 1291//2017
f 1324//2018 1291//2018 1325//2018
f 1325//2019 1291//2019 1287//2019
f 1325//2020 1287//2020 1326//2020
f 1326//2021 1287//2021 1288//2021
f 1326//2022 1288//2022 1327//2022
f 1327//2023 1288//2023 1289//2023
f 1327//2024 1289//2024 1328//2024
f 1328//2025 1289//2025 1281//2025
f 1328//2026 1281//2026 1329//2026
f 1329//2027 1281//2027 1282//2027
f 1329//2028 1282//2028 1330//2028
f 1330//2029 1282//2029 1280//2029
f 1330//2030 1280//2030 1331//2030
f 1331//2031 1280//2031 1279//2031
f 1331//2032 1279//2032 1332//2032
f 1332//2033 1279//2033 1274//2033
f 1332//2034 1274//2034 1333//2034
f 1333//2035 1274//2035 1276//2035
f 1333//2036 1276//2036 1312//2036
f 1312//2037 1276//2037 1308//2037
f 1334//2038 1335//2038 1336//2038
f 1336//2039 1335//2039 1337//2039
f 1336//2040 1337//2040 1338//2040
f 1338//2041 1337//2041 1339//2041
f 1339//2042 1337//2042 1340//2042
f 1339//2043 1340//2043 1341//2043
f 1341//2044 1340//2044 1342//2044
f 1341//2045 1342//2045 1343//2045
f 1343//2046 1342//2046 1344//2046
f 1343//2047 1344//2047 1345//2047
f 1345//2048 1344//2048 1346//2048
f 1346//2049 1344//2049 1347//2049
f 1346//2050 1347//2050 1348//2050
f 1348//2051 1347//2051 1349//2051
f 1348//2052 1349//2052 1350//2052
f 1350//2053 1349//2053 1351//2053
f 1350//2054 1351//2054 1352//2054
f 1352//2055 1351//2055 1353//2055
f 1353//2056 1351//2056 1354//2056
f 1353//2057 1354//2057 1355//2057
f 1355//2058 1354//2058 1356//2058
f 1356//2059 1354//2059 1357//2059
f 1356//2060 1357//2060 1358//2060
f 1358//2061 1357//2061 1359//2061
f 1359//2062 1357//2062 1360//2062
f 1359//2063 1360//2063 1361//2063
f 1361//2064 1360//2064 1362//2064
f 1361//2065 1362//2065 1363//2065
f 1363//2066 1362//2066 1364//2066
f 1363//2067 1364//2067 1365//2067
f 1365//2068 1364//2068 1366//2068
f 1366//2069 1364//2069 1367//2069
f 1366//2070 1367//2070 1368//2070
f 1368//2071 1367//2071 1369//2071
f 1368//2072 1369//2072 1370//2072
f 1370//2073 1369//2073 1371//2073
f 1370//2074 1371//2074 1372//2074
f 1372//2075 1371//2075 1373//2075
f 1373//2076 1371//2076 1335//2076
f 1373//2077 1335//2077 1334//2077
f 1365//2078 1366//2078 1374//2078
f 1368//2079 1375//2079 1366//2079
f 1366//2080 1375//2080 1374//2080
f 1370//2081 1376//2081 1368//2081
f 1368//2082 1376//2082 1377//2082
f 1368//2083 1377//2083 1375//2083
f 1372//2084 1378//2084 1370//2084
f 1370//2085 1378//2085 1376//2085
f 1373//2086 1379//2086 1372//2086
f 1372//2087 1379//2087 1380//2087
f 1372//2088 1380//2088 1378//2088
f 1334//2089 1381//2089 1373//2089
f 1373//2090 1381//2090 1379//2090
f 1336//2091 1382//2091 1334//2091
f 1334//2092 1382//2092 1381//2092
f 1338//2093 1383//2093 1336//2093
f 1336//2094 1383//2094 1382//2094
f 1339//2095 1384//2095 1338//2095
f 1338//2096 1384//2096 1385//2096
f 1338//2097 1385//2097 1383//2097
f 1341//2098 1386//2098 1339//2098
f 1339//2099 1386//2099 1384//2099
f 1343//2100 1387//2100 1341//2100
f 1341//2101 1387//2101 1388//2101
f 1341//2102 1388//2102 1386//2102
f 1345//2103 1389//2103 1343//2103
f 1343//2104 1389//2104 1387//2104
f 1346//2105 1390//2105 1345//2105
f 1345//2106 1390//2106 1391//2106
f 1345//2107 1391//2107 1389//2107
f 1348//2108 1392//2108 1346//2108
f 1346//2109 1392//2109 1390//2109
f 1350//2110 1393//2110 1348//2110
f 1348//2111 1393//2111 1392//2111
f 1352//2112 1394//2112 1350//2112
f 1350//2113 1394//2113 1393//2113
f 1353//2114 1395//2114 1352//2114
f 1352//2115 1395//2115 1396//2115
f 1352//2116 1396//2116 1394//2116
f 1355//2117 1397//2117 1353//2117
f 1353//2118 1397//2118 1395//2118
f 1356//2119 1398//2119 1355//2119
f 1355//2120 1398//2120 1399//2120
f 1355//2121 1399//2121 1397//2121
f 1358//2122 1400//2122 1356//2122
f 1356//2123 1400//2123 1398//2123
f 1359//2124 1401//2124 1358//2124
f 1358//2125 1401//2125 1402//2125
f 1358//2126 1402//2126 1400//2126
f 1361//2127 1403//2127 1359//2127
f 1359//2128 1403//2128 1401//2128
f 1363//2129 1404//2129 1361//2129
f 1361//2130 1404//2130 1403//2130
f 1374//2131 1405//2131 1365//2131
f 1365//2132 1405//2132 1406//2132
f 1365//2133 1406//2133 1363//2133
f 1363//2134 1406//2134 1404//2134
f 1407//2135 1408//2135 1409//2135
f 1407//2136 1409//2136 1410//2136
f 1411//2137 1412//2137 1413//2137
f 1413//2138 1412//2138 1414//2138
f 1410//2139 1415//2139 1407//2139
f 1416//2140 1415//2140 1410//2140
f 1414//2141 1416//2141 1413//2141
f 1414//2142 1417//2142 1416//2142
f 1411//2143 1413//2143 1418//2143
f 1416//2144 1417//2144 1415//2144
f 1415//2145 1417//2145 1419//2145
f 1409//113 1420//113 1410//113
f 1410//2146 1420//2146 1421//2146
f 1421//2147 1420//2147 1422//2147
f 1423//2148 1421//2148 1422//2148
f 1423//2149 1424//2149 1421//2149
f 1113//2150 1425//2150 1426//2150
f 1111//2151 1427//2151 1428//2151
f 1429//2152 1430//2152 1431//2152
f 1113//2153 1432//2153 1433//2153
f 1113//2154 1433//2154 1111//2154
f 1434//2155 1435//2155 1436//2155
f 1437//2156 1434//2156 1436//2156
f 1438//2157 1154//2157 1153//2157
f 1426//2158 1432//2158 1113//2158
f 1438//2159 1439//2159 1154//2159
f 1431//2160 1440//2160 1429//2160
f 1440//2161 1441//2161 1429//2161
f 1429//2162 1441//2162 1113//2162
f 1113//2163 1441//2163 1425//2163
f 1433//2164 1427//2164 1111//2164
f 1111//2165 1428//2165 1436//2165
f 1436//2166 1428//2166 1437//2166
f 1442//2167 1435//2167 1153//2167
f 1435//2168 1442//2168 1436//2168
f 1438//2169 1153//2169 1435//2169
f 1154//2170 1439//2170 1431//2170
f 1154//2171 1431//2171 1443//2171
f 1431//2172 1430//2172 1443//2172
f 1153//2173 1444//2173 1442//2173
f 1445//2174 1446//2174 1123//2174
f 1106//2175 1098//2175 1123//2175
f 1123//2176 1098//2176 1097//2176
f 1447//2177 1448//2177 1449//2177
f 1450//2178 1451//2178 1452//2178
f 1453//2179 1454//2179 1455//2179
f 1456//2180 1455//2180 1454//2180
f 1449//2181 1452//2181 1457//2181
f 1451//2182 1458//2182 1452//2182
f 1097//2183 1455//2183 1459//2183
f 1458//2184 1451//2184 1454//2184
f 1454//2185 1451//2185 1456//2185
f 1449//2186 1457//2186 1447//2186
f 1457//2187 1096//2187 1447//2187
f 1097//2188 1459//2188 1445//2188
f 1452//2189 1460//2189 1450//2189
f 1455//2190 1461//2190 1453//2190
f 1095//2191 1462//2191 1096//2191
f 1096//2192 1462//2192 1447//2192
f 1097//2193 1445//2193 1123//2193
f 1452//2194 1449//2194 1460//2194
f 1455//2195 1097//2195 1461//2195
f 1463//2196 1464//2196 1465//2196
f 1465//2197 1464//2197 1466//2197
f 1465//2198 1466//2198 1467//2198
f 1468//2199 1469//2199 1470//2199
f 1470//2200 1469//2200 1471//2200
f 1471//2201 1469//2201 1472//2201
f 1473//2202 1474//2202 1475//2202
f 1475//2203 1474//2203 1476//2203
f 1476//2204 1477//2204 1475//2204
f 1478//1586 1479//1586 1480//1586
f 1462//1586 1481//1586 1482//1586
f 1483//2205 1484//2205 1485//2205
f 1479//2206 1486//2206 1485//2206
f 1485//2207 1486//2207 1483//2207
f 1478//2208 1486//2208 1479//2208
f 1482//1586 1447//1586 1462//1586
f 1487//1586 1488//1586 1447//1586
f 1482//1586 1487//1586 1447//1586
f 1478//1586 1480//1586 1489//1586
f 1489//1586 1490//1586 1478//1586
f 1478//1586 1490//1586 1491//1586
f 1491//1586 1490//1586 1481//1586
f 1491//1586 1481//1586 1492//1586
f 1492//1586 1481//1586 1462//1586
f 1141//1586 1493//1586 1143//1586
f 1494//1586 1495//1586 1496//1586
f 1484//2209 1483//2209 1495//2209
f 1497//1586 1496//1586 1495//1586
f 1495//1586 1494//1586 1484//1586
f 1484//1586 1494//1586 1498//1586
f 1499//1586 1500//1586 1143//1586
f 1143//1586 1500//1586 1501//1586
f 1501//1586 1500//1586 1496//1586
f 1496//1586 1497//1586 1501//1586
f 1487//1586 1482//1586 1502//1586
f 1502//1586 1482//1586 1503//1586
f 1447//1586 1488//1586 1504//1586
f 1447//1586 1504//1586 1505//1586
f 1505//1586 1504//1586 1141//1586
f 1141//1586 1504//1586 1493//1586
f 1499//1586 1143//1586 1493//1586
f 1484//1586 1498//1586 1506//1586
f 1490//1586 1489//1586 1507//1586
f 1507//1586 1489//1586 1508//1586
f 1499//1586 1493//1586 1509//1586
f 1509//1586 1493//1586 1510//1586
f 1511//2210 1512//2210 1513//2210
f 1483//2211 1514//2211 1515//2211
f 1495//2212 1516//2212 1517//2212
f 1518//2213 1519//2213 1520//2213
f 1164//2214 1521//2214 1165//2214
f 1165//2215 1521//2215 1522//2215
f 1513//2216 1523//2216 1511//2216
f 1483//2217 1524//2217 1525//2217
f 1483//2218 1525//2218 1495//2218
f 1518//2219 1520//2219 1526//2219
f 1523//2220 1527//2220 1511//2220
f 1511//2221 1527//2221 1483//2221
f 1483//2222 1527//2222 1514//2222
f 1515//2223 1524//2223 1483//2223
f 1165//2224 1522//2224 1513//2224
f 1165//2225 1513//2225 1528//2225
f 1495//2226 1517//2226 1520//2226
f 1520//2227 1517//2227 1526//2227
f 1529//2228 1519//2228 1164//2228
f 1513//2229 1512//2229 1528//2229
f 1525//2230 1516//2230 1495//2230
f 1519//2231 1529//2231 1520//2231
f 1521//2232 1164//2232 1519//2232
f 1164//2233 1530//2233 1529//2233
f 1531//2234 1532//2234 1132//2234
f 1132//2235 1532//2235 1121//2235
f 1532//2236 1533//2236 1121//2236
f 1534//2237 1535//2237 1533//2237
f 1533//2238 1535//2238 1536//2238
f 1533//2239 1536//2239 1121//2239
f 1537//2240 1538//2240 1491//2240
f 1491//2241 1538//2241 1478//2241
f 1538//2242 1539//2242 1478//2242
f 1539//2243 1540//2243 1541//2243
f 1539//2244 1541//2244 1478//2244
f 1478//2245 1541//2245 1542//2245
f 1543//2246 1544//2246 1545//2246
f 1272//2247 1273//2247 1546//2247
f 1270//2248 1272//2248 1547//2248
f 1267//2249 1268//2249 1548//2249
f 1260//2250 1261//2250 1549//2250
f 1266//2251 1260//2251 1550//2251
f 1551//2252 1552//2252 1540//2252
f 1553//2253 1554//2253 1555//2253
f 1259//2254 1258//2254 1556//2254
f 1557//2255 1263//2255 1558//2255
f 1559//2256 1560//2256 1150//2256
f 1561//2257 1562//2257 1563//2257
f 1564//2258 1565//2258 1566//2258
f 1265//2259 1544//2259 1264//2259
f 1264//2260 1544//2260 1543//2260
f 1264//2261 1543//2261 1567//2261
f 1264//2262 1567//2262 1263//2262
f 1263//2263 1567//2263 1558//2263
f 1568//2264 1261//2264 1262//2264
f 1259//2265 1569//2265 1257//2265
f 1257//2266 1569//2266 1271//2266
f 1271//2267 1569//2267 1570//2267
f 1571//2268 1568//2268 1572//2268
f 1572//2269 1568//2269 1262//2269
f 1545//2270 1573//2270 1543//2270
f 1543//2271 1573//2271 1567//2271
f 1554//2272 1570//2272 1555//2272
f 1555//2273 1570//2273 1569//2273
f 1555//2274 1569//2274 1556//2274
f 1556//2275 1569//2275 1259//2275
f 1574//2276 1573//2276 1545//2276
f 1575//2277 1576//2277 1571//2277
f 1575//2278 1571//2278 1577//2278
f 1578//2279 1577//2279 1571//2279
f 1578//2280 1571//2280 1579//2280
f 1579//2281 1571//2281 1572//2281
f 1579//2282 1572//2282 1580//2282
f 1580//2283 1572//2283 1262//2283
f 1580//2284 1262//2284 1267//2284
f 1581//2285 1582//2285 1553//2285
f 1553//2286 1582//2286 1554//2286
f 1583//2287 1545//2287 1544//2287
f 1583//2288 1544//2288 1584//2288
f 1584//2289 1544//2289 1265//2289
f 1267//2290 1548//2290 1580//2290
f 1580//2291 1585//2291 1579//2291
f 1579//2292 1585//2292 1578//2292
f 1578//2293 1585//2293 1586//2293
f 1548//2294 1587//2294 1580//2294
f 1580//2295 1587//2295 1585//2295
f 1564//2296 1586//2296 1585//2296
f 1564//2297 1585//2297 1588//2297
f 1588//2298 1585//2298 1587//2298
f 1589//2299 1587//2299 1548//2299
f 1589//2300 1548//2300 1268//2300
f 1581//2301 1590//2301 1591//2301
f 1581//2302 1591//2302 1582//2302
f 1582//2303 1592//2303 1554//2303
f 1554//2304 1592//2304 1570//2304
f 1570//2305 1592//2305 1593//2305
f 1570//2306 1593//2306 1271//2306
f 1594//2307 1595//2307 1574//2307
f 1594//2308 1574//2308 1596//2308
f 1596//2309 1574//2309 1545//2309
f 1596//2310 1545//2310 1583//2310
f 1562//2311 1575//2311 1563//2311
f 1563//2312 1575//2312 1577//2312
f 1563//2313 1577//2313 1597//2313
f 1564//2314 1566//2314 1586//2314
f 1586//2315 1566//2315 1598//2315
f 1586//2316 1598//2316 1597//2316
f 1586//2317 1597//2317 1578//2317
f 1578//2318 1597//2318 1577//2318
f 1568//2319 1571//2319 1576//2319
f 1588//2320 1587//2320 1589//2320
f 1565//2321 1564//2321 1599//2321
f 1599//2322 1564//2322 1600//2322
f 1600//2323 1564//2323 1588//2323
f 1588//2324 1589//2324 1601//2324
f 1601//2325 1589//2325 1268//2325
f 1601//2326 1268//2326 1269//2326
f 1593//2327 1273//2327 1271//2327
f 1562//2328 1602//2328 1575//2328
f 1575//2329 1602//2329 1576//2329
f 1603//2330 1565//2330 1604//2330
f 1604//2331 1565//2331 1599//2331
f 1605//2332 1600//2332 1588//2332
f 1605//2333 1588//2333 1601//2333
f 1560//2334 1559//2334 1595//2334
f 1560//2335 1595//2335 1594//2335
f 1606//2336 1583//2336 1584//2336
f 1584//2337 1265//2337 1266//2337
f 1607//2338 1608//2338 1561//2338
f 1561//2339 1608//2339 1609//2339
f 1561//2340 1609//2340 1562//2340
f 1562//2341 1609//2341 1602//2341
f 1602//2342 1610//2342 1576//2342
f 1576//2343 1610//2343 1549//2343
f 1576//2344 1549//2344 1568//2344
f 1568//2345 1549//2345 1261//2345
f 1551//2346 1603//2346 1552//2346
f 1552//2347 1603//2347 1604//2347
f 1611//2348 1605//2348 1601//2348
f 1611//2349 1601//2349 1612//2349
f 1612//2350 1601//2350 1269//2350
f 1612//2351 1269//2351 1270//2351
f 1613//2352 1614//2352 1590//2352
f 1590//2353 1614//2353 1615//2353
f 1590//2354 1615//2354 1591//2354
f 1591//2355 1616//2355 1582//2355
f 1582//2356 1616//2356 1592//2356
f 1592//2357 1616//2357 1546//2357
f 1592//2358 1546//2358 1593//2358
f 1593//2359 1546//2359 1273//2359
f 1266//2360 1617//2360 1584//2360
f 1584//2361 1617//2361 1606//2361
f 1606//2362 1618//2362 1583//2362
f 1583//2363 1618//2363 1596//2363
f 1617//2364 1619//2364 1606//2364
f 1606//2365 1619//2365 1618//2365
f 1596//2366 1618//2366 1594//2366
f 1594//2367 1620//2367 1560//2367
f 1560//2368 1620//2368 1621//2368
f 1560//2369 1621//2369 1150//2369
f 1266//2370 1550//2370 1617//2370
f 1617//2371 1550//2371 1619//2371
f 1619//2372 1622//2372 1618//2372
f 1618//2373 1623//2373 1594//2373
f 1594//2374 1623//2374 1620//2374
f 1621//2375 1151//2375 1150//2375
f 1550//2376 1624//2376 1619//2376
f 1619//2377 1624//2377 1622//2377
f 1618//2378 1622//2378 1623//2378
f 1624//2379 1625//2379 1622//2379
f 1260//2380 1626//2380 1550//2380
f 1550//2381 1626//2381 1624//2381
f 1624//2382 1626//2382 1610//2382
f 1624//2383 1610//2383 1625//2383
f 1622//2384 1625//2384 1609//2384
f 1622//2385 1609//2385 1623//2385
f 1623//2386 1609//2386 1608//2386
f 1623//2387 1608//2387 1620//2387
f 1620//2388 1608//2388 1621//2388
f 1621//2389 1608//2389 1151//2389
f 1260//2390 1549//2390 1626//2390
f 1626//2391 1549//2391 1610//2391
f 1610//2392 1602//2392 1625//2392
f 1608//2393 1607//2393 1151//2393
f 1151//2394 1607//2394 1152//2394
f 1625//2395 1602//2395 1609//2395
f 1611//2396 1627//2396 1605//2396
f 1605//2397 1627//2397 1628//2397
f 1605//2398 1628//2398 1600//2398
f 1600//2399 1628//2399 1599//2399
f 1599//2400 1628//2400 1604//2400
f 1270//2401 1547//2401 1612//2401
f 1612//2402 1547//2402 1629//2402
f 1612//2403 1629//2403 1611//2403
f 1611//2404 1629//2404 1627//2404
f 1628//2405 1630//2405 1604//2405
f 1604//2406 1630//2406 1631//2406
f 1604//2407 1631//2407 1552//2407
f 1552//2408 1541//2408 1540//2408
f 1627//2409 1632//2409 1628//2409
f 1628//2410 1632//2410 1630//2410
f 1629//2411 1547//2411 1633//2411
f 1629//2412 1633//2412 1627//2412
f 1627//2413 1633//2413 1632//2413
f 1631//2414 1541//2414 1552//2414
f 1272//2415 1634//2415 1547//2415
f 1547//2416 1634//2416 1635//2416
f 1547//2417 1635//2417 1633//2417
f 1633//2418 1636//2418 1632//2418
f 1632//2419 1636//2419 1630//2419
f 1635//2420 1615//2420 1633//2420
f 1633//2421 1615//2421 1636//2421
f 1636//2422 1614//2422 1630//2422
f 1630//2423 1614//2423 1631//2423
f 1631//2424 1614//2424 1541//2424
f 1272//2425 1546//2425 1634//2425
f 1634//2426 1546//2426 1635//2426
f 1635//2427 1546//2427 1616//2427
f 1635//2428 1616//2428 1615//2428
f 1636//2429 1615//2429 1614//2429
f 1614//2430 1542//2430 1541//2430
f 1616//2431 1591//2431 1615//2431
f 1614//2432 1613//2432 1542//2432
f 1637//2433 1638//2433 1639//2433
f 1640//2434 1641//2434 1642//2434
f 1643//2435 1290//2435 1644//2435
f 1645//2436 1646//2436 1644//2436
f 1647//2437 1648//2437 1649//2437
f 1650//2438 1651//2438 1652//2438
f 1653//2439 1654//2439 1655//2439
f 1653//2440 1655//2440 1656//2440
f 1657//2441 1658//2441 1659//2441
f 1659//2442 1658//2442 1660//2442
f 1638//2443 1659//2443 1639//2443
f 1535//2444 1534//2444 1637//2444
f 1661//2445 1662//2445 1146//2445
f 1661//2446 1146//2446 1144//2446
f 1661//2447 1144//2447 1663//2447
f 1637//2448 1639//2448 1535//2448
f 1535//2449 1639//2449 1664//2449
f 1535//2450 1664//2450 1536//2450
f 1536//2451 1664//2451 1665//2451
f 1663//2452 1647//2452 1666//2452
f 1663//2453 1666//2453 1661//2453
f 1661//2454 1666//2454 1667//2454
f 1661//2455 1667//2455 1662//2455
f 1662//2456 1667//2456 1668//2456
f 1639//2457 1669//2457 1664//2457
f 1664//2458 1669//2458 1670//2458
f 1664//2459 1670//2459 1665//2459
f 1665//2460 1670//2460 1671//2460
f 1647//2461 1649//2461 1666//2461
f 1666//2462 1649//2462 1672//2462
f 1666//2463 1672//2463 1667//2463
f 1668//2464 1667//2464 1650//2464
f 1659//2465 1660//2465 1639//2465
f 1639//2466 1660//2466 1673//2466
f 1639//2467 1673//2467 1669//2467
f 1669//2468 1673//2468 1674//2468
f 1669//2469 1674//2469 1675//2469
f 1669//2470 1675//2470 1670//2470
f 1649//2471 1676//2471 1672//2471
f 1672//2472 1676//2472 1677//2472
f 1672//2473 1677//2473 1667//2473
f 1667//2474 1677//2474 1678//2474
f 1667//2475 1678//2475 1679//2475
f 1667//2476 1679//2476 1650//2476
f 1650//2477 1679//2477 1651//2477
f 1657//2478 1654//2478 1653//2478
f 1657//2479 1653//2479 1658//2479
f 1670//2480 1675//2480 1680//2480
f 1670//2481 1680//2481 1681//2481
f 1670//2482 1681//2482 1671//2482
f 1671//2483 1681//2483 1682//2483
f 1648//2484 1683//2484 1649//2484
f 1649//2485 1683//2485 1684//2485
f 1649//2486 1684//2486 1676//2486
f 1651//2487 1679//2487 1685//2487
f 1651//2488 1685//2488 1652//2488
f 1652//2489 1685//2489 1686//2489
f 1652//2490 1686//2490 1655//2490
f 1655//2491 1686//2491 1656//2491
f 1683//2492 1646//2492 1687//2492
f 1683//2493 1687//2493 1684//2493
f 1684//2494 1687//2494 1688//2494
f 1684//2495 1688//2495 1676//2495
f 1676//2496 1688//2496 1689//2496
f 1676//2497 1689//2497 1677//2497
f 1677//2498 1689//2498 1678//2498
f 1678//2499 1689//2499 1690//2499
f 1678//2500 1690//2500 1679//2500
f 1679//2501 1690//2501 1691//2501
f 1679//2502 1691//2502 1685//2502
f 1658//2503 1653//2503 1692//2503
f 1658//2504 1692//2504 1660//2504
f 1660//2505 1692//2505 1693//2505
f 1660//2506 1693//2506 1694//2506
f 1660//2507 1694//2507 1673//2507
f 1673//2508 1694//2508 1674//2508
f 1674//2509 1694//2509 1695//2509
f 1674//2510 1695//2510 1675//2510
f 1675//2511 1695//2511 1696//2511
f 1675//2512 1696//2512 1680//2512
f 1681//2513 1680//2513 1697//2513
f 1681//2514 1697//2514 1682//2514
f 1682//2515 1697//2515 1698//2515
f 1646//2516 1699//2516 1687//2516
f 1687//2517 1699//2517 1700//2517
f 1687//2518 1700//2518 1688//2518
f 1688//2519 1700//2519 1701//2519
f 1688//2520 1701//2520 1702//2520
f 1688//2521 1702//2521 1689//2521
f 1685//2522 1691//2522 1703//2522
f 1685//2523 1703//2523 1686//2523
f 1686//2524 1703//2524 1704//2524
f 1686//2525 1704//2525 1656//2525
f 1656//2526 1704//2526 1653//2526
f 1653//2527 1704//2527 1705//2527
f 1653//2528 1705//2528 1692//2528
f 1693//2529 1706//2529 1694//2529
f 1680//2530 1696//2530 1707//2530
f 1680//2531 1707//2531 1708//2531
f 1680//2532 1708//2532 1697//2532
f 1698//2533 1697//2533 1641//2533
f 1646//2534 1645//2534 1699//2534
f 1689//2535 1702//2535 1709//2535
f 1689//2536 1709//2536 1690//2536
f 1690//2537 1709//2537 1710//2537
f 1690//2538 1710//2538 1691//2538
f 1691//2539 1710//2539 1711//2539
f 1691//2540 1711//2540 1703//2540
f 1704//2541 1703//2541 1712//2541
f 1692//2542 1705//2542 1713//2542
f 1692//2543 1713//2543 1693//2543
f 1693//2544 1713//2544 1706//2544
f 1694//2545 1706//2545 1714//2545
f 1694//2546 1714//2546 1715//2546
f 1694//2547 1715//2547 1695//2547
f 1695//2548 1715//2548 1716//2548
f 1695//2549 1716//2549 1696//2549
f 1696//2550 1716//2550 1717//2550
f 1696//2551 1717//2551 1707//2551
f 1697//2552 1708//2552 1718//2552
f 1697//2553 1718//2553 1641//2553
f 1641//2554 1718//2554 1719//2554
f 1645//2555 1720//2555 1699//2555
f 1699//2556 1720//2556 1721//2556
f 1699//2557 1721//2557 1700//2557
f 1700//2558 1721//2558 1701//2558
f 1701//2559 1721//2559 1722//2559
f 1701//2560 1722//2560 1702//2560
f 1702//2561 1722//2561 1723//2561
f 1702//2562 1723//2562 1709//2562
f 1711//2563 1724//2563 1703//2563
f 1703//2564 1724//2564 1712//2564
f 1704//2565 1712//2565 1725//2565
f 1704//2566 1725//2566 1705//2566
f 1705//2567 1725//2567 1726//2567
f 1705//2568 1726//2568 1713//2568
f 1706//2569 1713//2569 1727//2569
f 1706//2570 1727//2570 1714//2570
f 1707//2571 1717//2571 1728//2571
f 1707//2572 1728//2572 1708//2572
f 1708//2573 1728//2573 1729//2573
f 1708//2574 1729//2574 1718//2574
f 1641//2575 1719//2575 1642//2575
f 1644//2576 1290//2576 1645//2576
f 1645//2577 1290//2577 1285//2577
f 1645//2578 1285//2578 1720//2578
f 1720//2579 1285//2579 1721//2579
f 1721//2580 1285//2580 1284//2580
f 1721//2581 1284//2581 1722//2581
f 1722//2582 1284//2582 1299//2582
f 1722//2583 1299//2583 1723//2583
f 1723//2584 1299//2584 1292//2584
f 1723//2585 1292//2585 1709//2585
f 1709//2586 1292//2586 1710//2586
f 1710//2587 1292//2587 1711//2587
f 1711//2588 1292//2588 1301//2588
f 1711//2589 1301//2589 1724//2589
f 1724//2590 1301//2590 1303//2590
f 1724//2591 1303//2591 1712//2591
f 1712//2592 1303//2592 1311//2592
f 1712//2593 1311//2593 1725//2593
f 1725//2594 1311//2594 1726//2594
f 1726//2595 1311//2595 1298//2595
f 1726//2596 1298//2596 1713//2596
f 1713//2597 1298//2597 1727//2597
f 1727//2598 1298//2598 1296//2598
f 1727//2599 1296//2599 1714//2599
f 1714//2600 1296//2600 1715//2600
f 1715//2601 1296//2601 1305//2601
f 1715//2602 1305//2602 1716//2602
f 1716//2603 1305//2603 1717//2603
f 1717//2604 1305//2604 1307//2604
f 1717//2605 1307//2605 1728//2605
f 1728//2606 1307//2606 1309//2606
f 1728//2607 1309//2607 1729//2607
f 1729//2608 1309//2608 1718//2608
f 1718//2609 1309//2609 1719//2609
f 1719//2610 1309//2610 1275//2610
f 1719//2611 1275//2611 1642//2611
f 1642//2612 1275//2612 1278//2612
f 1642//2613 1278//2613 1640//2613
f 1640//2614 1278//2614 1277//2614
f 1730//2615 1498//2615 1731//2615
f 1732//2616 1733//2616 1734//2616
f 1498//2617 1735//2617 1736//2617
f 1498//2618 1736//2618 1506//2618
f 1736//2619 1737//2619 1506//2619
f 1506//2620 1737//2620 1738//2620
f 1730//2621 1739//2621 1498//2621
f 1506//2622 1738//2622 1740//2622
f 1506//2623 1740//2623 1732//2623
f 1732//2624 1734//2624 1731//2624
f 1731//2625 1734//2625 1741//2625
f 1739//2626 1735//2626 1498//2626
f 1740//2627 1733//2627 1732//2627
f 1731//2628 1741//2628 1730//2628
f 1502//2629 1503//2629 1742//2629
f 1742//2630 1503//2630 1743//2630
f 1744//2631 1745//2631 1508//2631
f 1508//2632 1745//2632 1507//2632
f 1509//2633 1510//2633 1746//2633
f 1746//2634 1510//2634 1747//2634
f 1731//1586 1746//1586 1732//1586
f 1743//1586 1747//1586 1742//1586
f 1742//1586 1747//1586 1748//1586
f 1749//1586 1750//1586 1747//1586
f 1750//1586 1748//1586 1747//1586
f 1746//1586 1731//1586 1751//1586
f 1752//1586 1732//1586 1744//1586
f 1744//1586 1753//1586 1752//1586
f 1753//1586 1754//1586 1755//1586
f 1754//1586 1753//1586 1744//1586
f 1751//1586 1756//1586 1757//1586
f 1746//1586 1751//1586 1757//1586
f 1744//1586 1732//1586 1746//1586
f 1744//1586 1746//1586 1747//1586
f 1743//1586 1745//1586 1744//1586
f 1743//1586 1744//1586 1747//1586
f 1756//1586 1758//1586 1757//1586
f 1756//1586 1759//1586 1758//1586
f 1745//1586 1743//1586 1760//1586
f 1745//1586 1760//1586 1761//1586
f 1745//1586 1761//1586 1762//1586
f 1763//2635 1764//2635 1765//2635
f 1765//2636 1764//2636 1766//2636
f 1767//2637 1764//2637 1763//2637
f 1765//2638 1766//2638 1768//2638
f 1134//2639 1769//2639 1770//2639
f 1134//2640 1770//2640 1133//2640
f 1763//2641 1771//2641 1767//2641
f 1772//2642 1769//2642 1134//2642
f 1770//2643 1773//2643 1133//2643
f 1765//2644 1768//2644 1134//2644
f 1134//2645 1768//2645 1772//2645
f 1133//2646 1773//2646 1774//2646
f 1133//2647 1774//2647 1771//2647
f 1133//2648 1771//2648 1763//2648
f 1137//2649 1138//2649 1775//2649
f 1775//2650 1138//2650 1776//2650
f 1777//2651 1778//2651 1125//2651
f 1125//2652 1778//2652 1126//2652
f 1136//2653 1135//2653 1779//2653
f 1779//2654 1135//2654 1780//2654
f 1779//1588 1776//1588 1781//1588
f 1781//1588 1776//1588 1782//1588
f 1783//1588 1784//1588 1781//1588
f 1775//1588 1777//1588 1785//1588
f 1785//1588 1777//1588 1786//1588
f 1786//1588 1787//1588 1785//1588
f 1782//1588 1783//1588 1781//1588
f 1784//1588 1788//1588 1781//1588
f 1778//1588 1789//1588 1790//1588
f 1780//1588 1763//1588 1765//1588
f 1780//1588 1791//1588 1763//1588
f 1778//1588 1790//1588 1792//1588
f 1778//1588 1792//1588 1793//1588
f 1789//1588 1778//1588 1765//1588
f 1765//1588 1778//1588 1775//1588
f 1775//1588 1778//1588 1777//1588
f 1793//1588 1794//1588 1778//1588
f 1776//1588 1779//1588 1780//1588
f 1765//1588 1775//1588 1776//1588
f 1765//1588 1776//1588 1780//1588
f 1795//1588 1780//1588 1796//1588
f 1796//1588 1797//1588 1795//1588
f 1795//1588 1791//1588 1780//1588
f 1464//2655 1463//2655 1798//2655
f 1798//2656 1463//2656 1799//2656
f 1798//2657 1799//2657 1800//2657
f 1800//2658 1799//2658 1801//2658
f 1802//2659 1803//2659 1801//2659
f 1801//2660 1803//2660 1800//2660
f 1804//2661 1805//2661 1806//2661
f 1806//2662 1805//2662 1807//2662
f 1806//2663 1807//2663 1808//2663
f 1806//2664 1808//2664 1802//2664
f 1802//2665 1808//2665 1803//2665
f 1805//2666 1804//2666 1809//2666
f 1805//2667 1809//2667 1810//2667
f 1810//2668 1809//2668 1811//2668
f 1810//2669 1811//2669 1812//2669
f 1812//2670 1811//2670 1471//2670
f 1471//2671 1472//2671 1812//2671
f 1470//2672 1813//2672 1468//2672
f 1814//2673 1815//2673 1816//2673
f 1816//2674 1815//2674 1817//2674
f 1816//2675 1817//2675 1818//2675
f 1818//2676 1817//2676 1470//2676
f 1470//2677 1817//2677 1813//2677
f 1819//2678 1820//2678 1821//2678
f 1821//2679 1820//2679 1822//2679
f 1821//2680 1822//2680 1823//2680
f 1823//2681 1822//2681 1824//2681
f 1823//2682 1824//2682 1825//2682
f 1825//2683 1824//2683 1814//2683
f 1814//2684 1824//2684 1815//2684
f 1826//2685 1827//2685 1828//2685
f 1828//2686 1827//2686 1820//2686
f 1828//2687 1820//2687 1819//2687
f 1474//2688 1473//2688 1827//2688
f 1474//2689 1827//2689 1826//2689
f 1121//2690 1536//2690 1829//2690
f 1121//2691 1829//2691 1830//2691
f 1121//2692 1830//2692 1119//2692
f 1113//2693 1119//2693 1831//2693
f 1831//2694 1119//2694 1830//2694
f 1429//2695 1113//2695 1831//2695
f 1277//2696 1154//2696 1443//2696
f 1443//2697 1430//2697 1832//2697
f 1430//2698 1429//2698 1833//2698
f 1833//2699 1429//2699 1831//2699
f 1832//2700 1430//2700 1834//2700
f 1834//2701 1430//2701 1833//2701
f 1833//2702 1831//2702 1830//2702
f 1640//2703 1443//2703 1832//2703
f 1835//2704 1832//2704 1834//2704
f 1835//2705 1834//2705 1836//2705
f 1836//2706 1834//2706 1837//2706
f 1837//2707 1834//2707 1833//2707
f 1837//2708 1833//2708 1830//2708
f 1640//2709 1832//2709 1835//2709
f 1277//2710 1443//2710 1640//2710
f 1698//2711 1835//2711 1836//2711
f 1838//2712 1836//2712 1837//2712
f 1838//2713 1837//2713 1665//2713
f 1665//2714 1837//2714 1830//2714
f 1665//2715 1830//2715 1829//2715
f 1640//2716 1835//2716 1641//2716
f 1641//2717 1835//2717 1698//2717
f 1698//2718 1836//2718 1682//2718
f 1682//2719 1836//2719 1838//2719
f 1671//2720 1838//2720 1665//2720
f 1682//2721 1838//2721 1671//2721
f 1665//2722 1829//2722 1536//2722
f 1111//2723 1436//2723 1118//2723
f 1118//2724 1436//2724 1839//2724
f 1118//2725 1839//2725 1840//2725
f 1118//2726 1840//2726 1117//2726
f 1117//2727 1840//2727 1841//2727
f 1117//2728 1841//2728 1103//2728
f 1103//2729 1841//2729 1150//2729
f 1573//2730 1574//2730 1842//2730
f 1842//2731 1574//2731 1595//2731
f 1558//2732 1567//2732 1842//2732
f 1842//2733 1567//2733 1573//2733
f 1842//2734 1595//2734 1843//2734
f 1843//2735 1595//2735 1559//2735
f 1559//2736 1150//2736 1841//2736
f 1558//2737 1842//2737 1844//2737
f 1844//2738 1842//2738 1843//2738
f 1843//2739 1559//2739 1845//2739
f 1845//2740 1559//2740 1841//2740
f 1557//2741 1558//2741 1844//2741
f 1844//2742 1843//2742 1846//2742
f 1846//2743 1843//2743 1845//2743
f 1845//2744 1841//2744 1840//2744
f 1557//2745 1844//2745 1847//2745
f 1847//2746 1844//2746 1846//2746
f 1444//2747 1557//2747 1847//2747
f 1847//2748 1846//2748 1848//2748
f 1848//2749 1846//2749 1845//2749
f 1848//2750 1845//2750 1840//2750
f 1848//2751 1840//2751 1839//2751
f 1444//2752 1847//2752 1442//2752
f 1442//2753 1847//2753 1848//2753
f 1442//2754 1848//2754 1436//2754
f 1436//2755 1848//2755 1839//2755
f 1153//2756 1263//2756 1557//2756
f 1153//2757 1557//2757 1444//2757
f 1478//2758 1542//2758 1849//2758
f 1478//2759 1849//2759 1486//2759
f 1486//2760 1849//2760 1850//2760
f 1483//2761 1486//2761 1851//2761
f 1851//2762 1486//2762 1850//2762
f 1511//2763 1483//2763 1851//2763
f 1528//2764 1512//2764 1852//2764
f 1512//2765 1511//2765 1853//2765
f 1853//2766 1511//2766 1851//2766
f 1852//2767 1512//2767 1854//2767
f 1854//2768 1512//2768 1853//2768
f 1853//2769 1851//2769 1850//2769
f 1556//2770 1528//2770 1852//2770
f 1855//2771 1852//2771 1854//2771
f 1855//2772 1854//2772 1856//2772
f 1856//2773 1854//2773 1857//2773
f 1857//2774 1854//2774 1853//2774
f 1857//2775 1853//2775 1850//2775
f 1258//2776 1165//2776 1528//2776
f 1556//2777 1852//2777 1855//2777
f 1857//2778 1850//2778 1849//2778
f 1258//2779 1528//2779 1556//2779
f 1553//2780 1855//2780 1856//2780
f 1858//2781 1856//2781 1857//2781
f 1858//2782 1857//2782 1613//2782
f 1613//2783 1857//2783 1849//2783
f 1556//2784 1855//2784 1555//2784
f 1555//2785 1855//2785 1553//2785
f 1553//2786 1856//2786 1581//2786
f 1581//2787 1856//2787 1858//2787
f 1590//2788 1858//2788 1613//2788
f 1613//2789 1849//2789 1542//2789
f 1581//2790 1858//2790 1590//2790
f 1495//2791 1520//2791 1497//2791
f 1497//2792 1520//2792 1859//2792
f 1497//2793 1859//2793 1860//2793
f 1497//2794 1860//2794 1501//2794
f 1501//2795 1860//2795 1861//2795
f 1501//2796 1861//2796 1143//2796
f 1143//2797 1861//2797 1144//2797
f 1646//2798 1683//2798 1862//2798
f 1862//2799 1683//2799 1648//2799
f 1648//2800 1647//2800 1863//2800
f 1863//2801 1647//2801 1663//2801
f 1863//2802 1663//2802 1144//2802
f 1644//2803 1646//2803 1862//2803
f 1862//2804 1648//2804 1864//2804
f 1864//2805 1648//2805 1863//2805
f 1863//2806 1144//2806 1861//2806
f 1644//2807 1862//2807 1865//2807
f 1865//2808 1862//2808 1864//2808
f 1864//2809 1863//2809 1866//2809
f 1866//2810 1863//2810 1861//2810
f 1643//2811 1644//2811 1865//2811
f 1865//2812 1864//2812 1867//2812
f 1867//2813 1864//2813 1866//2813
f 1866//2814 1861//2814 1860//2814
f 1643//2815 1865//2815 1868//2815
f 1868//2816 1865//2816 1867//2816
f 1530//2817 1643//2817 1868//2817
f 1868//2818 1867//2818 1869//2818
f 1869//2819 1867//2819 1866//2819
f 1869//2820 1866//2820 1860//2820
f 1869//2821 1860//2821 1859//2821
f 1530//2822 1868//2822 1529//2822
f 1529//2823 1868//2823 1869//2823
f 1529//2824 1869//2824 1520//2824
f 1520//2825 1869//2825 1859//2825
f 1164//2826 1290//2826 1643//2826
f 1164//2827 1643//2827 1530//2827
f 1123//2828 1446//2828 1870//2828
f 1123//2829 1870//2829 1127//2829
f 1127//2830 1870//2830 1871//2830
f 1127//2831 1871//2831 1872//2831
f 1127//2832 1872//2832 1132//2832
f 1132//2833 1872//2833 1531//2833
f 1448//2834 1447//2834 1873//2834
f 1873//2835 1447//2835 1505//2835
f 1873//2836 1505//2836 1874//2836
f 1874//2837 1505//2837 1141//2837
f 1874//2838 1141//2838 1875//2838
f 1875//2839 1141//2839 1140//2839
f 1098//2840 1106//2840 1876//2840
f 1876//2841 1106//2841 1108//2841
f 1876//2842 1108//2842 1877//2842
f 1877//2843 1108//2843 1101//2843
f 1877//2844 1101//2844 1878//2844
f 1878//2845 1101//2845 1148//2845
f 1462//2846 1095//2846 1879//2846
f 1462//2847 1879//2847 1880//2847
f 1462//2848 1880//2848 1492//2848
f 1492//2849 1880//2849 1881//2849
f 1492//2850 1881//2850 1491//2850
f 1491//2851 1881//2851 1537//2851
f 1882//2852 1650//2852 1468//2852
f 1815//2853 1883//2853 1817//2853
f 1817//2854 1883//2854 1882//2854
f 1817//2855 1882//2855 1813//2855
f 1813//2856 1882//2856 1468//2856
f 1883//2857 1662//2857 1668//2857
f 1883//2858 1668//2858 1882//2858
f 1882//2859 1668//2859 1650//2859
f 1827//2860 1884//2860 1820//2860
f 1885//2861 1145//2861 1886//2861
f 1885//2862 1886//2862 1822//2862
f 1822//2863 1886//2863 1824//2863
f 1827//2864 1473//2864 1887//2864
f 1139//2865 1142//2865 1887//2865
f 1887//2866 1142//2866 1884//2866
f 1887//2867 1884//2867 1827//2867
f 1885//2868 1820//2868 1884//2868
f 1885//2869 1884//2869 1145//2869
f 1145//2870 1884//2870 1142//2870
f 1820//2871 1885//2871 1822//2871
f 1886//2872 1145//2872 1146//2872
f 1146//2873 1662//2873 1886//2873
f 1886//2874 1662//2874 1883//2874
f 1886//2875 1883//2875 1824//2875
f 1824//2876 1883//2876 1815//2876
f 1654//2877 1659//2877 1472//2877
f 1659//2878 1654//2878 1657//2878
f 1654//2879 1469//2879 1655//2879
f 1655//2880 1469//2880 1652//2880
f 1469//2881 1654//2881 1472//2881
f 1469//2882 1468//2882 1652//2882
f 1652//2883 1468//2883 1650//2883
f 1473//2884 1475//2884 1888//2884
f 1473//2885 1888//2885 1889//2885
f 1473//2886 1889//2886 1887//2886
f 1887//2887 1889//2887 1140//2887
f 1887//2888 1140//2888 1139//2888
f 1637//2889 1534//2889 1890//2889
f 1638//2890 1637//2890 1891//2890
f 1891//2891 1637//2891 1890//2891
f 1812//2892 1638//2892 1891//2892
f 1472//2893 1659//2893 1638//2893
f 1472//2894 1638//2894 1812//2894
f 1812//2895 1891//2895 1810//2895
f 1810//2896 1891//2896 1890//2896
f 1810//2897 1890//2897 1805//2897
f 1448//2898 1873//2898 1892//2898
f 1477//2899 1892//2899 1475//2899
f 1892//2900 1873//2900 1893//2900
f 1892//2901 1893//2901 1475//2901
f 1873//2902 1874//2902 1893//2902
f 1874//2903 1875//2903 1893//2903
f 1893//2904 1875//2904 1889//2904
f 1893//2905 1889//2905 1888//2905
f 1893//2906 1888//2906 1475//2906
f 1875//2907 1140//2907 1889//2907
f 1807//2908 1894//2908 1808//2908
f 1895//2909 1533//2909 1803//2909
f 1533//2910 1532//2910 1896//2910
f 1800//2911 1896//2911 1798//2911
f 1890//2912 1534//2912 1894//2912
f 1890//2913 1894//2913 1805//2913
f 1805//2914 1894//2914 1807//2914
f 1895//2915 1808//2915 1894//2915
f 1895//2916 1894//2916 1533//2916
f 1533//2917 1894//2917 1534//2917
f 1895//2918 1803//2918 1808//2918
f 1896//2919 1800//2919 1803//2919
f 1896//2920 1803//2920 1533//2920
f 1896//2921 1532//2921 1897//2921
f 1896//2922 1897//2922 1798//2922
f 1798//2923 1897//2923 1464//2923
f 1477//2924 1476//2924 1898//2924
f 1477//2925 1898//2925 1892//2925
f 1892//2926 1898//2926 1448//2926
f 1898//2927 1449//2927 1448//2927
f 1466//2928 1464//2928 1899//2928
f 1899//2929 1464//2929 1897//2929
f 1899//2930 1897//2930 1532//2930
f 1899//2931 1532//2931 1531//2931
f 1537//2932 1881//2932 1900//2932
f 1059//2933 1900//2933 1060//2933
f 1881//2934 1880//2934 1900//2934
f 1900//2935 1880//2935 1901//2935
f 1900//2936 1901//2936 1060//2936
f 1060//2937 1901//2937 1902//2937
f 1880//2938 1879//2938 1901//2938
f 1901//2939 1879//2939 1902//2939
f 1060//2940 1902//2940 1057//2940
f 1879//2941 1095//2941 1902//2941
f 1902//2942 1095//2942 1093//2942
f 1902//2943 1093//2943 1057//2943
f 1531//2944 1872//2944 1899//2944
f 1899//2945 1872//2945 1903//2945
f 1899//2946 1903//2946 1466//2946
f 1872//2947 1871//2947 1903//2947
f 1903//2948 1871//2948 1904//2948
f 1903//2949 1904//2949 1905//2949
f 1903//2950 1905//2950 1466//2950
f 1871//2951 1870//2951 1904//2951
f 1904//2952 1870//2952 1905//2952
f 1466//2953 1905//2953 1467//2953
f 1870//2954 1446//2954 1905//2954
f 1905//2955 1446//2955 1906//2955
f 1905//2956 1906//2956 1467//2956
f 1059//2957 1058//2957 1907//2957
f 1059//2958 1907//2958 1900//2958
f 1900//2959 1907//2959 1537//2959
f 1537//2960 1907//2960 1538//2960
f 1446//2961 1445//2961 1908//2961
f 1446//2962 1908//2962 1906//2962
f 1908//2963 1465//2963 1906//2963
f 1906//2964 1465//2964 1467//2964
f 1077//2965 1907//2965 1058//2965
f 1077//2966 1079//2966 1907//2966
f 1907//2967 1079//2967 1909//2967
f 1907//2968 1909//2968 1538//2968
f 1538//2969 1909//2969 1910//2969
f 1538//2970 1910//2970 1539//2970
f 1079//2971 1081//2971 1909//2971
f 1909//2972 1081//2972 1910//2972
f 1081//2973 1083//2973 1910//2973
f 1910//2974 1083//2974 1911//2974
f 1910//2975 1911//2975 1539//2975
f 1083//2976 1085//2976 1911//2976
f 1085//2977 1087//2977 1911//2977
f 1911//2978 1087//2978 1912//2978
f 1911//2979 1912//2979 1540//2979
f 1911//2980 1540//2980 1539//2980
f 1098//2981 1876//2981 1100//2981
f 1100//2982 1876//2982 1913//2982
f 1100//2983 1913//2983 1049//2983
f 1876//2984 1877//2984 1913//2984
f 1877//2985 1878//2985 1913//2985
f 1913//2986 1878//2986 1914//2986
f 1913//2987 1914//2987 1047//2987
f 1913//2988 1047//2988 1049//2988
f 1878//2989 1148//2989 1914//2989
f 1603//2990 1551//2990 1912//2990
f 1912//2991 1551//2991 1540//2991
f 1092//2992 1603//2992 1912//2992
f 1054//2993 1565//2993 1603//2993
f 1054//2994 1603//2994 1092//2994
f 1092//2995 1912//2995 1090//2995
f 1090//2996 1912//2996 1087//2996
f 1045//2997 1047//2997 1914//2997
f 1045//2998 1914//2998 1915//2998
f 1915//2999 1914//2999 1148//2999
f 1915//3000 1148//3000 1147//3000
f 1598//3001 1565//3001 1054//3001
f 1565//3002 1598//3002 1566//3002
f 1598//3003 1051//3003 1597//3003
f 1597//3004 1051//3004 1563//3004
f 1051//3005 1598//3005 1054//3005
f 1051//3006 1050//3006 1563//3006
f 1563//3007 1050//3007 1561//3007
f 1063//3008 1072//3008 1916//3008
f 1916//3009 1072//3009 1917//3009
f 1916//3010 1917//3010 1152//3010
f 1072//3011 1070//3011 1917//3011
f 1917//3012 1070//3012 1918//3012
f 1917//3013 1918//3013 1152//3013
f 1152//3014 1918//3014 1149//3014
f 1070//3015 1068//3015 1918//3015
f 1918//3016 1068//3016 1919//3016
f 1918//3017 1919//3017 1149//3017
f 1068//3018 1075//3018 1919//3018
f 1919//3019 1075//3019 1915//3019
f 1919//3020 1915//3020 1147//3020
f 1919//3021 1147//3021 1149//3021
f 1075//3022 1045//3022 1915//3022
f 1920//3023 1561//3023 1050//3023
f 1063//3024 1916//3024 1065//3024
f 1065//3025 1916//3025 1920//3025
f 1065//3026 1920//3026 1061//3026
f 1061//3027 1920//3027 1050//3027
f 1152//3028 1607//3028 1916//3028
f 1916//3029 1607//3029 1920//3029
f 1920//3030 1607//3030 1561//3030
f 1921//3031 1922//3031 1923//3031
f 1924//3032 1922//3032 1925//3032
f 1926//3033 1927//3033 1928//3033
f 1929//3034 1930//3034 1927//3034
f 1931//3035 1932//3035 1933//3035
f 1934//3036 1932//3036 1935//3036
f 1387//3037 1389//3037 1936//3037
f 1387//3038 1936//3038 1388//3038
f 1386//3039 1388//3039 1937//3039
f 1386//3040 1937//3040 1384//3040
f 1382//3041 1383//3041 1921//3041
f 1382//3042 1921//3042 1381//3042
f 1381//3043 1938//3043 1379//3043
f 1378//3044 1380//3044 1939//3044
f 1378//3045 1939//3045 1376//3045
f 1374//3046 1375//3046 1940//3046
f 1374//3047 1940//3047 1405//3047
f 1404//3048 1406//3048 1931//3048
f 1404//3049 1931//3049 1403//3049
f 1403//3050 1941//3050 1401//3050
f 1398//3051 1400//3051 1942//3051
f 1398//3052 1942//3052 1399//3052
f 1395//3053 1397//3053 1943//3053
f 1395//3054 1943//3054 1396//3054
f 1393//3055 1394//3055 1926//3055
f 1393//3056 1926//3056 1392//3056
f 1392//3057 1944//3057 1390//3057
f 1381//3058 1921//3058 1923//3058
f 1381//3059 1923//3059 1938//3059
f 1403//3060 1931//3060 1933//3060
f 1403//3061 1933//3061 1941//3061
f 1392//3062 1926//3062 1928//3062
f 1392//3063 1928//3063 1944//3063
f 1933//3064 1945//3064 1941//3064
f 1941//3065 1945//3065 1946//3065
f 1941//3066 1946//3066 1401//3066
f 1401//3067 1946//3067 1402//3067
f 1402//3068 1946//3068 1947//3068
f 1402//3069 1947//3069 1400//3069
f 1400//3070 1947//3070 1948//3070
f 1400//3071 1948//3071 1942//3071
f 1942//3072 1948//3072 1949//3072
f 1942//3073 1949//3073 1399//3073
f 1399//3074 1949//3074 1950//3074
f 1399//3075 1950//3075 1397//3075
f 1397//3076 1950//3076 1943//3076
f 1943//3077 1950//3077 1951//3077
f 1943//3078 1951//3078 1952//3078
f 1943//3079 1952//3079 1396//3079
f 1396//3080 1952//3080 1394//3080
f 1394//3081 1952//3081 1929//3081
f 1394//3082 1929//3082 1926//3082
f 1926//3083 1929//3083 1927//3083
f 1938//3084 1923//3084 1953//3084
f 1938//3085 1953//3085 1379//3085
f 1379//3086 1953//3086 1380//3086
f 1380//3087 1953//3087 1954//3087
f 1380//3088 1954//3088 1939//3088
f 1939//3089 1954//3089 1955//3089
f 1939//3090 1955//3090 1376//3090
f 1376//3091 1955//3091 1956//3091
f 1376//3092 1956//3092 1377//3092
f 1377//3093 1956//3093 1375//3093
f 1375//3094 1956//3094 1957//3094
f 1375//3095 1957//3095 1940//3095
f 1940//3096 1957//3096 1958//3096
f 1940//3097 1958//3097 1405//3097
f 1405//3098 1958//3098 1406//3098
f 1406//3099 1958//3099 1935//3099
f 1406//3100 1935//3100 1931//3100
f 1931//3101 1935//3101 1932//3101
f 1928//3102 1959//3102 1944//3102
f 1944//3103 1959//3103 1960//3103
f 1944//3104 1960//3104 1390//3104
f 1390//3105 1960//3105 1391//3105
f 1391//3106 1960//3106 1961//3106
f 1391//3107 1961//3107 1389//3107
f 1389//3108 1961//3108 1936//3108
f 1936//3109 1961//3109 1962//3109
f 1936//3110 1962//3110 1963//3110
f 1936//3111 1963//3111 1388//3111
f 1388//3112 1963//3112 1937//3112
f 1937//3113 1963//3113 1964//3113
f 1937//3114 1964//3114 1384//3114
f 1384//3115 1964//3115 1965//3115
f 1384//3116 1965//3116 1385//3116
f 1385//3117 1965//3117 1383//3117
f 1383//3118 1965//3118 1925//3118
f 1383//3119 1925//3119 1921//3119
f 1921//3120 1925//3120 1922//3120
f 1923//3121 1966//3121 1953//3121
f 1946//3122 1945//3122 1967//3122
f 1946//3123 1967//3123 1947//3123
f 1948//3124 1947//3124 1968//3124
f 1948//3125 1968//3125 1949//3125
f 1949//3126 1968//3126 1950//3126
f 1950//3127 1968//3127 1951//3127
f 1953//3128 1966//3128 1969//3128
f 1953//3129 1969//3129 1954//3129
f 1954//3130 1969//3130 1970//3130
f 1954//3131 1970//3131 1955//3131
f 1955//3132 1970//3132 1956//3132
f 1956//3133 1970//3133 1971//3133
f 1956//3134 1971//3134 1957//3134
f 1957//3135 1971//3135 1972//3135
f 1957//3136 1972//3136 1958//3136
f 1958//3137 1972//3137 1973//3137
f 1958//3138 1973//3138 1935//3138
f 1935//3139 1973//3139 1934//3139
f 1960//3140 1959//3140 1974//3140
f 1960//3141 1974//3141 1961//3141
f 1961//3142 1974//3142 1962//3142
f 1963//3143 1962//3143 1975//3143
f 1963//3144 1975//3144 1964//3144
f 1964//3145 1975//3145 1976//3145
f 1964//3146 1976//3146 1965//3146
f 1965//3147 1976//3147 1977//3147
f 1965//3148 1977//3148 1925//3148
f 1925//3149 1977//3149 1924//3149
f 1945//3150 1978//3150 1967//3150
f 1947//3151 1967//3151 1979//3151
f 1947//3152 1979//3152 1968//3152
f 1951//3153 1968//3153 1980//3153
f 1951//3154 1980//3154 1952//3154
f 1952//3155 1980//3155 1981//3155
f 1952//3156 1981//3156 1929//3156
f 1929//3157 1981//3157 1930//3157
f 1966//3158 1982//3158 1969//3158
f 1934//3159 1973//3159 1983//3159
f 1959//3160 1984//3160 1974//3160
f 1962//3161 1974//3161 1985//3161
f 1962//3162 1985//3162 1975//3162
f 1977//3163 1986//3163 1924//3163
f 1924//3164 1986//3164 1987//3164
f 1967//3165 1978//3165 1979//3165
f 1968//3166 1979//3166 1424//3166
f 1968//3167 1424//3167 1980//3167
f 1969//3168 1982//3168 1411//3168
f 1969//3169 1411//3169 1970//3169
f 1971//3170 1970//3170 1418//3170
f 1971//3171 1418//3171 1972//3171
f 1972//3172 1418//3172 1988//3172
f 1972//3173 1988//3173 1973//3173
f 1973//3174 1988//3174 1983//3174
f 1974//3175 1984//3175 1985//3175
f 1976//3176 1975//3176 1415//3176
f 1976//3177 1415//3177 1977//3177
f 1977//3178 1415//3178 1986//3178
f 1978//3179 1421//3179 1979//3179
f 1980//3180 1424//3180 1423//3180
f 1980//3181 1423//3181 1981//3181
f 1981//3182 1423//3182 1930//3182
f 1930//3183 1423//3183 1422//3183
f 1982//3184 1412//3184 1411//3184
f 1970//3185 1411//3185 1418//3185
f 1983//3186 1988//3186 1413//3186
f 1985//3187 1407//3187 1975//3187
f 1975//3188 1407//3188 1415//3188
f 1986//3189 1415//3189 1987//3189
f 1987//3190 1415//3190 1419//3190
f 1979//3191 1421//3191 1424//3191
f 1988//3192 1418//3192 1413//3192
f 1984//3193 1408//3193 1985//3193
f 1985//3194 1408//3194 1407//3194
f 1255//3195 1168//3195 1214//3195
f 1214//3196 1168//3196 1169//3196
f 1214//3197 1169//3197 1215//3197
f 1215//3198 1169//3198 1170//3198
f 1215//3199 1170//3199 1217//3199
f 1217//3200 1170//3200 1219//3200
f 1219//3201 1170//3201 1171//3201
f 1219//3202 1171//3202 1221//3202
f 1221//3203 1171//3203 1177//3203
f 1221//3204 1177//3204 1223//3204
f 1223//3205 1177//3205 1176//3205
f 1223//3206 1176//3206 1225//3206
f 1225//3207 1176//3207 1227//3207
f 1227//3208 1176//3208 1180//3208
f 1227//3209 1180//3209 1229//3209
f 1229//3210 1180//3210 1231//3210
f 1231//3211 1180//3211 1181//3211
f 1231//3212 1181//3212 1233//3212
f 1233//3213 1181//3213 1182//3213
f 1233//3214 1182//3214 1236//3214
f 1236//3215 1182//3215 1184//3215
f 1236//3216 1184//3216 1237//3216
f 1237//3217 1184//3217 1183//3217
f 1237//3218 1183//3218 1239//3218
f 1239//3219 1183//3219 1241//3219
f 1241//3220 1183//3220 1166//3220
f 1241//3221 1166//3221 1243//3221
f 1243//3222 1166//3222 1193//3222
f 1243//3223 1193//3223 1245//3223
f 1245//3224 1193//3224 1247//3224
f 1247//3225 1193//3225 1195//3225
f 1247//3226 1195//3226 1203//3226
f 1247//3227 1203//3227 1249//3227
f 1249//3228 1203//3228 1205//3228
f 1249//3229 1205//3229 1251//3229
f 1251//3230 1205//3230 1253//3230
f 1253//3231 1205//3231 1196//3231
f 1253//3232 1196//3232 1255//3232
f 1255//3233 1196//3233 1168//3233
f 1323//3234 1344//3234 1342//3234
f 1323//3235 1342//3235 1322//3235
f 1322//3236 1342//3236 1340//3236
f 1322//3237 1340//3237 1321//3237
f 1321//3238 1340//3238 1320//3238
f 1320//3239 1340//3239 1337//3239
f 1320//3240 1337//3240 1319//3240
f 1319//3241 1337//3241 1335//3241
f 1319//3242 1335//3242 1318//3242
f 1318//3243 1335//3243 1317//3243
f 1317//3244 1335//3244 1371//3244
f 1317//3245 1371//3245 1316//3245
f 1316//3246 1371//3246 1369//3246
f 1316//3247 1369//3247 1315//3247
f 1315//3248 1369//3248 1314//3248
f 1314//3249 1369//3249 1367//3249
f 1314//3250 1367//3250 1313//3250
f 1313//3251 1367//3251 1364//3251
f 1313//3252 1364//3252 1312//3252
f 1312//3253 1364//3253 1362//3253
f 1312//3254 1362//3254 1333//3254
f 1333//3255 1362//3255 1360//3255
f 1333//3256 1360//3256 1332//3256
f 1332//3257 1360//3257 1331//3257
f 1331//3258 1360//3258 1357//3258
f 1331//3259 1357//3259 1330//3259
f 1330//3260 1357//3260 1354//3260
f 1330//3261 1354//3261 1329//3261
f 1329//3262 1354//3262 1328//3262
f 1328//3263 1354//3263 1351//3263
f 1328//3264 1351//3264 1327//3264
f 1327//3265 1351//3265 1349//3265
f 1327//3266 1349//3266 1326//3266
f 1326//3267 1349//3267 1325//3267
f 1325//3268 1349//3268 1347//3268
f 1325//3269 1347//3269 1324//3269
f 1324//3270 1347//3270 1344//3270
f 1324//3271 1344//3271 1323//3271
f 1989//3272 1771//3272 1990//3272
f 1990//3273 1771//3273 1774//3273
f 1990//3274 1774//3274 1991//3274
f 1991//3275 1774//3275 1773//3275
f 1991//3276 1773//3276 1992//3276
f 1992//3277 1773//3277 1770//3277
f 1992//3278 1770//3278 1993//3278
f 1993//3279 1770//3279 1769//3279
f 1993//3280 1769//3280 1994//3280
f 1994//3281 1769//3281 1772//3281
f 1994//3282 1772//3282 1995//3282
f 1995//3283 1772//3283 1768//3283
f 1995//3284 1768//3284 1996//3284
f 1996//3285 1768//3285 1766//3285
f 1996//3286 1766//3286 1997//3286
f 1997//3287 1766//3287 1764//3287
f 1997//3288 1764//3288 1998//3288
f 1998//3289 1764//3289 1767//3289
f 1998//3290 1767//3290 1771//3290
f 1998//3291 1771//3291 1989//3291
f 1999//3292 1730//3292 2000//3292
f 2000//3293 1730//3293 1741//3293
f 2000//3294 1741//3294 2001//3294
f 2001//3295 1741//3295 1734//3295
f 2001//3296 1734//3296 2002//3296
f 2002//3297 1734//3297 1733//3297
f 2002//3298 1733//3298 1740//3298
f 2002//3299 1740//3299 2003//3299
f 2003//3300 1740//3300 2004//3300
f 2004//3301 1740//3301 1738//3301
f 2004//3302 1738//3302 2005//3302
f 2005//3303 1738//3303 1737//3303
f 2005//3304 1737//3304 2006//3304
f 2006//3305 1737//3305 1736//3305
f 2006//3306 1736//3306 2007//3306
f 2007//3307 1736//3307 1735//3307
f 2007//3308 1735//3308 2008//3308
f 2008//3309 1735//3309 1739//3309
f 2008//3310 1739//3310 1999//3310
f 1999//3311 1739//3311 1730//3311
f 2009//3312 1525//3312 2010//3312
f 2011//3313 1518//3313 2012//3313
f 2012//3314 1518//3314 1526//3314
f 2012//3315 1526//3315 2013//3315
f 2013//3316 1526//3316 1517//3316
f 2013//3317 1517//3317 2014//3317
f 2014//3318 1517//3318 1516//3318
f 2014//3319 1516//3319 2009//3319
f 2009//3320 1516//3320 1525//3320
f 2011//3321 1519//3321 1518//3321
f 2015//3322 1519//3322 2011//3322
f 2015//3323 1521//3323 1519//3323
f 2016//3324 1521//3324 2015//3324
f 2016//3325 1522//3325 1521//3325
f 2017//3326 1522//3326 2016//3326
f 2017//3327 1513//3327 1522//3327
f 2017//3328 2018//3328 1513//3328
f 1513//3329 2018//3329 1523//3329
f 1523//3330 2018//3330 2019//3330
f 1523//3331 2019//3331 1527//3331
f 1527//3332 2019//3332 2020//3332
f 1527//3333 2020//3333 1514//3333
f 1514//3334 2020//3334 2021//3334
f 1514//3335 2021//3335 1515//3335
f 2022//3336 1515//3336 2021//3336
f 2022//3337 1524//3337 1515//3337
f 2010//3338 1525//3338 2022//3338
f 2022//3339 1525//3339 1524//3339
f 1999//1587 2012//1587 2013//1587
f 1999//1587 2013//1587 2008//1587
f 2008//1587 2013//1587 2014//1587
f 2008//1587 2014//1587 2007//1587
f 2007//3340 2014//3340 2009//3340
f 2007//3341 2009//3341 2010//3341
f 2007//3342 2010//3342 2006//3342
f 2006//3343 2010//3343 2022//3343
f 2006//3344 2022//3344 2005//3344
f 2005//3345 2022//3345 2021//3345
f 2005//3346 2021//3346 2004//3346
f 2004//3347 2021//3347 2020//3347
f 2004//1587 2020//1587 2003//1587
f 2003//1587 2020//1587 2019//1587
f 2003//1587 2019//1587 2018//1587
f 2003//1587 2018//1587 2002//1587
f 2002//3348 2018//3348 2017//3348
f 2002//3349 2017//3349 2001//3349
f 2001//3350 2017//3350 2016//3350
f 2001//1587 2016//1587 2015//1587
f 2001//1587 2015//1587 2000//1587
f 2000//1587 2015//1587 2011//1587
f 2000//1587 2011//1587 1999//1587
f 1999//1587 2011//1587 2012//1587
f 2023//3351 1433//3351 2024//3351
f 2025//3352 1434//3352 2026//3352
f 2026//3353 1434//3353 1437//3353
f 2026//3354 1437//3354 2027//3354
f 2027//3355 1437//3355 1428//3355
f 2027//3356 1428//3356 2028//3356
f 2028//3357 1428//3357 1427//3357
f 2028//3358 1427//3358 2023//3358
f 2023//3359 1427//3359 1433//3359
f 2025//3360 1435//3360 1434//3360
f 2029//3361 1435//3361 2025//3361
f 2029//3362 1438//3362 1435//3362
f 2030//3363 1438//3363 2029//3363
f 2030//3364 1439//3364 1438//3364
f 2031//3365 1439//3365 2030//3365
f 2031//3366 1431//3366 1439//3366
f 2031//3367 2032//3367 1431//3367
f 1431//3368 2032//3368 1440//3368
f 1440//3369 2032//3369 2033//3369
f 1440//3370 2033//3370 1441//3370
f 1441//3371 2033//3371 2034//3371
f 1441//3372 2034//3372 1425//3372
f 1425//3373 2034//3373 2035//3373
f 1425//3374 2035//3374 1426//3374
f 2036//3375 1426//3375 2035//3375
f 2036//3376 1432//3376 1426//3376
f 2024//3377 1433//3377 2036//3377
f 2036//3378 1433//3378 1432//3378
f 1990//1587 2034//1587 1989//1587
f 1989//1587 2034//1587 2033//1587
f 1989//1587 2033//1587 2032//1587
f 1989//1587 2032//1587 1998//1587
f 1998//3379 2032//3379 2031//3379
f 1998//3380 2031//3380 1997//3380
f 1997//3381 2031//3381 2030//3381
f 1997//1587 2030//1587 2029//1587
f 1997//1587 2029//1587 1996//1587
f 1996//1587 2029//1587 2025//1587
f 1996//1587 2025//1587 1995//1587
f 1995//1587 2025//1587 2026//1587
f 1995//1587 2026//1587 2027//1587
f 1995//1587 2027//1587 1994//1587
f 1994//1587 2027//1587 2028//1587
f 1994//1587 2028//1587 1993//1587
f 1993//3382 2028//3382 2023//3382
f 1993//3383 2023//3383 2024//3383
f 1993//3384 2024//3384 1992//3384
f 1992//3385 2024//3385 2036//3385
f 1992//3386 2036//3386 1991//3386
f 1991//3387 2036//3387 2035//3387
f 1991//3388 2035//3388 1990//3388
f 1990//3389 2035//3389 2034//3389
f 1747//3390 1510//3390 1749//3390
f 1749//3391 1510//3391 1493//3391
f 1749//3392 1493//3392 1750//3392
f 1750//3393 1493//3393 1504//3393
f 1750//3394 1504//3394 1488//3394
f 1750//3395 1488//3395 1748//3395
f 1748//3396 1488//3396 1487//3396
f 1748//3397 1487//3397 1742//3397
f 1742//3398 1487//3398 1502//3398
f 1751//3399 1498//3399 1494//3399
f 1751//3400 1494//3400 1756//3400
f 1756//3401 1494//3401 1496//3401
f 1756//3402 1496//3402 1759//3402
f 1759//3403 1496//3403 1500//3403
f 1759//3404 1500//3404 1758//3404
f 1758//3405 1500//3405 1499//3405
f 1758//3406 1499//3406 1757//3406
f 1757//3407 1499//3407 1746//3407
f 1746//3408 1499//3408 1509//3408
f 1743//3409 1503//3409 1760//3409
f 1760//3410 1503//3410 1482//3410
f 1760//3411 1482//3411 1761//3411
f 1761//3412 1482//3412 1481//3412
f 1761//3413 1481//3413 1762//3413
f 1762//3414 1481//3414 1490//3414
f 1762//3415 1490//3415 1745//3415
f 1745//3416 1490//3416 1507//3416
f 1744//3417 1489//3417 1754//3417
f 1754//3418 1489//3418 1480//3418
f 1754//3419 1480//3419 1755//3419
f 1755//3420 1480//3420 1479//3420
f 1755//3421 1479//3421 1753//3421
f 1753//3422 1479//3422 1485//3422
f 1753//3423 1485//3423 1752//3423
f 1752//3424 1485//3424 1484//3424
f 1752//3425 1484//3425 1732//3425
f 1782//3426 1122//3426 1783//3426
f 1783//3427 1122//3427 1124//3427
f 1783//3428 1124//3428 1128//3428
f 1783//3429 1128//3429 1784//3429
f 1784//3430 1128//3430 1788//3430
f 1788//3431 1128//3431 1131//3431
f 1788//3432 1131//3432 1781//3432
f 1780//3433 1130//3433 1796//3433
f 1796//3434 1130//3434 1129//3434
f 1796//3435 1129//3435 1797//3435
f 1797//3436 1129//3436 1120//3436
f 1797//3437 1120//3437 1795//3437
f 1795//3438 1120//3438 1115//3438
f 1795//3439 1115//3439 1791//3439
f 1791//3440 1115//3440 1114//3440
f 1791//3441 1114//3441 1763//3441
f 1763//3442 1114//3442 1133//3442
f 1786//3443 1125//3443 1109//3443
f 1786//3444 1109//3444 1787//3444
f 1787//3445 1109//3445 1107//3445
f 1787//3446 1107//3446 1105//3446
f 1787//3447 1105//3447 1785//3447
f 1785//3448 1105//3448 1104//3448
f 1785//3449 1104//3449 1775//3449
f 1775//3450 1104//3450 1137//3450
f 1789//3451 1134//3451 1110//3451
f 1789//3452 1110//3452 1790//3452
f 1790//3453 1110//3453 1112//3453
f 1790//3454 1112//3454 1792//3454
f 1792//3455 1112//3455 1116//3455
f 1792//3456 1116//3456 1793//3456
f 1793//3457 1116//3457 1102//3457
f 1793//3458 1102//3458 1794//3458
f 1794//3459 1102//3459 1778//3459
f 1778//3460 1102//3460 1126//3460
f 1777//3461 1125//3461 1786//3461
f 1765//3462 1134//3462 1789//3462
f 1776//3463 1138//3463 1122//3463
f 1776//3464 1122//3464 1782//3464
f 1781//3465 1131//3465 1136//3465
f 1781//3466 1136//3466 1779//3466
f 1780//3467 1135//3467 1130//3467
f 1732//3468 1484//3468 1506//3468
f 1744//3469 1508//3469 1489//3469
f 1731//3470 1498//3470 1751//3470
f 2037//3471 1456//3471 1451//3471
f 2038//3472 2039//3472 2040//3472
f 2041//3473 2037//3473 2042//3473
f 2037//3474 2041//3474 1456//3474
f 1456//3475 2041//3475 2039//3475
f 1456//3476 2039//3476 2038//3476
f 2043//3477 1454//3477 2044//3477
f 1458//3478 1454//3478 2045//3478
f 2045//3479 1454//3479 2043//3479
f 2045//3480 2043//3480 2046//3480
f 2044//3481 2047//3481 2043//3481
f 2046//3482 2048//3482 2045//3482
f 1099//3483 1461//3483 1097//3483
f 1461//3484 2049//3484 1453//3484
f 2050//3485 1454//3485 1453//3485
f 2049//3486 2050//3486 1453//3486
f 1461//3487 1099//3487 1048//3487
f 1461//3488 1048//3488 2049//3488
f 2044//3489 1454//3489 2051//3489
f 2051//3490 1454//3490 2050//3490
f 2051//3491 2050//3491 2049//3491
f 2051//3492 2049//3492 2052//3492
f 2052//3493 2049//3493 1048//3493
f 2052//3494 1048//3494 1046//3494
f 1052//3495 2053//3495 1066//3495
f 1046//3496 1074//3496 2052//3496
f 1073//3497 1062//3497 2054//3497
f 1073//3498 2054//3498 1071//3498
f 1076//3499 1067//3499 2055//3499
f 1076//3500 2055//3500 1074//3500
f 2053//3501 2056//3501 1066//3501
f 1066//3502 2056//3502 2057//3502
f 1066//3503 2057//3503 1064//3503
f 1064//3504 2057//3504 1062//3504
f 1062//3505 2057//3505 2058//3505
f 1062//3506 2058//3506 2054//3506
f 1071//3507 2054//3507 2059//3507
f 1071//3508 2059//3508 1069//3508
f 1069//3509 2059//3509 1067//3509
f 1067//3510 2059//3510 2060//3510
f 1067//3511 2060//3511 2055//3511
f 1074//3512 2055//3512 2052//3512
f 2052//3513 2055//3513 2051//3513
f 2055//3514 2060//3514 2061//3514
f 2056//3515 2062//3515 2057//3515
f 2055//3516 2061//3516 2051//3516
f 2057//3517 2062//3517 2043//3517
f 2057//3518 2043//3518 2058//3518
f 2058//3519 2043//3519 2047//3519
f 2058//3520 2047//3520 2054//3520
f 2054//3521 2047//3521 2059//3521
f 2059//3522 2047//3522 2060//3522
f 2060//3523 2047//3523 2044//3523
f 2060//3524 2044//3524 2061//3524
f 2061//3525 2044//3525 2051//3525
f 1052//3526 1053//3526 2053//3526
f 2053//3527 1053//3527 2063//3527
f 2053//3528 2063//3528 2056//3528
f 2056//3529 2063//3529 2064//3529
f 2056//3530 2064//3530 2062//3530
f 2062//3531 2064//3531 2043//3531
f 2043//3532 2064//3532 2046//3532
f 1078//3533 2065//3533 1080//3533
f 1053//3534 1091//3534 2063//3534
f 1056//3535 2066//3535 1078//3535
f 1082//3536 1080//3536 2067//3536
f 1082//3537 2067//3537 1084//3537
f 1089//3538 1088//3538 2068//3538
f 1089//3539 2068//3539 1091//3539
f 1078//3540 2066//3540 2069//3540
f 1078//3541 2069//3541 2065//3541
f 1080//3542 2065//3542 2067//3542
f 1084//3543 2067//3543 2070//3543
f 1084//3544 2070//3544 1086//3544
f 1086//3545 2070//3545 1088//3545
f 1088//3546 2070//3546 2071//3546
f 1088//3547 2071//3547 2068//3547
f 1091//3548 2068//3548 2063//3548
f 2063//3549 2068//3549 2064//3549
f 2065//3550 2069//3550 2072//3550
f 2065//3551 2072//3551 2067//3551
f 2067//3552 2072//3552 2070//3552
f 2068//3553 2071//3553 2073//3553
f 2068//3554 2073//3554 2064//3554
f 2069//3555 2045//3555 2072//3555
f 2070//3556 2072//3556 2048//3556
f 2070//3557 2048//3557 2071//3557
f 2071//3558 2048//3558 2073//3558
f 2072//3559 2045//3559 2048//3559
f 2073//3560 2048//3560 2046//3560
f 2073//3561 2046//3561 2064//3561
f 1458//3562 2045//3562 1452//3562
f 1452//3563 2045//3563 2069//3563
f 1452//3564 2069//3564 2074//3564
f 2074//3565 2069//3565 2066//3565
f 2074//3566 2066//3566 2075//3566
f 2075//3567 2066//3567 1056//3567
f 2075//3568 1056//3568 1055//3568
f 1452//3569 2074//3569 1457//3569
f 1096//3570 1457//3570 1094//3570
f 1457//3571 2074//3571 2075//3571
f 1457//3572 1055//3572 1094//3572
f 1457//3573 2075//3573 1055//3573
f 1455//3574 2076//3574 1459//3574
f 1445//3575 1459//3575 1908//3575
f 1459//3576 2076//3576 2077//3576
f 1459//3577 1465//3577 1908//3577
f 1459//3578 2077//3578 1465//3578
f 1456//3579 2038//3579 1455//3579
f 1455//3580 2038//3580 2078//3580
f 1455//3581 2078//3581 2076//3581
f 2076//3582 2078//3582 2079//3582
f 2076//3583 2079//3583 2077//3583
f 2077//3584 2079//3584 1463//3584
f 2077//3585 1463//3585 1465//3585
f 2078//3586 2038//3586 2079//3586
f 2079//3587 1799//3587 1463//3587
f 2038//3588 2080//3588 2079//3588
f 2079//3589 2080//3589 2081//3589
f 2079//3590 2081//3590 1799//3590
f 2081//3591 1801//3591 1799//3591
f 2038//3592 2040//3592 2080//3592
f 2080//3593 2082//3593 2081//3593
f 2081//3594 2082//3594 1801//3594
f 1801//3595 2082//3595 1802//3595
f 2080//3596 2040//3596 2082//3596
f 2082//3597 1806//3597 1802//3597
f 2040//3598 2083//3598 2082//3598
f 2082//3599 2083//3599 2084//3599
f 2082//3600 2084//3600 1806//3600
f 2040//3601 2039//3601 2085//3601
f 2040//3602 2085//3602 2083//3602
f 2084//3603 1804//3603 1806//3603
f 2083//3604 2085//3604 2086//3604
f 2083//3605 2086//3605 2084//3605
f 2084//3606 2086//3606 1804//3606
f 1804//3607 2086//3607 1809//3607
f 2086//3608 1811//3608 1809//3608
f 2039//3609 2087//3609 2085//3609
f 2085//3610 2087//3610 2086//3610
f 2086//3611 2087//3611 2088//3611
f 2086//3612 2088//3612 1811//3612
f 1811//3613 2088//3613 1471//3613
f 1470//3614 1471//3614 2089//3614
f 2089//3615 1471//3615 2088//3615
f 2089//3616 2088//3616 2090//3616
f 2090//3617 2088//3617 2087//3617
f 2090//3618 2087//3618 2091//3618
f 2091//3619 2087//3619 2041//3619
f 2041//3620 2087//3620 2039//3620
f 2091//3621 2041//3621 2092//3621
f 2091//3622 2092//3622 2090//3622
f 2090//3623 2092//3623 1818//3623
f 2090//3624 1818//3624 2089//3624
f 2089//3625 1818//3625 1470//3625
f 2092//3626 1816//3626 1818//3626
f 2041//3627 2042//3627 2093//3627
f 2041//3628 2093//3628 2092//3628
f 2092//3629 2093//3629 1814//3629
f 2092//3630 1814//3630 1816//3630
f 2042//3631 2094//3631 2093//3631
f 2093//3632 2094//3632 1814//3632
f 1814//3633 2094//3633 1825//3633
f 2094//3634 2095//3634 1823//3634
f 2094//3635 1823//3635 1825//3635
f 2042//3636 2095//3636 2094//3636
f 2095//3637 1821//3637 1823//3637
f 2042//3638 2037//3638 2096//3638
f 2042//3639 2096//3639 2095//3639
f 2095//3640 2096//3640 1819//3640
f 2095//3641 1819//3641 1821//3641
f 2096//3642 2097//3642 1819//3642
f 1819//3643 2097//3643 1828//3643
f 2037//3644 2098//3644 2096//3644
f 2096//3645 2098//3645 2097//3645
f 2097//3646 1826//3646 1828//3646
f 2098//3647 2099//3647 2097//3647
f 2097//3648 2099//3648 2100//3648
f 2097//3649 2100//3649 1826//3649
f 1826//3650 2100//3650 1474//3650
f 2037//3651 1451//3651 2098//3651
f 2098//3652 1451//3652 2101//3652
f 2098//3653 2101//3653 2099//3653
f 2099//3654 2101//3654 2102//3654
f 2099//3655 2102//3655 2100//3655
f 2100//3656 2102//3656 1476//3656
f 2100//3657 1476//3657 1474//3657
f 1898//3658 1460//3658 1449//3658
f 1450//3659 2102//3659 2101//3659
f 1450//3660 1460//3660 2102//3660
f 2102//3661 1460//3661 1476//3661
f 1476//3662 1460//3662 1898//3662
f 1450//3663 2101//3663 1451//3663
f 1930//3664 1186//3664 1185//3664
f 1190//3665 1422//3665 1420//3665
f 1190//3666 1420//3666 1187//3666
f 1187//3667 1420//3667 1409//3667
f 1187//3668 1409//3668 1188//3668
f 1188//3669 1409//3669 1408//3669
f 1186//3670 1422//3670 1190//3670
f 1186//3671 1930//3671 1422//3671
f 1185//3672 1927//3672 1930//3672
f 1189//3673 1927//3673 1185//3673
f 1189//3674 1928//3674 1927//3674
f 1191//3675 1928//3675 1189//3675
f 1191//3676 1959//3676 1928//3676
f 1192//3677 1984//3677 1959//3677
f 1192//3678 1959//3678 1191//3678
f 1408//3679 1984//3679 1188//3679
f 1188//3680 1984//3680 1192//3680
f 1987//3681 1175//3681 1174//3681
f 1211//3682 1419//3682 1417//3682
f 1211//3683 1417//3683 1208//3683
f 1208//3684 1417//3684 1414//3684
f 1208//3685 1414//3685 1209//3685
f 1175//3686 1419//3686 1211//3686
f 1175//3687 1987//3687 1419//3687
f 1174//3688 1924//3688 1987//3688
f 1174//3689 1922//3689 1924//3689
f 1178//3690 1922//3690 1174//3690
f 1178//3691 1923//3691 1922//3691
f 1173//3692 1923//3692 1178//3692
f 1923//3693 1173//3693 1966//3693
f 1172//3694 1982//3694 1966//3694
f 1172//3695 1966//3695 1173//3695
f 1210//3696 1412//3696 1172//3696
f 1172//3697 1412//3697 1982//3697
f 1209//3698 1414//3698 1210//3698
f 1210//3699 1414//3699 1412//3699
f 1983//3700 1198//3700 1197//3700
f 1201//3701 1413//3701 1416//3701
f 1201//3702 1416//3702 1199//3702
f 1199//3703 1416//3703 1410//3703
f 1199//3704 1410//3704 1200//3704
f 1200//3705 1410//3705 1421//3705
f 1198//3706 1413//3706 1201//3706
f 1198//3707 1983//3707 1413//3707
f 1197//3708 1934//3708 1983//3708
f 1197//3709 1932//3709 1934//3709
f 1206//3710 1932//3710 1197//3710
f 1206//3711 1933//3711 1932//3711
f 1204//3712 1933//3712 1206//3712
f 1204//3713 1945//3713 1933//3713
f 1202//3714 1978//3714 1945//3714
f 1202//3715 1945//3715 1204//3715
f 1200//3716 1421//3716 1202//3716
f 1202//3717 1421//3717 1978//3717
f 2103//3718 2104//3718 2105//3718
f 2105//3719 2104//3719 2106//3719
f 2106//3720 2104//3720 2107//3720
f 2106//3721 2107//3721 2108//3721
f 2108//3722 2107//3722 2109//3722
f 2108//3723 2109//3723 2110//3723
f 2110//3724 2109//3724 2111//3724
f 2110//3725 2111//3725 2112//3725
f 2112//3726 2111//3726 2113//3726
f 2112//3727 2113//3727 2114//3727
f 2114//3728 2113//3728 2115//3728
f 2114//3729 2115//3729 2116//3729
f 2116//3730 2115//3730 2117//3730
f 2117//3731 2115//3731 2118//3731
f 2117//3732 2118//3732 2119//3732
f 2119//3733 2118//3733 2120//3733
f 2119//3734 2120//3734 2121//3734
f 2121//3735 2120//3735 2122//3735
f 2121//3736 2122//3736 2103//3736
f 2103//3737 2122//3737 2104//3737
f 2103//1 2119//1 2121//1
f 2103//1 2117//1 2119//1
f 2116//1 2117//1 2103//1
f 2103//1 2114//1 2116//1
f 2112//1 2114//1 2103//1
f 2110//1 2112//1 2103//1
f 2108//1 2110//1 2103//1
f 2106//1 2108//1 2103//1
f 2105//1 2106//1 2103//1
f 2123//3738 2124//3738 2125//3738
f 2123//3739 2125//3739 2126//3739
f 2126//3740 2125//3740 2127//3740
f 2127//3741 2125//3741 2128//3741
f 2127//3742 2128//3742 2129//3742
f 2127//3743 2129//3743 2130//3743
f 2130//3744 2129//3744 2131//3744
f 2130//3745 2131//3745 2132//3745
f 2132//3746 2131//3746 2133//3746
f 2133//3747 2131//3747 2134//3747
f 2133//3748 2134//3748 2135//3748
f 2133//3749 2135//3749 2136//3749
f 2136//3750 2135//3750 2137//3750
f 2136//3751 2137//3751 2138//3751
f 2138//3752 2137//3752 2139//3752
f 2138//3753 2139//3753 2140//3753
f 2140//3754 2139//3754 2141//3754
f 2140//3755 2141//3755 2124//3755
f 2140//3756 2124//3756 2123//3756
f 2140//1 2123//1 2130//1
f 2130//1 2138//1 2140//1
f 2130//1 2136//1 2138//1
f 2130//1 2133//1 2136//1
f 2130//1 2132//1 2133//1
f 2130//1 2126//1 2127//1
f 2130//1 2123//1 2126//1
f 2142//3757 2143//3757 2144//3757
f 2144//3758 2143//3758 2145//3758
f 2144//3759 2145//3759 2146//3759
f 2146//3760 2145//3760 2147//3760
f 2146//3761 2147//3761 2148//3761
f 2148//3762 2147//3762 2149//3762
f 2148//3763 2149//3763 2150//3763
f 2150//3764 2149//3764 2151//3764
f 2150//3765 2151//3765 2152//3765
f 2150//3766 2152//3766 2153//3766
f 2153//3767 2152//3767 2154//3767
f 2153//3768 2154//3768 2155//3768
f 2155//3769 2154//3769 2156//3769
f 2155//3770 2156//3770 2157//3770
f 2157//3771 2156//3771 2158//3771
f 2157//3772 2158//3772 2142//3772
f 2142//3773 2158//3773 2143//3773
f 2155//1 2157//1 2142//1
f 2150//1 2153//1 2155//1
f 2155//1 2148//1 2150//1
f 2155//1 2146//1 2148//1
f 2155//1 2144//1 2146//1
f 2142//1 2144//1 2155//1
f 2104//3774 257//3774 258//3774
f 2104//3775 258//3775 302//3775
f 2104//3776 302//3776 303//3776
f 2104//3777 303//3777 2107//3777
f 2107//3778 303//3778 304//3778
f 2107//3779 304//3779 305//3779
f 2107//3780 305//3780 306//3780
f 2107//3781 306//3781 307//3781
f 2107//3782 307//3782 2109//3782
f 2109//3783 307//3783 308//3783
f 2109//3784 308//3784 309//3784
f 2109//3785 309//3785 299//3785
f 2109//3786 299//3786 2111//3786
f 2111//3787 299//3787 300//3787
f 2111//3788 300//3788 301//3788
f 2111//3789 301//3789 293//3789
f 2111//3790 293//3790 294//3790
f 2111//3791 294//3791 2113//3791
f 2113//3792 294//3792 295//3792
f 2113//3793 295//3793 297//3793
f 2113//3794 297//3794 298//3794
f 2113//3795 298//3795 322//3795
f 2113//3796 322//3796 2115//3796
f 2115//3797 322//3797 323//3797
f 2115//3798 323//3798 324//3798
f 2115//3799 324//3799 315//3799
f 2115//3800 315//3800 310//3800
f 2115//3801 310//3801 2118//3801
f 2118//3802 310//3802 311//3802
f 2118//3803 311//3803 319//3803
f 2118//3804 319//3804 320//3804
f 2118//3805 320//3805 321//3805
f 2118//3806 321//3806 316//3806
f 2118//3807 316//3807 2120//3807
f 2120//3808 316//3808 317//3808
f 2120//3809 317//3809 318//3809
f 2120//3810 318//3810 312//3810
f 2120//3811 312//3811 313//3811
f 2120//3812 313//3812 2122//3812
f 2122//3813 313//3813 314//3813
f 2122//3814 314//3814 253//3814
f 2122//3815 253//3815 254//3815
f 2122//3816 254//3816 2104//3816
f 2104//3817 254//3817 256//3817
f 2104//3818 256//3818 257//3818
f 2124//3819 290//3819 2125//3819
f 2125//3820 290//3820 291//3820
f 2125//3821 291//3821 347//3821
f 2125//3822 347//3822 277//3822
f 2125//3823 277//3823 278//3823
f 2125//3824 278//3824 2128//3824
f 2128//3825 278//3825 279//3825
f 2128//3826 279//3826 280//3826
f 2128//3827 280//3827 286//3827
f 2128//3828 286//3828 2129//3828
f 2129//3829 286//3829 287//3829
f 2129//3830 287//3830 288//3830
f 2129//3831 288//3831 281//3831
f 2129//3832 281//3832 282//3832
f 2129//3833 282//3833 284//3833
f 2129//3834 284//3834 2131//3834
f 2131//3835 284//3835 285//3835
f 2131//3836 285//3836 275//3836
f 2131//3837 275//3837 276//3837
f 2131//3838 276//3838 273//3838
f 2131//3839 273//3839 2134//3839
f 2134//3840 273//3840 274//3840
f 2134//3841 274//3841 206//3841
f 2134//3842 206//3842 204//3842
f 2134//3843 204//3843 2135//3843
f 2135//3844 204//3844 202//3844
f 2135//3845 202//3845 207//3845
f 2135//3846 207//3846 208//3846
f 2135//3847 208//3847 2137//3847
f 2137//3848 208//3848 209//3848
f 2137//3849 209//3849 210//3849
f 2137//3850 210//3850 211//3850
f 2137//3851 211//3851 2139//3851
f 2139//3852 211//3852 212//3852
f 2139//3853 212//3853 198//3853
f 2139//3854 198//3854 199//3854
f 2139//3855 199//3855 200//3855
f 2139//3856 200//3856 2141//3856
f 2141//3857 200//3857 201//3857
f 2141//3858 201//3858 197//3858
f 2141//3859 197//3859 195//3859
f 2141//3860 195//3860 2124//3860
f 2124//3861 195//3861 196//3861
f 2124//3862 196//3862 292//3862
f 2124//3863 292//3863 289//3863
f 2124//3864 289//3864 290//3864
f 2143//3865 348//3865 329//3865
f 2143//3866 329//3866 2145//3866
f 2145//3867 329//3867 330//3867
f 2145//3868 330//3868 331//3868
f 2145//3869 331//3869 332//3869
f 2145//3870 332//3870 333//3870
f 2145//3871 333//3871 2147//3871
f 2147//3872 333//3872 334//3872
f 2147//3873 334//3873 335//3873
f 2147//3874 335//3874 1212//3874
f 2147//3875 1212//3875 337//3875
f 2147//3876 337//3876 338//3876
f 2147//3877 338//3877 2149//3877
f 2149//3878 338//3878 339//3878
f 2149//3879 339//3879 340//3879
f 2149//3880 340//3880 325//3880
f 2149//3881 325//3881 326//3881
f 2149//3882 326//3882 327//3882
f 2149//3883 327//3883 2151//3883
f 2151//3884 327//3884 328//3884
f 2151//3885 328//3885 228//3885
f 2151//3886 228//3886 2152//3886
f 2152//3887 228//3887 229//3887
f 2152//3888 229//3888 230//3888
f 2152//3889 230//3889 236//3889
f 2152//3890 236//3890 237//3890
f 2152//3891 237//3891 2154//3891
f 2154//3892 237//3892 242//3892
f 2154//3893 242//3893 241//3893
f 2154//3894 241//3894 240//3894
f 2154//3895 240//3895 238//3895
f 2154//3896 238//3896 2156//3896
f 2156//3897 238//3897 1194//3897
f 2156//3898 1194//3898 244//3898
f 2156//3899 244//3899 246//3899
f 2156//3900 246//3900 2158//3900
f 2158//3901 246//3901 247//3901
f 2158//3902 247//3902 231//3902
f 2158//3903 231//3903 232//3903
f 2158//3904 232//3904 234//3904
f 2158//3905 234//3905 341//3905
f 2158//3906 341//3906 2143//3906
f 2143//3907 341//3907 342//3907
f 2143//3908 342//3908 343//3908
f 2143//3909 343//3909 348//3909
f 2159//3910 2160//3910 2161//3910
f 2161//3911 2160//3911 2162//3911
f 2163//3912 2164//3912 2165//3912
f 2165//3913 2164//3913 2166//3913
f 2167//3914 2168//3914 2169//3914
f 2170//3915 2171//3915 2172//3915
f 2171//3916 2170//3916 2173//3916
f 2174//3917 2175//3917 2176//3917
f 2167//3918 2169//3918 2177//3918
f 2177//3919 2169//3919 2178//3919
f 2169//3920 2168//3920 2179//3920
f 2180//3921 2181//3921 2182//3921
f 2182//3922 2181//3922 2183//3922
f 2183//3923 2184//3923 2182//3923
f 2182//3924 2184//3924 2175//3924
f 2175//3925 2184//3925 2176//3925
f 2175//3926 2185//3926 2186//3926
f 2187//3927 2188//3927 2189//3927
f 2190//3928 2191//3928 2192//3928
f 2192//3929 2191//3929 2193//3929
f 2192//3930 2193//3930 2194//3930
f 2195//3931 2196//3931 2197//3931
f 2197//3932 2196//3932 2198//3932
f 2162//3933 2185//3933 2161//3933
f 2175//3934 2186//3934 2188//3934
f 2188//3935 2186//3935 2189//3935
f 2187//3936 2189//3936 2199//3936
f 2199//3937 2189//3937 2200//3937
f 2194//3938 2193//3938 2178//3938
f 2178//3939 2193//3939 2170//3939
f 2169//3940 2201//3940 2202//3940
f 2198//3941 2196//3941 2203//3941
f 2203//3942 2196//3942 2204//3942
f 2203//3943 2204//3943 2205//3943
f 2205//3944 2204//3944 2206//3944
f 2206//3945 2204//3945 2207//3945
f 2208//3946 2209//3946 2207//3946
f 2210//3947 2211//3947 2212//3947
f 2212//3948 2211//3948 2213//3948
f 2212//3949 2213//3949 2214//3949
f 2214//3950 2213//3950 2182//3950
f 2172//3951 2215//3951 2170//3951
f 2170//3952 2215//3952 2216//3952
f 2170//3953 2216//3953 2178//3953
f 2178//3954 2216//3954 2217//3954
f 2178//3955 2217//3955 2177//3955
f 2169//3956 2218//3956 2201//3956
f 2202//3957 2201//3957 2196//3957
f 2202//3958 2196//3958 2195//3958
f 2207//3959 2209//3959 2219//3959
f 2219//3960 2209//3960 2220//3960
f 2182//3961 2213//3961 2221//3961
f 2222//3962 2223//3962 2191//3962
f 2222//3963 2191//3963 2224//3963
f 2224//3964 2191//3964 2225//3964
f 2225//3965 2191//3965 2190//3965
f 2218//3966 2169//3966 2179//3966
f 2218//3967 2179//3967 2226//3967
f 2220//3968 2209//3968 2227//3968
f 2227//3969 2209//3969 2211//3969
f 2227//3970 2211//3970 2228//3970
f 2228//3971 2211//3971 2229//3971
f 2229//3972 2211//3972 2210//3972
f 2174//3973 2230//3973 2175//3973
f 2175//3974 2230//3974 2185//3974
f 2185//3975 2230//3975 2231//3975
f 2185//3976 2231//3976 2161//3976
f 2200//3977 2189//3977 2232//3977
f 2232//3978 2189//3978 2233//3978
f 2232//3979 2233//3979 2234//3979
f 2234//3980 2233//3980 2235//3980
f 2235//3981 2233//3981 2236//3981
f 2236//3982 2233//3982 2237//3982
f 2237//3983 2233//3983 2238//3983
f 2238//3984 2233//3984 2222//3984
f 2222//3985 2239//3985 2240//3985
f 2241//3986 2208//3986 2207//3986
f 2182//3987 2221//3987 2180//3987
f 2180//3988 2221//3988 2242//3988
f 2222//3989 2233//3989 2239//3989
f 2226//3990 2243//3990 2218//3990
f 2218//3991 2243//3991 2244//3991
f 2207//3992 2204//3992 2241//3992
f 2166//3993 2242//3993 2165//3993
f 2222//3994 2240//3994 2223//3994
f 2242//1587 2221//1587 2165//1587
f 2245//3995 2246//3995 2173//3995
f 2173//3996 2246//3996 2171//3996
f 2247//3997 2248//3997 2243//3997
f 2243//3998 2248//3998 2244//3998
f 2245//3999 2249//3999 2246//3999
f 2250//4000 2251//4000 2252//4000
f 2250//4001 2252//4001 2253//4001
f 2245//1587 2254//1587 2249//1587
f 2246//4002 2249//4002 2255//4002
f 2251//4003 2250//4003 2255//4003
f 2255//4004 2250//4004 2256//4004
f 2252//4005 2257//4005 2253//4005
f 2253//4006 2257//4006 2258//4006
f 2159//4007 2258//4007 2259//4007
f 2160//1587 2259//1587 2260//1587
f 2261//1587 2262//1587 2263//1587
f 2263//1587 2262//1587 2264//1587
f 2258//4008 2159//4008 2265//4008
f 2159//4009 2259//4009 2160//4009
f 2260//1587 2264//1587 2266//1587
f 2264//1587 2260//1587 2263//1587
f 2267//1587 2268//1587 2254//1587
f 2267//1587 2254//1587 2245//1587
f 2269//1587 2160//1587 2266//1587
f 2266//1587 2160//1587 2260//1587
f 2268//1587 2270//1587 2262//1587
f 2268//1587 2262//1587 2254//1587
f 2261//1587 2271//1587 2262//1587
f 2262//1587 2271//1587 2254//1587
f 2255//4010 2256//4010 2246//4010
f 2265//4011 2272//4011 2258//4011
f 2258//4012 2272//4012 2253//4012
f 2266//1587 2264//1587 2273//1587
f 2267//1587 2274//1587 2268//1587
f 2248//1587 2275//1587 2276//1587
f 2277//1587 2278//1587 2276//1587
f 2279//4013 2280//4013 2281//4013
f 2281//4014 2280//4014 2282//4014
f 2247//4015 2283//4015 2275//4015
f 2247//4016 2275//4016 2248//4016
f 2278//1587 2277//1587 2284//1587
f 2284//1587 2277//1587 2285//1587
f 2276//1587 2286//1587 2248//1587
f 2276//1587 2278//1587 2286//1587
f 2286//1587 2278//1587 2287//1587
f 2163//4017 2288//4017 2164//4017
f 2279//4018 2289//4018 2280//4018
f 2280//4019 2289//4019 2283//4019
f 2163//1587 2290//1587 2288//1587
f 2283//4020 2247//4020 2291//4020
f 2248//1587 2286//1587 2292//1587
f 2164//4021 2288//4021 2293//4021
f 2281//4022 2282//4022 2293//4022
f 2293//4023 2282//4023 2294//4023
f 2291//4024 2295//4024 2283//4024
f 2283//4025 2295//4025 2280//4025
f 2285//1587 2296//1587 2284//1587
f 2284//1587 2296//1587 2290//1587
f 2163//1587 2297//1587 2290//1587
f 2290//1587 2297//1587 2298//1587
f 2290//1587 2298//1587 2284//1587
f 2284//1587 2298//1587 2299//1587
f 2293//4026 2294//4026 2164//4026
f 2297//1587 2300//1587 2298//1587
f 2182//4027 2175//4027 2301//4027
f 2301//4028 2175//4028 2302//4028
f 2301//4029 2302//4029 2303//4029
f 2303//4030 2302//4030 2304//4030
f 2303//4031 2304//4031 2305//4031
f 2305//4032 2304//4032 2306//4032
f 2305//4033 2306//4033 2307//4033
f 2307//4034 2306//4034 2308//4034
f 2307//4035 2308//4035 2309//4035
f 2309//4036 2308//4036 2310//4036
f 2309//4037 2310//4037 2311//4037
f 2311//4038 2310//4038 2312//4038
f 2311//4039 2312//4039 2313//4039
f 2313//4040 2312//4040 2314//4040
f 2313//4041 2314//4041 2315//4041
f 2315//4042 2314//4042 2316//4042
f 2315//4043 2316//4043 2317//4043
f 2315//4044 2317//4044 2318//4044
f 2318//4045 2317//4045 2319//4045
f 2320//4046 2321//4046 2322//4046
f 2322//4047 2321//4047 2319//4047
f 2322//4048 2319//4048 2323//4048
f 2323//4049 2319//4049 2317//4049
f 2178//4050 2169//4050 2324//4050
f 2324//4051 2169//4051 2325//4051
f 2324//4052 2325//4052 2326//4052
f 2326//4053 2325//4053 2327//4053
f 2326//4054 2327//4054 2328//4054
f 2328//4055 2327//4055 2329//4055
f 2328//4056 2329//4056 2330//4056
f 2330//4057 2329//4057 2331//4057
f 2330//4058 2331//4058 2332//4058
f 2332//4059 2331//4059 2333//4059
f 2332//4060 2333//4060 2334//4060
f 2334//4061 2333//4061 2335//4061
f 2334//4062 2335//4062 2336//4062
f 2336//4063 2335//4063 2337//4063
f 2336//4064 2337//4064 2338//4064
f 2338//4065 2337//4065 2339//4065
f 2338//4066 2339//4066 2340//4066
f 2338//4067 2340//4067 2341//4067
f 2341//4068 2340//4068 2320//4068
f 2320//4069 2340//4069 2342//4069
f 2320//4070 2342//4070 2321//4070
f 2343//4071 2319//4071 2344//4071
f 2345//4072 2343//4072 2344//4072
f 2342//4073 2345//4073 2344//4073
f 2325//4074 2169//4074 2202//4074
f 2325//4075 2202//4075 2346//4075
f 2202//4076 2195//4076 2346//4076
f 2346//4077 2195//4077 2347//4077
f 2195//4078 2197//4078 2347//4078
f 2347//4079 2197//4079 2348//4079
f 2348//4080 2197//4080 2198//4080
f 2348//4081 2198//4081 2349//4081
f 2349//4082 2198//4082 2203//4082
f 2349//4083 2203//4083 2350//4083
f 2350//4084 2203//4084 2205//4084
f 2350//4085 2205//4085 2351//4085
f 2351//4086 2205//4086 2206//4086
f 2351//4087 2206//4087 2352//4087
f 2352//4088 2206//4088 2353//4088
f 2206//4089 2207//4089 2353//4089
f 2353//4090 2207//4090 2354//4090
f 2207//4091 2355//4091 2354//4091
f 2354//4092 2355//4092 2356//4092
f 2356//4093 2355//4093 2220//4093
f 2356//4094 2220//4094 2357//4094
f 2357//4095 2220//4095 2227//4095
f 2357//4096 2227//4096 2358//4096
f 2358//4097 2227//4097 2228//4097
f 2358//4098 2228//4098 2359//4098
f 2359//4099 2228//4099 2229//4099
f 2359//4100 2229//4100 2360//4100
f 2360//4101 2229//4101 2361//4101
f 2229//4102 2210//4102 2361//4102
f 2361//4103 2210//4103 2362//4103
f 2210//4104 2212//4104 2362//4104
f 2362//4105 2212//4105 2363//4105
f 2363//4106 2212//4106 2214//4106
f 2363//4107 2214//4107 2364//4107
f 2182//4108 2301//4108 2364//4108
f 2182//4109 2364//4109 2214//4109
f 2301//4110 2303//4110 2365//4110
f 2301//4111 2365//4111 2364//4111
f 2364//4112 2365//4112 2363//4112
f 2362//4113 2366//4113 2361//4113
f 2361//4114 2366//4114 2360//4114
f 2359//4115 2367//4115 2358//4115
f 2358//4116 2367//4116 2357//4116
f 2346//4117 2327//4117 2325//4117
f 2329//4118 2327//4118 2346//4118
f 2329//4119 2346//4119 2368//4119
f 2368//4120 2346//4120 2347//4120
f 2368//4121 2347//4121 2348//4121
f 2368//4122 2348//4122 2369//4122
f 2369//4123 2348//4123 2349//4123
f 2369//4124 2349//4124 2350//4124
f 2369//4125 2350//4125 2370//4125
f 2370//4126 2350//4126 2351//4126
f 2370//4127 2351//4127 2352//4127
f 2370//4128 2352//4128 2371//4128
f 2371//4129 2352//4129 2353//4129
f 2371//4130 2353//4130 2372//4130
f 2372//4131 2353//4131 2354//4131
f 2372//4132 2354//4132 2356//4132
f 2372//4133 2356//4133 2373//4133
f 2373//4134 2356//4134 2357//4134
f 2373//4135 2357//4135 2367//4135
f 2367//4136 2359//4136 2374//4136
f 2374//4137 2359//4137 2360//4137
f 2374//4138 2360//4138 2366//4138
f 2366//4139 2362//4139 2375//4139
f 2375//4140 2362//4140 2363//4140
f 2375//4141 2363//4141 2365//4141
f 2365//4142 2303//4142 2305//4142
f 2305//4143 2307//4143 2376//4143
f 2305//4144 2376//4144 2365//4144
f 2365//4145 2376//4145 2377//4145
f 2365//4146 2377//4146 2375//4146
f 2375//4147 2377//4147 2378//4147
f 2375//4148 2378//4148 2366//4148
f 2366//4149 2378//4149 2379//4149
f 2366//4150 2379//4150 2374//4150
f 2374//4151 2379//4151 2380//4151
f 2374//4152 2380//4152 2367//4152
f 2367//4153 2380//4153 2381//4153
f 2367//4154 2381//4154 2373//4154
f 2373//4155 2381//4155 2382//4155
f 2373//4156 2382//4156 2372//4156
f 2372//4157 2382//4157 2383//4157
f 2372//4158 2383//4158 2371//4158
f 2371//4159 2383//4159 2370//4159
f 2370//4160 2383//4160 2384//4160
f 2370//4161 2384//4161 2369//4161
f 2369//4162 2384//4162 2385//4162
f 2369//4163 2385//4163 2368//4163
f 2368//4164 2385//4164 2386//4164
f 2368//4165 2386//4165 2331//4165
f 2368//4166 2331//4166 2329//4166
f 2333//4167 2331//4167 2386//4167
f 2386//4168 2385//4168 2387//4168
f 2387//4169 2385//4169 2384//4169
f 2387//4170 2384//4170 2388//4170
f 2388//4171 2384//4171 2383//4171
f 2388//4172 2383//4172 2389//4172
f 2389//4173 2383//4173 2382//4173
f 2389//4174 2382//4174 2390//4174
f 2390//4175 2382//4175 2391//4175
f 2391//4176 2382//4176 2381//4176
f 2391//4177 2381//4177 2392//4177
f 2392//4178 2381//4178 2380//4178
f 2380//4179 2379//4179 2393//4179
f 2393//4180 2379//4180 2378//4180
f 2378//4181 2377//4181 2394//4181
f 2394//4182 2377//4182 2376//4182
f 2394//4183 2376//4183 2307//4183
f 2394//4184 2307//4184 2309//4184
f 2335//4185 2333//4185 2386//4185
f 2335//4186 2386//4186 2395//4186
f 2395//4187 2386//4187 2387//4187
f 2387//4188 2388//4188 2396//4188
f 2396//4189 2388//4189 2389//4189
f 2396//4190 2389//4190 2397//4190
f 2397//4191 2389//4191 2390//4191
f 2397//4192 2390//4192 2391//4192
f 2397//4193 2391//4193 2398//4193
f 2398//4194 2391//4194 2392//4194
f 2392//4195 2380//4195 2399//4195
f 2399//4196 2380//4196 2393//4196
f 2393//4197 2378//4197 2400//4197
f 2400//4198 2378//4198 2394//4198
f 2400//4199 2394//4199 2311//4199
f 2311//4200 2394//4200 2309//4200
f 2311//4201 2313//4201 2400//4201
f 2400//4202 2313//4202 2401//4202
f 2400//4203 2401//4203 2393//4203
f 2393//4204 2401//4204 2402//4204
f 2393//4205 2402//4205 2399//4205
f 2399//4206 2402//4206 2403//4206
f 2399//4207 2403//4207 2392//4207
f 2392//4208 2403//4208 2398//4208
f 2398//4209 2403//4209 2404//4209
f 2398//4210 2404//4210 2397//4210
f 2397//4211 2404//4211 2405//4211
f 2397//4212 2405//4212 2396//4212
f 2396//4213 2405//4213 2406//4213
f 2396//4214 2406//4214 2387//4214
f 2387//4215 2406//4215 2395//4215
f 2395//4216 2406//4216 2337//4216
f 2395//4217 2337//4217 2335//4217
f 2339//4218 2337//4218 2406//4218
f 2339//4219 2406//4219 2407//4219
f 2407//4220 2406//4220 2405//4220
f 2407//4221 2405//4221 2408//4221
f 2408//4222 2405//4222 2404//4222
f 2408//4223 2404//4223 2409//4223
f 2409//4224 2404//4224 2403//4224
f 2409//4225 2403//4225 2402//4225
f 2409//4226 2402//4226 2410//4226
f 2410//4227 2402//4227 2411//4227
f 2411//4228 2402//4228 2401//4228
f 2411//4229 2401//4229 2313//4229
f 2411//4230 2313//4230 2315//4230
f 2340//4231 2339//4231 2407//4231
f 2340//4232 2407//4232 2412//4232
f 2412//4233 2407//4233 2408//4233
f 2412//4234 2408//4234 2413//4234
f 2413//4235 2408//4235 2409//4235
f 2413//4236 2409//4236 2414//4236
f 2414//4237 2409//4237 2410//4237
f 2414//4238 2410//4238 2411//4238
f 2414//4239 2411//4239 2318//4239
f 2318//4240 2411//4240 2315//4240
f 2342//4241 2340//4241 2412//4241
f 2342//4242 2412//4242 2345//4242
f 2345//4243 2412//4243 2413//4243
f 2345//4244 2413//4244 2343//4244
f 2343//4245 2413//4245 2414//4245
f 2343//4246 2414//4246 2318//4246
f 2343//4247 2318//4247 2319//4247
f 2208//4248 2241//4248 2284//4248
f 2284//4249 2241//4249 2278//4249
f 2287//4250 2204//4250 2286//4250
f 2286//4251 2204//4251 2196//4251
f 2286//4252 2196//4252 2201//4252
f 2286//4253 2201//4253 2292//4253
f 2292//4254 2201//4254 2218//4254
f 2297//4255 2221//4255 2300//4255
f 2300//4256 2221//4256 2298//4256
f 2298//4257 2221//4257 2213//4257
f 2298//4258 2213//4258 2211//4258
f 2298//4259 2211//4259 2299//4259
f 2299//4260 2211//4260 2209//4260
f 2415//4261 2275//4261 2416//4261
f 2416//4262 2275//4262 2417//4262
f 2417//4263 2275//4263 2283//4263
f 2417//4264 2283//4264 2418//4264
f 2418//4265 2283//4265 2289//4265
f 2418//4266 2289//4266 2419//4266
f 2419//4267 2289//4267 2281//4267
f 2419//4268 2281//4268 2293//4268
f 2419//4269 2293//4269 2420//4269
f 2420//4270 2293//4270 2288//4270
f 2420//4271 2288//4271 2421//4271
f 2421//4272 2288//4272 2290//4272
f 2421//4273 2290//4273 2422//4273
f 2422//4274 2290//4274 2296//4274
f 2422//4275 2296//4275 2277//4275
f 2422//4276 2277//4276 2423//4276
f 2423//4277 2277//4277 2276//4277
f 2423//4278 2276//4278 2415//4278
f 2415//4279 2276//4279 2275//4279
f 2415//1587 2419//1587 2420//1587
f 2415//1587 2418//1587 2419//1587
f 2415//1587 2417//1587 2418//1587
f 2415//1587 2416//1587 2417//1587
f 2422//1587 2423//1587 2415//1587
f 2415//1587 2421//1587 2422//1587
f 2420//1587 2421//1587 2415//1587
f 2424//4280 2320//4280 2322//4280
f 2323//4281 2424//4281 2322//4281
f 2302//4282 2175//4282 2188//4282
f 2302//4283 2188//4283 2425//4283
f 2188//4284 2187//4284 2425//4284
f 2425//4285 2187//4285 2426//4285
f 2187//4286 2199//4286 2426//4286
f 2426//4287 2199//4287 2427//4287
f 2427//4288 2199//4288 2200//4288
f 2427//4289 2200//4289 2428//4289
f 2428//4290 2200//4290 2232//4290
f 2428//4291 2232//4291 2429//4291
f 2429//4292 2232//4292 2234//4292
f 2429//4293 2234//4293 2430//4293
f 2430//4294 2234//4294 2235//4294
f 2430//4295 2235//4295 2431//4295
f 2431//4296 2235//4296 2432//4296
f 2235//4297 2236//4297 2432//4297
f 2432//4298 2236//4298 2433//4298
f 2236//4299 2434//4299 2433//4299
f 2433//4300 2434//4300 2435//4300
f 2435//4301 2434//4301 2238//4301
f 2435//4302 2238//4302 2436//4302
f 2436//4303 2238//4303 2222//4303
f 2436//4304 2222//4304 2437//4304
f 2437//4305 2222//4305 2224//4305
f 2437//4306 2224//4306 2438//4306
f 2438//4307 2224//4307 2225//4307
f 2438//4308 2225//4308 2439//4308
f 2439//4309 2225//4309 2440//4309
f 2225//4310 2190//4310 2440//4310
f 2440//4311 2190//4311 2441//4311
f 2190//4312 2192//4312 2441//4312
f 2441//4313 2192//4313 2442//4313
f 2442//4314 2192//4314 2194//4314
f 2442//4315 2194//4315 2443//4315
f 2178//4316 2324//4316 2443//4316
f 2178//4317 2443//4317 2194//4317
f 2324//4318 2326//4318 2444//4318
f 2324//4319 2444//4319 2443//4319
f 2443//4320 2444//4320 2442//4320
f 2441//4321 2445//4321 2440//4321
f 2440//4322 2445//4322 2439//4322
f 2438//4323 2446//4323 2437//4323
f 2437//4324 2446//4324 2436//4324
f 2425//4325 2304//4325 2302//4325
f 2306//4326 2304//4326 2425//4326
f 2306//4327 2425//4327 2447//4327
f 2447//4328 2425//4328 2426//4328
f 2447//4329 2426//4329 2427//4329
f 2447//4330 2427//4330 2448//4330
f 2448//4331 2427//4331 2428//4331
f 2448//4332 2428//4332 2429//4332
f 2448//4333 2429//4333 2449//4333
f 2449//4334 2429//4334 2430//4334
f 2449//4335 2430//4335 2431//4335
f 2449//4336 2431//4336 2450//4336
f 2450//4337 2431//4337 2432//4337
f 2450//4338 2432//4338 2451//4338
f 2451//4339 2432//4339 2433//4339
f 2451//4340 2433//4340 2435//4340
f 2451//4341 2435//4341 2452//4341
f 2452//4342 2435//4342 2436//4342
f 2452//4343 2436//4343 2446//4343
f 2446//4344 2438//4344 2453//4344
f 2453//4345 2438//4345 2439//4345
f 2453//4346 2439//4346 2445//4346
f 2445//4347 2441//4347 2454//4347
f 2454//4348 2441//4348 2442//4348
f 2454//4349 2442//4349 2444//4349
f 2444//4350 2326//4350 2328//4350
f 2328//4351 2330//4351 2455//4351
f 2328//4352 2455//4352 2444//4352
f 2444//4353 2455//4353 2456//4353
f 2444//4354 2456//4354 2454//4354
f 2454//4355 2456//4355 2457//4355
f 2454//4356 2457//4356 2445//4356
f 2445//4357 2457//4357 2458//4357
f 2445//4358 2458//4358 2453//4358
f 2453//4359 2458//4359 2459//4359
f 2453//4360 2459//4360 2446//4360
f 2446//4361 2459//4361 2460//4361
f 2446//4362 2460//4362 2452//4362
f 2452//4363 2460//4363 2461//4363
f 2452//4364 2461//4364 2451//4364
f 2451//4365 2461//4365 2462//4365
f 2451//4366 2462//4366 2450//4366
f 2450//4367 2462//4367 2449//4367
f 2449//4368 2462//4368 2463//4368
f 2449//4369 2463//4369 2448//4369
f 2448//4370 2463//4370 2464//4370
f 2448//4371 2464//4371 2447//4371
f 2447//4372 2464//4372 2465//4372
f 2447//4373 2465//4373 2308//4373
f 2447//4374 2308//4374 2306//4374
f 2310//4375 2308//4375 2465//4375
f 2465//4376 2464//4376 2466//4376
f 2466//4377 2464//4377 2463//4377
f 2466//4378 2463//4378 2467//4378
f 2467//4379 2463//4379 2462//4379
f 2467//4380 2462//4380 2468//4380
f 2468//4381 2462//4381 2461//4381
f 2468//4382 2461//4382 2469//4382
f 2469//4383 2461//4383 2470//4383
f 2470//4384 2461//4384 2460//4384
f 2470//4385 2460//4385 2471//4385
f 2471//4386 2460//4386 2459//4386
f 2459//4387 2458//4387 2472//4387
f 2472//4388 2458//4388 2457//4388
f 2457//4389 2456//4389 2473//4389
f 2473//4390 2456//4390 2455//4390
f 2473//4391 2455//4391 2330//4391
f 2473//4392 2330//4392 2332//4392
f 2312//4393 2310//4393 2465//4393
f 2312//4394 2465//4394 2474//4394
f 2474//4395 2465//4395 2466//4395
f 2466//4396 2467//4396 2475//4396
f 2475//4397 2467//4397 2468//4397
f 2475//4398 2468//4398 2476//4398
f 2476//4399 2468//4399 2469//4399
f 2476//4400 2469//4400 2470//4400
f 2476//4401 2470//4401 2477//4401
f 2477//4402 2470//4402 2471//4402
f 2471//4403 2459//4403 2478//4403
f 2478//4404 2459//4404 2472//4404
f 2472//4405 2457//4405 2479//4405
f 2479//4406 2457//4406 2473//4406
f 2479//4407 2473//4407 2334//4407
f 2334//4408 2473//4408 2332//4408
f 2334//4409 2336//4409 2479//4409
f 2479//4410 2336//4410 2480//4410
f 2479//4411 2480//4411 2472//4411
f 2472//4412 2480//4412 2481//4412
f 2472//4413 2481//4413 2478//4413
f 2478//4414 2481//4414 2482//4414
f 2478//4415 2482//4415 2471//4415
f 2471//4416 2482//4416 2477//4416
f 2477//4417 2482//4417 2483//4417
f 2477//4418 2483//4418 2476//4418
f 2476//4419 2483//4419 2484//4419
f 2476//4420 2484//4420 2475//4420
f 2475//4421 2484//4421 2485//4421
f 2475//4422 2485//4422 2466//4422
f 2466//4423 2485//4423 2474//4423
f 2474//4424 2485//4424 2314//4424
f 2474//4425 2314//4425 2312//4425
f 2316//4426 2314//4426 2485//4426
f 2316//4427 2485//4427 2486//4427
f 2486//4428 2485//4428 2484//4428
f 2486//4429 2484//4429 2487//4429
f 2487//4430 2484//4430 2483//4430
f 2487//4431 2483//4431 2488//4431
f 2488//4432 2483//4432 2482//4432
f 2488//4433 2482//4433 2481//4433
f 2488//4434 2481//4434 2489//4434
f 2489//4435 2481//4435 2490//4435
f 2490//4436 2481//4436 2480//4436
f 2490//4437 2480//4437 2336//4437
f 2490//4438 2336//4438 2338//4438
f 2317//4439 2316//4439 2486//4439
f 2317//4440 2486//4440 2491//4440
f 2491//4441 2486//4441 2487//4441
f 2491//4442 2487//4442 2492//4442
f 2492//4443 2487//4443 2488//4443
f 2492//4444 2488//4444 2493//4444
f 2493//4445 2488//4445 2489//4445
f 2493//4446 2489//4446 2490//4446
f 2493//4447 2490//4447 2341//4447
f 2341//4448 2490//4448 2338//4448
f 2323//4449 2317//4449 2491//4449
f 2323//4450 2491//4450 2492//4450
f 2323//4451 2492//4451 2424//4451
f 2424//4452 2492//4452 2493//4452
f 2424//4453 2493//4453 2341//4453
f 2424//4454 2341//4454 2320//4454
f 2240//4455 2239//4455 2262//4455
f 2262//4456 2239//4456 2264//4456
f 2267//4457 2170//4457 2274//4457
f 2274//4458 2170//4458 2268//4458
f 2268//4459 2170//4459 2193//4459
f 2268//4460 2193//4460 2191//4460
f 2268//4461 2191//4461 2270//4461
f 2270//4462 2191//4462 2223//4462
f 2273//4463 2233//4463 2266//4463
f 2266//4464 2233//4464 2189//4464
f 2266//4465 2189//4465 2186//4465
f 2266//4466 2186//4466 2269//4466
f 2269//4467 2186//4467 2185//4467
f 2494//4468 2249//4468 2495//4468
f 2495//4469 2249//4469 2254//4469
f 2495//4470 2254//4470 2496//4470
f 2496//4471 2254//4471 2271//4471
f 2496//4472 2271//4472 2263//4472
f 2496//4473 2263//4473 2497//4473
f 2497//4474 2263//4474 2260//4474
f 2497//4475 2260//4475 2498//4475
f 2498//4476 2260//4476 2259//4476
f 2498//4477 2259//4477 2499//4477
f 2499//4478 2259//4478 2500//4478
f 2500//4479 2259//4479 2258//4479
f 2500//4480 2258//4480 2501//4480
f 2501//4481 2258//4481 2257//4481
f 2501//4482 2257//4482 2502//4482
f 2502//4483 2257//4483 2251//4483
f 2502//4484 2251//4484 2255//4484
f 2502//4485 2255//4485 2494//4485
f 2494//4486 2255//4486 2249//4486
f 2494//1587 2498//1587 2499//1587
f 2494//1587 2497//1587 2498//1587
f 2496//1587 2497//1587 2494//1587
f 2494//1587 2495//1587 2496//1587
f 2494//1587 2501//1587 2502//1587
f 2494//1587 2500//1587 2501//1587
f 2494//1587 2499//1587 2500//1587
f 2167//4487 2177//4487 2503//4487
f 2503//4488 2177//4488 2504//4488
f 2503//4489 2504//4489 2505//4489
f 2505//4490 2504//4490 2506//4490
f 2505//4491 2506//4491 2507//4491
f 2507//4492 2506//4492 2508//4492
f 2507//4493 2508//4493 2509//4493
f 2509//4494 2508//4494 2510//4494
f 2509//4495 2510//4495 2511//4495
f 2511//4496 2510//4496 2512//4496
f 2511//4497 2512//4497 2513//4497
f 2513//4498 2512//4498 2514//4498
f 2513//4499 2514//4499 2515//4499
f 2515//4500 2514//4500 2516//4500
f 2515//4501 2516//4501 2517//4501
f 2517//4502 2516//4502 2518//4502
f 2517//4503 2518//4503 2519//4503
f 2519//4504 2518//4504 2520//4504
f 2519//4505 2520//4505 2521//4505
f 2519//4506 2521//4506 2522//4506
f 2522//4507 2521//4507 2523//4507
f 2523//4508 2521//4508 2524//4508
f 2523//4509 2524//4509 2525//4509
f 2525//4510 2524//4510 2526//4510
f 2525//4511 2526//4511 2527//4511
f 2527//4512 2526//4512 2528//4512
f 2527//4513 2528//4513 2529//4513
f 2529//4514 2528//4514 2530//4514
f 2529//4515 2530//4515 2531//4515
f 2531//4516 2530//4516 2532//4516
f 2531//4517 2532//4517 2533//4517
f 2533//4518 2532//4518 2534//4518
f 2533//4519 2534//4519 2535//4519
f 2535//4520 2534//4520 2536//4520
f 2535//4521 2536//4521 2537//4521
f 2537//4522 2536//4522 2538//4522
f 2537//4523 2538//4523 2184//4523
f 2184//4524 2538//4524 2176//4524
f 2250//4525 2253//4525 2539//4525
f 2282//4526 2280//4526 2540//4526
f 2172//4527 2541//4527 2215//4527
f 2539//4528 2253//4528 2542//4528
f 2541//4529 2256//4529 2543//4529
f 2544//4530 2265//4530 2545//4530
f 2542//4531 2253//4531 2272//4531
f 2546//4532 2542//4532 2272//4532
f 2546//4533 2272//4533 2547//4533
f 2547//4534 2272//4534 2265//4534
f 2547//4535 2265//4535 2544//4535
f 2548//4536 2547//4536 2544//4536
f 2548//4537 2544//4537 2549//4537
f 2539//4538 2542//4538 2550//4538
f 2550//4539 2542//4539 2546//4539
f 2550//4540 2546//4540 2551//4540
f 2551//4541 2546//4541 2547//4541
f 2551//4542 2547//4542 2548//4542
f 2552//4543 2548//4543 2549//4543
f 2552//4544 2549//4544 2553//4544
f 2553//4545 2549//4545 2554//4545
f 2555//4546 2217//4546 2216//4546
f 2556//4547 2551//4547 2548//4547
f 2556//4548 2548//4548 2552//4548
f 2557//4549 2552//4549 2553//4549
f 2553//4550 2554//4550 2538//4550
f 2177//4551 2217//4551 2504//4551
f 2504//4552 2217//4552 2555//4552
f 2504//4553 2555//4553 2506//4553
f 2520//4554 2518//4554 2558//4554
f 2558//4555 2518//4555 2559//4555
f 2559//4556 2560//4556 2561//4556
f 2562//4557 2561//4557 2563//4557
f 2564//4558 2563//4558 2256//4558
f 2564//4559 2256//4559 2250//4559
f 2508//4560 2506//4560 2565//4560
f 2565//4561 2506//4561 2555//4561
f 2510//4562 2508//4562 2566//4562
f 2566//4563 2508//4563 2565//4563
f 2565//4564 2555//4564 2567//4564
f 2567//4565 2555//4565 2216//4565
f 2567//4566 2216//4566 2215//4566
f 2512//4567 2510//4567 2568//4567
f 2568//4568 2510//4568 2566//4568
f 2566//4569 2565//4569 2567//4569
f 2543//4570 2567//4570 2215//4570
f 2543//4571 2215//4571 2541//4571
f 2514//4572 2512//4572 2569//4572
f 2569//4573 2512//4573 2568//4573
f 2568//4574 2566//4574 2570//4574
f 2570//4575 2566//4575 2567//4575
f 2570//4576 2567//4576 2543//4576
f 2516//4577 2514//4577 2560//4577
f 2560//4578 2514//4578 2569//4578
f 2569//4579 2568//4579 2570//4579
f 2563//4580 2570//4580 2543//4580
f 2563//4581 2543//4581 2256//4581
f 2518//4582 2516//4582 2559//4582
f 2559//4583 2516//4583 2560//4583
f 2560//4584 2569//4584 2561//4584
f 2561//4585 2569//4585 2570//4585
f 2561//4586 2570//4586 2563//4586
f 2521//4587 2520//4587 2571//4587
f 2571//4588 2520//4588 2558//4588
f 2558//4589 2559//4589 2572//4589
f 2572//4590 2559//4590 2561//4590
f 2572//4591 2561//4591 2573//4591
f 2573//4592 2561//4592 2562//4592
f 2562//4593 2563//4593 2564//4593
f 2524//4594 2521//4594 2574//4594
f 2574//4595 2521//4595 2571//4595
f 2571//4596 2558//4596 2572//4596
f 2526//4597 2524//4597 2575//4597
f 2575//4598 2524//4598 2574//4598
f 2574//4599 2571//4599 2576//4599
f 2576//4600 2571//4600 2572//4600
f 2576//4601 2572//4601 2577//4601
f 2577//4602 2572//4602 2573//4602
f 2577//4603 2573//4603 2578//4603
f 2578//4604 2573//4604 2562//4604
f 2578//4605 2562//4605 2564//4605
f 2528//4606 2526//4606 2579//4606
f 2579//4607 2526//4607 2575//4607
f 2575//4608 2574//4608 2576//4608
f 2580//4609 2578//4609 2564//4609
f 2580//4610 2564//4610 2581//4610
f 2581//4611 2564//4611 2250//4611
f 2530//4612 2528//4612 2582//4612
f 2582//4613 2528//4613 2579//4613
f 2579//4614 2575//4614 2583//4614
f 2583//4615 2575//4615 2576//4615
f 2583//4616 2576//4616 2584//4616
f 2584//4617 2576//4617 2577//4617
f 2584//4618 2577//4618 2578//4618
f 2532//4619 2530//4619 2585//4619
f 2585//4620 2530//4620 2582//4620
f 2582//4621 2579//4621 2583//4621
f 2586//4622 2583//4622 2584//4622
f 2584//4623 2578//4623 2580//4623
f 2539//4624 2581//4624 2250//4624
f 2534//4625 2532//4625 2587//4625
f 2587//4626 2532//4626 2585//4626
f 2585//4627 2582//4627 2588//4627
f 2588//4628 2582//4628 2583//4628
f 2588//4629 2583//4629 2586//4629
f 2550//4630 2584//4630 2580//4630
f 2550//4631 2580//4631 2581//4631
f 2536//4632 2534//4632 2557//4632
f 2557//4633 2534//4633 2587//4633
f 2587//4634 2585//4634 2588//4634
f 2556//4635 2588//4635 2586//4635
f 2556//4636 2586//4636 2551//4636
f 2551//4637 2586//4637 2584//4637
f 2551//4638 2584//4638 2550//4638
f 2539//4639 2550//4639 2581//4639
f 2538//4640 2536//4640 2553//4640
f 2553//4641 2536//4641 2557//4641
f 2557//4642 2587//4642 2552//4642
f 2552//4643 2587//4643 2588//4643
f 2552//4644 2588//4644 2556//4644
f 2545//4645 2230//4645 2544//4645
f 2544//4646 2230//4646 2549//4646
f 2549//4647 2230//4647 2174//4647
f 2549//4648 2174//4648 2554//4648
f 2554//4649 2174//4649 2176//4649
f 2554//4650 2176//4650 2538//4650
f 2545//4651 2231//4651 2230//4651
f 2226//4652 2179//4652 2589//4652
f 2540//4653 2280//4653 2590//4653
f 2591//4654 2294//4654 2592//4654
f 2593//4655 2291//4655 2589//4655
f 2590//4656 2280//4656 2295//4656
f 2594//4657 2590//4657 2295//4657
f 2594//4658 2295//4658 2595//4658
f 2595//4659 2295//4659 2291//4659
f 2595//4660 2291//4660 2593//4660
f 2596//4661 2595//4661 2593//4661
f 2596//4662 2593//4662 2597//4662
f 2540//4663 2590//4663 2598//4663
f 2598//4664 2590//4664 2594//4664
f 2598//4665 2594//4665 2599//4665
f 2599//4666 2594//4666 2595//4666
f 2599//4667 2595//4667 2596//4667
f 2600//4668 2596//4668 2597//4668
f 2600//4669 2597//4669 2601//4669
f 2601//4670 2597//4670 2602//4670
f 2603//4671 2183//4671 2181//4671
f 2604//4672 2599//4672 2596//4672
f 2604//4673 2596//4673 2600//4673
f 2605//4674 2600//4674 2601//4674
f 2601//4675 2602//4675 2503//4675
f 2184//4676 2183//4676 2537//4676
f 2537//4677 2183//4677 2603//4677
f 2537//4678 2603//4678 2535//4678
f 2522//4679 2523//4679 2606//4679
f 2606//4680 2523//4680 2607//4680
f 2607//4681 2608//4681 2609//4681
f 2610//4682 2609//4682 2611//4682
f 2612//4683 2611//4683 2294//4683
f 2612//4684 2294//4684 2282//4684
f 2533//4685 2535//4685 2613//4685
f 2613//4686 2535//4686 2603//4686
f 2531//4687 2533//4687 2614//4687
f 2614//4688 2533//4688 2613//4688
f 2613//4689 2603//4689 2615//4689
f 2615//4690 2603//4690 2181//4690
f 2615//4691 2181//4691 2180//4691
f 2529//4692 2531//4692 2616//4692
f 2616//4693 2531//4693 2614//4693
f 2614//4694 2613//4694 2615//4694
f 2592//4695 2615//4695 2180//4695
f 2592//4696 2180//4696 2591//4696
f 2527//4697 2529//4697 2617//4697
f 2617//4698 2529//4698 2616//4698
f 2616//4699 2614//4699 2618//4699
f 2618//4700 2614//4700 2615//4700
f 2618//4701 2615//4701 2592//4701
f 2525//4702 2527//4702 2608//4702
f 2608//4703 2527//4703 2617//4703
f 2617//4704 2616//4704 2618//4704
f 2611//4705 2618//4705 2592//4705
f 2611//4706 2592//4706 2294//4706
f 2523//4707 2525//4707 2607//4707
f 2607//4708 2525//4708 2608//4708
f 2608//4709 2617//4709 2609//4709
f 2609//4710 2617//4710 2618//4710
f 2609//4711 2618//4711 2611//4711
f 2519//4712 2522//4712 2619//4712
f 2619//4713 2522//4713 2606//4713
f 2606//4714 2607//4714 2620//4714
f 2620//4715 2607//4715 2609//4715
f 2620//4716 2609//4716 2621//4716
f 2621//4717 2609//4717 2610//4717
f 2610//4718 2611//4718 2612//4718
f 2517//4719 2519//4719 2622//4719
f 2622//4720 2519//4720 2619//4720
f 2619//4721 2606//4721 2620//4721
f 2515//4722 2517//4722 2623//4722
f 2623//4723 2517//4723 2622//4723
f 2622//4724 2619//4724 2624//4724
f 2624//4725 2619//4725 2620//4725
f 2624//4726 2620//4726 2625//4726
f 2625//4727 2620//4727 2621//4727
f 2625//4728 2621//4728 2626//4728
f 2626//4729 2621//4729 2610//4729
f 2626//4730 2610//4730 2612//4730
f 2513//4731 2515//4731 2627//4731
f 2627//4732 2515//4732 2623//4732
f 2623//4733 2622//4733 2624//4733
f 2628//4734 2626//4734 2612//4734
f 2628//4735 2612//4735 2629//4735
f 2629//4736 2612//4736 2282//4736
f 2511//4737 2513//4737 2630//4737
f 2630//4738 2513//4738 2627//4738
f 2627//4739 2623//4739 2631//4739
f 2631//4740 2623//4740 2624//4740
f 2631//4741 2624//4741 2632//4741
f 2632//4742 2624//4742 2625//4742
f 2632//4743 2625//4743 2626//4743
f 2509//4744 2511//4744 2633//4744
f 2633//4745 2511//4745 2630//4745
f 2630//4746 2627//4746 2631//4746
f 2634//4747 2631//4747 2632//4747
f 2632//4748 2626//4748 2628//4748
f 2540//4749 2629//4749 2282//4749
f 2507//4750 2509//4750 2635//4750
f 2635//4751 2509//4751 2633//4751
f 2633//4752 2630//4752 2636//4752
f 2636//4753 2630//4753 2631//4753
f 2636//4754 2631//4754 2634//4754
f 2598//4755 2632//4755 2628//4755
f 2598//4756 2628//4756 2629//4756
f 2505//4757 2507//4757 2605//4757
f 2605//4758 2507//4758 2635//4758
f 2635//4759 2633//4759 2636//4759
f 2604//4760 2636//4760 2634//4760
f 2604//4761 2634//4761 2599//4761
f 2599//4762 2634//4762 2632//4762
f 2599//4763 2632//4763 2598//4763
f 2540//4764 2598//4764 2629//4764
f 2503//4765 2505//4765 2601//4765
f 2601//4766 2505//4766 2605//4766
f 2605//4767 2635//4767 2600//4767
f 2600//4768 2635//4768 2636//4768
f 2600//4769 2636//4769 2604//4769
f 2589//4770 2179//4770 2593//4770
f 2593//4771 2179//4771 2597//4771
f 2597//4772 2179//4772 2168//4772
f 2597//4773 2168//4773 2602//4773
f 2602//4774 2168//4774 2167//4774
f 2602//4775 2167//4775 2503//4775
f 2591//4776 2180//4776 2242//4776
f 2159//4777 2161//4777 2545//4777
f 2545//4778 2161//4778 2231//4778
f 2265//4779 2159//4779 2545//4779
f 2226//4780 2589//4780 2247//4780
f 2226//4781 2247//4781 2243//4781
f 2291//4782 2247//4782 2589//4782
f 2171//4783 2246//4783 2541//4783
f 2171//4784 2541//4784 2172//4784
f 2256//4785 2541//4785 2246//4785
f 2591//4786 2242//4786 2164//4786
f 2164//4787 2242//4787 2166//4787
f 2294//4788 2591//4788 2164//4788
f 2245//4789 2173//4789 2267//4789
f 2267//4790 2173//4790 2170//4790
f 2270//4791 2223//4791 2240//4791
f 2270//4792 2240//4792 2262//4792
f 2264//4793 2239//4793 2233//4793
f 2264//4794 2233//4794 2273//4794
f 2269//4795 2185//4795 2160//4795
f 2160//4796 2185//4796 2162//4796
f 2163//4797 2165//4797 2297//4797
f 2297//4798 2165//4798 2221//4798
f 2299//4799 2209//4799 2208//4799
f 2299//4800 2208//4800 2284//4800
f 2278//4801 2241//4801 2204//4801
f 2278//4802 2204//4802 2287//4802
f 2292//4803 2218//4803 2248//4803
f 2248//4804 2218//4804 2244//4804
# Vertices: 2636, normals: 4804, texture coordinates: 0, faces: 5477

